// Generated by tools/genfonts.py -- do not edit by hand.
// Source Code Pro, ASCII + Latin-1 supplement, zlib compressed.
#pragma once
#include "epd_driver.h"

const uint8_t UiMicroBitmaps[8447] PROGMEM = {
    0x78, 0x9C, 0x03, 0x00, 0x00, 0x00, 0x00, 0x01, 0x78, 0x9C, 0xDB, 0xC0, 0xB7, 0x81, 0x6F, 0x01,
    0xEF, 0x04, 0x9E, 0x09, 0x3C, 0x0D, 0xDC, 0x05, 0x5C, 0x0C, 0x0C, 0x07, 0xF4, 0x3E, 0xE7, 0x1F,
    0xD0, 0x03, 0x00, 0x54, 0xD3, 0x07, 0xA5, 0x78, 0x9C, 0xFB, 0xCF, 0xF4, 0x8F, 0xF9, 0x3F, 0xE3,
    0x3F, 0xA6, 0x7F, 0x0C, 0x7F, 0x19, 0xDF, 0x30, 0xFC, 0x66, 0x38, 0xC5, 0x70, 0x93, 0x61, 0x05,
    0xC3, 0x76, 0x06, 0x00, 0x96, 0x53, 0x0A, 0xE8, 0x78, 0x9C, 0x01, 0x2C, 0x00, 0xD3, 0xFF, 0x00,
    0xA6, 0x30, 0x0D, 0x00, 0x88, 0x50, 0x0B, 0x00, 0x6A, 0x60, 0x09, 0xF4, 0xFF, 0xFF, 0xDF, 0x00,
    0x4E, 0xB1, 0x26, 0x00, 0x0F, 0xD0, 0x03, 0x10, 0x8F, 0xF8, 0x49, 0xF9, 0x9E, 0xFA, 0x59, 0x50,
    0x0B, 0xD2, 0x00, 0x70, 0x09, 0xB4, 0x00, 0x90, 0x07, 0x96, 0x00, 0x6F, 0x9E, 0x10, 0xC3, 0x78,
    0x9C, 0x63, 0x48, 0xE0, 0x61, 0x60, 0x00, 0x62, 0x85, 0xDF, 0xEF, 0x25, 0x1F, 0xC8, 0x38, 0x48,
    0x7F, 0xE4, 0x60, 0x60, 0xD8, 0xB0, 0x9E, 0x85, 0x81, 0xE1, 0xDA, 0x7B, 0x36, 0x06, 0x86, 0xCD,
    0xF5, 0x0C, 0x0C, 0x0C, 0xFB, 0x9F, 0x88, 0x05, 0xE4, 0x37, 0xFE, 0x39, 0xCF, 0xC6, 0x00, 0x55,
    0x0B, 0x00, 0x94, 0x76, 0x0F, 0x4E, 0x78, 0x9C, 0x9B, 0xF0, 0x8E, 0x95, 0x21, 0xF2, 0xA9, 0xA3,
    0x7C, 0x82, 0xFD, 0x0E, 0x06, 0xFB, 0xC7, 0xCC, 0x40, 0x96, 0x35, 0xC3, 0x04, 0xA0, 0x18, 0x14,
    0x1C, 0x34, 0xF8, 0x2B, 0x2D, 0x90, 0x7B, 0x81, 0xBD, 0xFB, 0x22, 0xE7, 0x07, 0xA6, 0xED, 0x9B,
    0x19, 0x2E, 0x88, 0xF7, 0x30, 0x30, 0x18, 0xFC, 0xE5, 0x02, 0x00, 0x03, 0xE9, 0x12, 0x69, 0x78,
    0x9C, 0x01, 0x37, 0x00, 0xC8, 0xFF, 0x00, 0xC2, 0xBF, 0x01, 0x00, 0x00, 0xAD, 0xC0, 0x09, 0x00,
    0x00, 0x5F, 0xB0, 0x0A, 0x00, 0x00, 0x8F, 0xF5, 0x04, 0x00, 0x00, 0xF9, 0x5F, 0x00, 0x22, 0x10,
    0xFC, 0x0A, 0x00, 0x8F, 0xD0, 0x8E, 0x6F, 0x50, 0x2F, 0xF4, 0x06, 0xF9, 0xD8, 0x0B, 0xF4, 0x05,
    0x80, 0xFF, 0x03, 0xE0, 0x2C, 0x91, 0xFF, 0x6E, 0x20, 0xEA, 0xBF, 0x23, 0x8A, 0x0C, 0xBD, 0x15,
    0xD6, 0x78, 0x9C, 0xFB, 0xCF, 0xF4, 0x9F, 0xE9, 0x2F, 0xE3, 0x6F, 0x86, 0x9B, 0x0C, 0x3B, 0x18,
    0x00, 0x28, 0xC3, 0x05, 0x8D, 0x78, 0x9C, 0x63, 0x08, 0xE0, 0x66, 0xF8, 0xCA, 0xA6, 0xD0, 0xCF,
    0xB0, 0x80, 0x97, 0xE1, 0x23, 0x1B, 0xC3, 0x57, 0x46, 0x86, 0xEF, 0x0C, 0x0C, 0x2F, 0x18, 0x40,
    0x24, 0x90, 0x0D, 0x14, 0x01, 0x8A, 0x03, 0x65, 0x81, 0x6A, 0x18, 0x02, 0xB8, 0x01, 0x1E, 0x08,
    0x0C, 0x15, 0x78, 0x9C, 0xEB, 0x60, 0x60, 0xF8, 0xCC, 0xC1, 0x10, 0xE0, 0xCF, 0xC0, 0x70, 0x0B,
    0xC8, 0x62, 0x61, 0x78, 0xC0, 0xC1, 0x70, 0x80, 0x8B, 0x61, 0x03, 0x0F, 0x88, 0x04, 0xB2, 0x81,
    0x22, 0xB7, 0x40, 0xB2, 0x40, 0x35, 0x1D, 0x0C, 0x0C, 0x00, 0x18, 0x24, 0x0C, 0x07, 0x78, 0x9C,
    0x63, 0x50, 0x60, 0x66, 0x60, 0x48, 0xE0, 0x64, 0x60, 0x28, 0xE0, 0x62, 0xB8, 0xBE, 0xA2, 0x66,
    0x8D, 0xC2, 0x8F, 0xF5, 0x2C, 0x0C, 0xCF, 0xD7, 0x30, 0x28, 0xD8, 0x3F, 0x64, 0x29, 0x60, 0x77,
    0xE0, 0x02, 0x00, 0x81, 0x1D, 0x09, 0x11, 0x78, 0x9C, 0x63, 0x50, 0x60, 0x66, 0x60, 0x68, 0xE0,
    0x81, 0xE3, 0x5F, 0xFF, 0xFF, 0xDF, 0x47, 0xE6, 0x33, 0x00, 0xE5, 0x01, 0x8A, 0x92, 0x07, 0x66,
    0x78, 0x9C, 0x3B, 0xE0, 0xF7, 0x65, 0xFF, 0x81, 0xFB, 0x0C, 0xBB, 0x14, 0xF2, 0x9F, 0x72, 0x85,
    0x30, 0x00, 0x00, 0x3D, 0xDB, 0x06, 0xED, 0x78, 0x9C, 0xFB, 0xF5, 0xFF, 0xFF, 0x7D, 0x00, 0x09,
    0xC6, 0x03, 0xD8, 0x78, 0x9C, 0xBB, 0x68, 0xF7, 0x6D, 0xFE, 0x45, 0x3B, 0x00, 0x0D, 0xB7, 0x03,
    0xB4, 0x78, 0x9C, 0x05, 0xC1, 0xD1, 0x09, 0x40, 0x40, 0x00, 0x00, 0xD0, 0x27, 0x49, 0xD2, 0xC5,
    0x06, 0x67, 0x13, 0x36, 0x61, 0x03, 0x37, 0x91, 0x0C, 0xE2, 0xE3, 0x46, 0x30, 0x86, 0x4F, 0x51,
    0xBE, 0xBD, 0x47, 0xBF, 0xB2, 0x44, 0x72, 0xCB, 0x53, 0x71, 0x61, 0x63, 0x1A, 0xD9, 0x03, 0x77,
    0xCD, 0x57, 0x70, 0x30, 0xCC, 0xA4, 0x8E, 0xB3, 0xE1, 0x2D, 0xF9, 0x01, 0x45, 0x01, 0x0A, 0xEA,
    0x78, 0x9C, 0x13, 0x78, 0xB5, 0x9F, 0x89, 0xE1, 0x82, 0xCE, 0x42, 0x39, 0x86, 0x6F, 0x4C, 0x0C,
    0xF3, 0x18, 0x6E, 0x31, 0x00, 0xD1, 0x1E, 0x05, 0xE6, 0x1F, 0x0C, 0x7B, 0x1F, 0xE8, 0x7F, 0x67,
    0xD8, 0xB3, 0x41, 0xF6, 0x07, 0x44, 0xEC, 0x2B, 0x13, 0x43, 0x3F, 0xC3, 0x01, 0x90, 0x3A, 0x01,
    0x90, 0x0E, 0x00, 0x49, 0x87, 0x14, 0x7C, 0x78, 0x9C, 0x53, 0x38, 0x16, 0xCF, 0xC0, 0xB0, 0xE1,
    0x1F, 0x90, 0x60, 0x08, 0x20, 0x8E, 0xF8, 0xF6, 0xFF, 0xFF, 0x7F, 0x46, 0x00, 0x45, 0x1D, 0x0C,
    0xBF, 0x78, 0x9C, 0x6B, 0xFC, 0x3B, 0x97, 0xF1, 0x26, 0xF3, 0x63, 0x1E, 0x06, 0x86, 0x04, 0x7D,
    0x06, 0x06, 0x07, 0x7F, 0x06, 0x86, 0x06, 0x20, 0xFD, 0x89, 0x9B, 0x81, 0xE1, 0x0D, 0x23, 0xC3,
    0x06, 0x7B, 0x06, 0x86, 0xDF, 0x2C, 0x0C, 0x07, 0x80, 0xA2, 0xBF, 0xFF, 0xFF, 0x7F, 0x0F, 0x00,
    0x26, 0x83, 0x0E, 0x84, 0x78, 0x9C, 0x13, 0xB8, 0xF1, 0x5E, 0x8B, 0xC1, 0xC1, 0x57, 0xE1, 0x0D,
    0x13, 0x03, 0x03, 0xC3, 0x17, 0x76, 0x20, 0xF1, 0x8D, 0x95, 0x81, 0x21, 0x71, 0x1F, 0x03, 0xC3,
    0x84, 0xFF, 0xD2, 0x40, 0x9E, 0xE3, 0x1B, 0x66, 0x20, 0xF9, 0x81, 0x1B, 0x48, 0x3C, 0xE0, 0x39,
    0x60, 0x2D, 0xF0, 0x93, 0xD5, 0xE0, 0xD5, 0x7B, 0x6F, 0x06, 0x00, 0xA7, 0xEA, 0x0F, 0xD0, 0x78,
    0x9C, 0x63, 0x60, 0x68, 0xD8, 0xCF, 0xC0, 0xC0, 0x70, 0x65, 0x2F, 0x03, 0x83, 0x80, 0x1F, 0x90,
    0xD8, 0xC0, 0x05, 0x24, 0x9E, 0x31, 0xEE, 0x65, 0x50, 0xC8, 0x67, 0xD8, 0xCB, 0x70, 0x81, 0x1B,
    0x48, 0x7C, 0xFD, 0xFF, 0xFF, 0x7F, 0x3C, 0x50, 0x0D, 0x50, 0x02, 0x4E, 0x00, 0x00, 0xD1, 0x02,
    0x10, 0x73, 0x78, 0x9C, 0x63, 0xF8, 0xF7, 0xFF, 0x3F, 0x1B, 0xC3, 0x7C, 0x06, 0x20, 0xA8, 0x07,
    0x62, 0x81, 0x7C, 0x20, 0xA1, 0x70, 0xFF, 0x5F, 0x0C, 0x83, 0x40, 0x96, 0xE2, 0x2F, 0x56, 0x20,
    0xE7, 0x03, 0x0F, 0x90, 0xB8, 0xC0, 0x07, 0x24, 0x3E, 0x72, 0x1F, 0xD0, 0x52, 0xF8, 0xCD, 0x64,
    0xF0, 0xEA, 0xBD, 0x16, 0x03, 0x00, 0xAA, 0x96, 0x0F, 0xA3, 0x78, 0x9C, 0x63, 0x38, 0xFA, 0x3E,
    0x9A, 0xA1, 0x20, 0x5F, 0x30, 0x82, 0xE1, 0x23, 0x3B, 0x03, 0x03, 0xC3, 0x77, 0x46, 0x20, 0xF1,
    0x6A, 0xD1, 0x7B, 0x0E, 0x86, 0xD7, 0xD6, 0x0E, 0xF3, 0x19, 0x7E, 0x33, 0x32, 0xFC, 0x04, 0x42,
    0xA0, 0xF0, 0x17, 0x56, 0x86, 0x57, 0x0C, 0x1B, 0xFC, 0x12, 0xF2, 0x19, 0x18, 0x5E, 0x9C, 0x67,
    0x65, 0x00, 0x00, 0x0F, 0x24, 0x13, 0x22, 0x78, 0x9C, 0xFB, 0xFB, 0xFF, 0xFF, 0x7F, 0x06, 0x06,
    0x06, 0x85, 0x7C, 0x20, 0x71, 0x80, 0x0B, 0x48, 0x7C, 0x63, 0x04, 0x12, 0x73, 0x81, 0x38, 0xC0,
    0x1E, 0x48, 0x4C, 0xE0, 0x07, 0x12, 0x0F, 0x78, 0x80, 0xC4, 0x47, 0x4E, 0x20, 0xF1, 0x99, 0x03,
    0x48, 0x7C, 0x61, 0x67, 0x60, 0x00, 0x00, 0x94, 0xC5, 0x0B, 0xF2, 0x78, 0x9C, 0x53, 0x78, 0xB5,
    0x9F, 0x99, 0xE1, 0x81, 0x4E, 0x83, 0x3E, 0xC3, 0x67, 0x56, 0x86, 0x3A, 0x86, 0x8F, 0x1C, 0x0C,
    0xFD, 0x0C, 0x06, 0xF3, 0x26, 0xF9, 0x33, 0x14, 0xFC, 0xFF, 0xCF, 0xCE, 0xF0, 0x4D, 0xF2, 0x9A,
    0x14, 0xC3, 0x19, 0x06, 0x20, 0xDA, 0xC3, 0xC0, 0xF0, 0x93, 0xE1, 0xAB, 0xB8, 0xC3, 0x3E, 0x06,
    0x87, 0xD7, 0xF7, 0x39, 0x18, 0x00, 0x2D, 0x5D, 0x14, 0x12, 0x78, 0x9C, 0x01, 0x2C, 0x00, 0xD3,
    0xFF, 0x30, 0xFC, 0x9E, 0x01, 0xF3, 0x18, 0xD2, 0x0D, 0xDB, 0x00, 0x20, 0x7F, 0xBE, 0x00, 0x00,
    0xCD, 0xCC, 0x00, 0x00, 0xEC, 0xF6, 0x06, 0xA2, 0xFD, 0x70, 0xFD, 0x3C, 0xDB, 0x00, 0x00, 0x00,
    0xAE, 0x00, 0x00, 0x40, 0x4F, 0x93, 0x02, 0xE4, 0x0A, 0xB3, 0xFE, 0x7D, 0x00, 0xAE, 0xEF, 0x12,
    0x80, 0x78, 0x9C, 0xBB, 0x68, 0xF7, 0x6D, 0xFE, 0x45, 0x3B, 0x06, 0x30, 0xB8, 0x08, 0x66, 0x03,
    0x00, 0x47, 0xD8, 0x07, 0x67, 0x78, 0x9C, 0xBB, 0x68, 0xF7, 0x6D, 0xFE, 0x45, 0x3B, 0x06, 0x30,
    0x38, 0xE0, 0xF7, 0x65, 0xFF, 0x81, 0xFB, 0x0C, 0xBB, 0x14, 0xF2, 0x9F, 0x72, 0x85, 0x30, 0x00,
    0x00, 0x95, 0x94, 0x0A, 0xA0, 0x78, 0x9C, 0x63, 0x60, 0x48, 0x60, 0x63, 0x50, 0x58, 0xC3, 0xC8,
    0xF0, 0x82, 0x95, 0xE1, 0x89, 0x34, 0x03, 0xC3, 0x79, 0x06, 0x06, 0x30, 0x0D, 0xE2, 0x33, 0x18,
    0x00, 0xC5, 0x81, 0xF2, 0x00, 0x86, 0xE4, 0x07, 0x1E, 0x78, 0x9C, 0xFB, 0xF5, 0xFF, 0xFF, 0x7D,
    0x06, 0x24, 0xF0, 0x0B, 0xC8, 0x07, 0x00, 0x51, 0x08, 0x07, 0xAF, 0x78, 0x9C, 0x6B, 0x66, 0x60,
    0x60, 0x68, 0xF0, 0x05, 0x12, 0x97, 0xA5, 0x80, 0xC4, 0x4F, 0x36, 0x06, 0x86, 0x09, 0xFA, 0x60,
    0x1A, 0xC8, 0x07, 0x89, 0x37, 0x03, 0x45, 0x01, 0x88, 0x13, 0x07, 0x38, 0x78, 0x9C, 0x0B, 0xF8,
    0xB3, 0x8F, 0x69, 0x01, 0xFB, 0x21, 0x3E, 0x06, 0x86, 0x02, 0x7D, 0x06, 0x86, 0x8B, 0xBC, 0x0C,
    0x02, 0x6F, 0x98, 0x18, 0x16, 0xE8, 0x31, 0x30, 0x7C, 0xE0, 0x60, 0x00, 0x83, 0x47, 0x3C, 0x0C,
    0x0C, 0xDF, 0xF5, 0xC1, 0x34, 0x00, 0x12, 0xEB, 0x0A, 0xC7, 0x78, 0x9C, 0x63, 0x48, 0xF8, 0xD3,
    0xC7, 0xC0, 0x70, 0x8B, 0xE5, 0x10, 0x67, 0x80, 0x3E, 0x83, 0x80, 0xFC, 0x01, 0x0E, 0x06, 0x06,
    0xDB, 0x0F, 0xCC, 0x0E, 0x37, 0xFD, 0x3F, 0x31, 0xDC, 0x56, 0xF3, 0xFF, 0x6C, 0xA0, 0xCF, 0xE0,
    0xFF, 0x49, 0x20, 0x7E, 0x82, 0xFF, 0x07, 0xE6, 0x67, 0x79, 0xDE, 0x1B, 0x80, 0xB2, 0x0C, 0x0E,
    0xFA, 0x40, 0x82, 0xE1, 0x05, 0x4B, 0x22, 0x0B, 0x43, 0xC0, 0x9F, 0x7D, 0xCC, 0x00, 0xC4, 0x9D,
    0x14, 0xDC, 0x78, 0x9C, 0x01, 0x37, 0x00, 0xC8, 0xFF, 0x00, 0x10, 0xFF, 0x04, 0x00, 0x00, 0x60,
    0xEF, 0x09, 0x00, 0x00, 0xB0, 0x9B, 0x0E, 0x00, 0x00, 0xF1, 0x57, 0x4F, 0x00, 0x00, 0xF6, 0x13,
    0x9F, 0x00, 0x00, 0xFB, 0x00, 0xEC, 0x00, 0x10, 0xAF, 0x00, 0xF8, 0x04, 0x60, 0xFF, 0xFF, 0xFF,
    0x09, 0xB0, 0x0F, 0x00, 0xD0, 0x0E, 0xF1, 0x0A, 0x00, 0x80, 0x4F, 0xF6, 0x05, 0x00, 0x30, 0x9F,
    0xED, 0xFC, 0x13, 0x3D, 0x78, 0x9C, 0xFB, 0xFE, 0xFF, 0x1C, 0x1B, 0xC3, 0x77, 0x96, 0xC6, 0x7C,
    0x20, 0xC1, 0xB0, 0x1F, 0x44, 0xAC, 0x07, 0x12, 0x13, 0xED, 0x19, 0xBE, 0xFF, 0xFF, 0xCF, 0x0E,
    0x64, 0x39, 0x9C, 0x05, 0x89, 0x7D, 0x63, 0x81, 0x12, 0x0E, 0xF7, 0x80, 0x12, 0xF7, 0x25, 0x18,
    0x00, 0x9F, 0xCD, 0x17, 0xD9, 0x78, 0x9C, 0x63, 0xD8, 0xF2, 0xBF, 0x96, 0xA1, 0xA0, 0x9E, 0x71,
    0x19, 0xC3, 0x67, 0x4E, 0x06, 0x06, 0x86, 0x5F, 0x8C, 0x40, 0xE2, 0x2D, 0x10, 0x33, 0xDC, 0x03,
    0x11, 0xFF, 0x40, 0xC4, 0x2F, 0x26, 0x20, 0xF1, 0x05, 0x24, 0xDB, 0xD0, 0xCF, 0xF8, 0x94, 0x89,
    0xE1, 0x28, 0x50, 0x07, 0x00, 0xA1, 0xDA, 0x0E, 0xB8, 0x78, 0x9C, 0xFB, 0xF9, 0x7F, 0x1E, 0x13,
    0xC3, 0x4F, 0xC6, 0xC3, 0xF6, 0x40, 0x42, 0xE0, 0x1E, 0x90, 0x60, 0xF8, 0xC1, 0x0C, 0x24, 0xBE,
    0xB2, 0x01, 0x89, 0x2F, 0x20, 0xE2, 0x2B, 0x2B, 0x90, 0xF8, 0xC9, 0x04, 0x94, 0x3D, 0x07, 0x94,
    0xBD, 0x62, 0xC7, 0xF0, 0x13, 0xA4, 0x03, 0x00, 0x8D, 0x33, 0x16, 0xC0, 0x78, 0x9C, 0xFB, 0xF4,
    0xFF, 0xFF, 0x7D, 0x86, 0x4F, 0x1C, 0x0C, 0x0C, 0x18, 0xC4, 0xFF, 0xFF, 0xFC, 0xB8, 0x24, 0xFE,
    0x33, 0x00, 0x00, 0x1A, 0xBD, 0x12, 0x8E, 0x78, 0x9C, 0xFB, 0xFB, 0xFF, 0xBF, 0xFC, 0x5D, 0x06,
    0x06, 0x06, 0x64, 0xFC, 0xF7, 0xFF, 0x7F, 0x56, 0x74, 0x31, 0x10, 0x06, 0x00, 0x73, 0x81, 0x0D,
    0xE0, 0x78, 0x9C, 0x63, 0x48, 0xF8, 0x73, 0x9E, 0x95, 0xE1, 0x37, 0xEB, 0x44, 0xF6, 0x84, 0x7C,
    0x06, 0x06, 0x86, 0x0B, 0x7C, 0x40, 0xE2, 0x03, 0x37, 0x90, 0xF8, 0xC8, 0x05, 0x22, 0xB8, 0x0B,
    0xFE, 0xEB, 0x03, 0xC5, 0x0A, 0xF4, 0x0B, 0xE2, 0x81, 0x04, 0xC3, 0x6B, 0xD6, 0x85, 0xF2, 0x0C,
    0x05, 0x7F, 0xF7, 0xB3, 0x00, 0x00, 0xC5, 0xB1, 0x10, 0xD1, 0x78, 0x9C, 0xFB, 0xCD, 0xC0, 0xF0,
    0xE6, 0x37, 0x3A, 0xFE, 0xFF, 0xFF, 0x3D, 0x86, 0x18, 0x10, 0x03, 0x00, 0x05, 0x28, 0x16, 0xEF,
    0x78, 0x9C, 0xFB, 0xFE, 0xFF, 0xFF, 0x7A, 0x86, 0x03, 0xFC, 0x0C, 0x84, 0xF0, 0x77, 0xA0, 0x3A,
    0x00, 0x4B, 0xC1, 0x0E, 0x90, 0x78, 0x9C, 0x3B, 0xF0, 0xFF, 0x7F, 0x3D, 0x03, 0x83, 0x01, 0x4E,
    0xAC, 0xC0, 0x10, 0xE0, 0xFF, 0x9C, 0xF5, 0x12, 0x5F, 0xC3, 0xDF, 0x75, 0x4C, 0x00, 0x1D, 0x77,
    0x0C, 0xBF, 0x78, 0x9C, 0xFB, 0xCE, 0xC2, 0xF0, 0x87, 0xE9, 0x3B, 0xCB, 0x04, 0x7F, 0x86, 0xEF,
    0x2C, 0xDF, 0xD9, 0x19, 0xBE, 0xBB, 0xAC, 0x67, 0x60, 0xF8, 0xFE, 0xCC, 0x1E, 0x48, 0xBC, 0x3F,
    0x07, 0x24, 0xEC, 0xBF, 0xB3, 0x32, 0x7C, 0x67, 0xBB, 0xC0, 0x07, 0x94, 0x0D, 0xA8, 0x07, 0x12,
    0x0C, 0x7F, 0x18, 0x81, 0xC4, 0x67, 0x2E, 0x00, 0x85, 0x2E, 0x16, 0x4E, 0x78, 0x9C, 0xBB, 0xCB,
    0xC0, 0xC0, 0x70, 0x97, 0x08, 0xFC, 0xF7, 0xFF, 0x7F, 0x7B, 0x00, 0xE9, 0xCE, 0x0B, 0xDD, 0x78,
    0x9C, 0xFB, 0xCB, 0x22, 0xF0, 0x9F, 0xE1, 0x2F, 0x67, 0xC2, 0x7F, 0x86, 0xBB, 0x7C, 0x1B, 0xFE,
    0x30, 0xAC, 0xF5, 0xFF, 0xF8, 0x93, 0x61, 0xED, 0x9C, 0x67, 0xDF, 0x19, 0xD6, 0x5E, 0xEB, 0x02,
    0x12, 0x1F, 0xF5, 0x7F, 0x30, 0xEC, 0x5D, 0xC0, 0x03, 0x24, 0x18, 0x18, 0x90, 0x09, 0x00, 0x17,
    0xAA, 0x1A, 0x62, 0x78, 0x9C, 0xFB, 0xC5, 0xC6, 0xF0, 0xE6, 0x17, 0x2F, 0xC3, 0x9B, 0x5B, 0xF9,
    0x40, 0x7C, 0x8B, 0xE1, 0xCD, 0xAB, 0x4F, 0x6C, 0x6F, 0x7E, 0x2D, 0xE0, 0x7D, 0xF3, 0x4B, 0x21,
    0xFE, 0xF5, 0x2F, 0x86, 0x5B, 0xAF, 0x7E, 0x31, 0x7C, 0x7E, 0xFB, 0x8B, 0x61, 0xC1, 0xFB, 0x5F,
    0x0C, 0x06, 0xEF, 0x01, 0x45, 0x86, 0x1A, 0xB4, 0x78, 0x9C, 0x63, 0x58, 0xF4, 0xCF, 0x9A, 0x41,
    0xE0, 0x9C, 0xE0, 0x4F, 0xE6, 0x05, 0xF2, 0x0C, 0x0F, 0x78, 0x3F, 0x70, 0x33, 0x34, 0xD8, 0x7F,
    0xE2, 0x64, 0x48, 0x88, 0xFF, 0xCC, 0xC1, 0x10, 0x90, 0x0F, 0x66, 0x7D, 0xE0, 0x61, 0x68, 0xD0,
    0x07, 0xCB, 0x82, 0xD5, 0x31, 0x80, 0x74, 0x00, 0x00, 0x27, 0xBE, 0x13, 0x78, 0x78, 0x9C, 0xFB,
    0xF6, 0xFF, 0xBE, 0x04, 0xC3, 0x37, 0xD6, 0xC0, 0xF3, 0x40, 0x82, 0xE1, 0x07, 0x13, 0x90, 0xF8,
    0xC6, 0x02, 0x24, 0x7E, 0x02, 0x59, 0x81, 0xF3, 0x19, 0xBE, 0xFD, 0xBF, 0xCF, 0x06, 0x92, 0x60,
    0x40, 0x27, 0x00, 0x92, 0xC0, 0x13, 0x99, 0x78, 0x9C, 0x63, 0x58, 0xF4, 0xCF, 0x9A, 0x41, 0xE0,
    0x9C, 0xE0, 0x4F, 0xE6, 0x09, 0xF2, 0x0C, 0x0F, 0x78, 0x3E, 0xF0, 0x30, 0x34, 0xE8, 0x7F, 0xE2,
    0x64, 0x48, 0x88, 0xFF, 0xC4, 0xC1, 0x10, 0x90, 0xFF, 0x11, 0xC8, 0xF2, 0xFF, 0xC0, 0x0D, 0x14,
    0x5B, 0x20, 0xCF, 0x70, 0x81, 0x07, 0xA4, 0x8E, 0x85, 0x61, 0xD3, 0x7F, 0x5F, 0x06, 0x06, 0x86,
    0xEF, 0x2C, 0x40, 0xE2, 0x82, 0x2D, 0x90, 0x10, 0x78, 0x99, 0x0F, 0x00, 0x5A, 0x42, 0x16, 0xC8,
    0x78, 0x9C, 0xFB, 0xFE, 0xFF, 0x3E, 0x3B, 0xC3, 0x77, 0x96, 0xC4, 0xF9, 0x40, 0x82, 0xE1, 0x17,
    0x88, 0xF8, 0xC9, 0x08, 0x24, 0x7E, 0x03, 0x59, 0x85, 0xFD, 0x0C, 0xDF, 0xFF, 0xFF, 0x07, 0xC9,
    0xFE, 0x64, 0x06, 0x12, 0x0F, 0x79, 0x81, 0x44, 0x40, 0x3F, 0x48, 0xC9, 0x6F, 0x66, 0x00, 0xB4,
    0xC2, 0x17, 0x62, 0x78, 0x9C, 0x13, 0x78, 0x79, 0xDF, 0x8A, 0xE1, 0xA2, 0x8E, 0x41, 0x34, 0xC3,
    0x57, 0x56, 0x06, 0x06, 0x86, 0x2F, 0xDC, 0x40, 0xE2, 0xC0, 0x7B, 0x71, 0x20, 0xF9, 0xFC, 0x3F,
    0x27, 0x90, 0x3C, 0xBA, 0x1F, 0x48, 0x30, 0xFC, 0x61, 0x12, 0x60, 0x60, 0xF8, 0xC9, 0xF8, 0x52,
    0xCC, 0x61, 0x1D, 0x43, 0xE3, 0xDF, 0xF3, 0x6C, 0x0C, 0x00, 0xDA, 0xA7, 0x11, 0x15, 0x78, 0x9C,
    0xFB, 0xFA, 0xFF, 0xFF, 0xFF, 0x7E, 0x06, 0x86, 0x3F, 0x0C, 0x0C, 0x24, 0x11, 0x00, 0xEA, 0xCB,
    0x0E, 0x5A, 0x78, 0x9C, 0xFB, 0xCD, 0xC0, 0xF0, 0xFA, 0x37, 0x0E, 0xFC, 0x8B, 0x81, 0xE1, 0xCE,
    0x77, 0x66, 0x86, 0x75, 0x0F, 0x75, 0x26, 0xDA, 0x2B, 0xBC, 0x3E, 0xC7, 0x02, 0x00, 0xD4, 0x91,
    0x14, 0x83, 0x78, 0x9C, 0x01, 0x37, 0x00, 0xC8, 0xFF, 0xF4, 0x08, 0x00, 0x40, 0x7F, 0xE0, 0x0D,
    0x00, 0x90, 0x2F, 0x90, 0x2F, 0x00, 0xE0, 0x0D, 0x40, 0x7F, 0x00, 0xF3, 0x07, 0x00, 0xCF, 0x00,
    0xF7, 0x02, 0x00, 0xFA, 0x01, 0xDC, 0x00, 0x00, 0xF5, 0x15, 0x8F, 0x00, 0x00, 0xF0, 0x6A, 0x3F,
    0x00, 0x00, 0xB0, 0xBE, 0x0E, 0x00, 0x00, 0x50, 0xFF, 0x09, 0x00, 0x00, 0x10, 0xFF, 0x04, 0x00,
    0x0A, 0x9A, 0x11, 0x85, 0x78, 0x9C, 0x01, 0x42, 0x00, 0xBD, 0xFF, 0xFC, 0x00, 0x00, 0x00, 0xFC,
    0x00, 0xFA, 0x02, 0x00, 0x00, 0xDD, 0x00, 0xF7, 0x04, 0x21, 0x00, 0xBF, 0x00, 0xF5, 0x05, 0xFB,
    0x01, 0x9F, 0x00, 0xF2, 0x07, 0xFF, 0x25, 0x6F, 0x00, 0xF0, 0x39, 0xCF, 0x39, 0x4F, 0x00, 0xE0,
    0x7A, 0x8C, 0x5C, 0x2F, 0x00, 0xB0, 0xBC, 0x58, 0x8F, 0x0F, 0x00, 0x90, 0xED, 0x15, 0xBF, 0x0D,
    0x00, 0x70, 0xFF, 0x01, 0xFD, 0x0B, 0x00, 0x40, 0xDF, 0x00, 0xF9, 0x09, 0x00, 0x44, 0x64, 0x19,
    0x18, 0x78, 0x9C, 0x01, 0x37, 0x00, 0xC8, 0xFF, 0xB0, 0x2F, 0x00, 0xD0, 0x0E, 0x20, 0xAF, 0x00,
    0xF6, 0x06, 0x00, 0xF9, 0x03, 0xCE, 0x00, 0x00, 0xE1, 0x6C, 0x3F, 0x00, 0x00, 0x60, 0xFF, 0x0A,
    0x00, 0x00, 0x10, 0xFF, 0x04, 0x00, 0x00, 0x90, 0xEE, 0x0C, 0x00, 0x00, 0xF3, 0x67, 0x5F, 0x00,
    0x00, 0xEC, 0x00, 0xED, 0x00, 0x50, 0x6F, 0x00, 0xF4, 0x08, 0xE0, 0x0D, 0x00, 0xB0, 0x2F, 0xF8,
    0x13, 0x11, 0xFE, 0x78, 0x9C, 0xFB, 0xC4, 0xC9, 0x10, 0x90, 0xBF, 0x40, 0x9E, 0xE1, 0x02, 0xAF,
    0xC2, 0x7C, 0x86, 0x2F, 0xAC, 0x0C, 0xBF, 0x18, 0xEF, 0x30, 0x30, 0x7C, 0xF2, 0x88, 0x67, 0x60,
    0x98, 0x70, 0x9E, 0x87, 0x81, 0x41, 0xE0, 0x3F, 0x0B, 0x03, 0x03, 0xC3, 0x1F, 0x06, 0x74, 0x02,
    0x00, 0xD9, 0xAA, 0x0E, 0xED, 0x78, 0x9C, 0xFB, 0xF6, 0xFF, 0xFF, 0x7F, 0x46, 0x06, 0x06, 0x87,
    0x7E, 0x06, 0x06, 0x86, 0x07, 0xBC, 0x40, 0xE2, 0x27, 0x0B, 0x03, 0x83, 0xC1, 0x7A, 0x20, 0xE3,
    0x80, 0x1C, 0x90, 0xF8, 0xCE, 0xCA, 0xC0, 0xA0, 0xB0, 0x1F, 0xC8, 0xD8, 0xA0, 0x0F, 0x24, 0xBE,
    0xB2, 0x03, 0x89, 0xBF, 0x40, 0x1D, 0xCC, 0x00, 0xCA, 0x1E, 0x10, 0x1E, 0x78, 0x9C, 0xFB, 0xF2,
    0xBF, 0xFF, 0x0B, 0x03, 0x03, 0x51, 0xE8, 0x7F, 0x3F, 0x00, 0x9D, 0xC2, 0x11, 0x69, 0x78, 0x9C,
    0xFB, 0xCC, 0xCC, 0xC0, 0x70, 0x81, 0x93, 0x81, 0xA1, 0x80, 0x9F, 0x81, 0x41, 0x21, 0x9E, 0x81,
    0x81, 0x61, 0x0F, 0x10, 0x7F, 0x63, 0x64, 0x60, 0xF8, 0xC0, 0xCE, 0xC0, 0xB0, 0x80, 0x97, 0x81,
    0xC1, 0xC1, 0x1E, 0x28, 0x30, 0x0F, 0x88, 0x5F, 0x00, 0xF1, 0x27, 0x56, 0x06, 0x86, 0x03, 0xDC,
    0x0C, 0x0C, 0x09, 0xF2, 0x0C, 0x0C, 0x02, 0xF5, 0x00, 0x5A, 0x49, 0x0A, 0xFA, 0x78, 0x9C, 0xFB,
    0xF2, 0xBF, 0x9E, 0x81, 0xA1, 0x96, 0x18, 0xF4, 0xE5, 0x7F, 0x3D, 0x00, 0xFD, 0x39, 0x0B, 0x3E,
    0x78, 0x9C, 0x63, 0x38, 0xC0, 0xCF, 0xC0, 0xF0, 0x29, 0x8E, 0x81, 0xE1, 0xC4, 0x4E, 0x06, 0x86,
    0xBC, 0xCF, 0x8C, 0x0E, 0xF2, 0x0F, 0xD8, 0x17, 0x70, 0x37, 0xF0, 0x7E, 0x64, 0x33, 0xB0, 0x07,
    0x00, 0x7D, 0xAE, 0x08, 0xE7, 0x78, 0x9C, 0xFB, 0xFF, 0xFF, 0xFF, 0x7F, 0x66, 0x00, 0x0D, 0xFA,
    0x04, 0x00, 0x78, 0x9C, 0x5B, 0xC0, 0xCC, 0xF0, 0x48, 0x8E, 0x41, 0xE1, 0x1C, 0x03, 0xC3, 0x26,
    0x06, 0x00, 0x16, 0xB9, 0x03, 0x44, 0x78, 0x9C, 0x01, 0x20, 0x00, 0xDF, 0xFF, 0x71, 0xEC, 0xDF,
    0x06, 0xB1, 0x15, 0x81, 0x5F, 0x00, 0x00, 0x00, 0xBE, 0x10, 0xA6, 0xFD, 0xDF, 0xE3, 0x6D, 0x13,
    0xDD, 0xFA, 0x01, 0x00, 0xDD, 0xF8, 0x04, 0xA2, 0xDF, 0x90, 0xFE, 0x4B, 0xD9, 0xFA, 0x63, 0x10,
    0x80, 0x78, 0x9C, 0xFB, 0xC1, 0xC4, 0xC0, 0xC0, 0xF0, 0x03, 0x8D, 0xD8, 0xF2, 0x9E, 0x83, 0xE1,
    0x87, 0x4D, 0xC2, 0x7C, 0x10, 0xF7, 0x37, 0x88, 0xF8, 0xC1, 0x0C, 0x24, 0x7E, 0x82, 0x88, 0x37,
    0x0C, 0x3F, 0xB4, 0x1B, 0xE3, 0x19, 0x5E, 0x1C, 0xB9, 0xCF, 0xCA, 0x00, 0x00, 0x3E, 0x14, 0x15,
    0x18, 0x78, 0x9C, 0x63, 0x38, 0xF6, 0x3E, 0x87, 0x61, 0x43, 0xBE, 0x60, 0x19, 0xC3, 0x37, 0x76,
    0x06, 0x06, 0x86, 0x5F, 0x8C, 0x30, 0xE2, 0x1B, 0x1B, 0x90, 0x38, 0x90, 0xCF, 0xB8, 0x8D, 0x81,
    0xE1, 0x3A, 0x50, 0x09, 0x00, 0xF9, 0x0B, 0x0B, 0xCF, 0x78, 0x9C, 0x63, 0x60, 0x60, 0xF8, 0xC0,
    0xCD, 0x80, 0x46, 0x1C, 0xBE, 0xFF, 0x8C, 0xDB, 0x60, 0xBF, 0xD0, 0x0F, 0xEE, 0x03, 0xF2, 0x40,
    0xEE, 0x07, 0x1E, 0x10, 0xC1, 0x0D, 0x24, 0x0E, 0xF0, 0x01, 0x89, 0x80, 0xF9, 0x82, 0xBF, 0xB8,
    0x19, 0xAE, 0xDE, 0xDF, 0xC2, 0x0D, 0x00, 0x1C, 0xAF, 0x14, 0x8C, 0x78, 0x9C, 0x13, 0x78, 0x79,
    0x9F, 0x9D, 0xE1, 0x82, 0xB6, 0xC3, 0x3C, 0x86, 0x9F, 0x8C, 0x0C, 0xDF, 0x19, 0xFF, 0xFE, 0xFF,
    0xFF, 0x9F, 0xE9, 0x2D, 0x03, 0x10, 0xFC, 0x64, 0x06, 0x12, 0x0F, 0xE3, 0x04, 0xC2, 0x18, 0x04,
    0x5E, 0xBC, 0x8F, 0x66, 0x00, 0x00, 0x53, 0x2F, 0x0F, 0x77, 0x78, 0x9C, 0x63, 0x60, 0xB8, 0xFE,
    0x9E, 0x83, 0xA1, 0x20, 0x5E, 0x80, 0x89, 0xE1, 0x02, 0x0F, 0x03, 0x03, 0xC3, 0x07, 0x2E, 0x06,
    0x86, 0x2F, 0xFF, 0xFF, 0xFF, 0x87, 0xB0, 0xF0, 0x13, 0x00, 0x05, 0x40, 0x0F, 0x4D, 0x78, 0x9C,
    0x33, 0x78, 0xFD, 0xFF, 0x3F, 0xE7, 0x43, 0xE9, 0x43, 0xBC, 0x0C, 0xDF, 0x98, 0x13, 0xF4, 0x19,
    0x3E, 0xB3, 0x2F, 0xE0, 0x63, 0x98, 0x70, 0xFF, 0x2D, 0x0B, 0xC3, 0x27, 0x63, 0x66, 0x06, 0x86,
    0xCF, 0x2C, 0x0C, 0x0C, 0x0C, 0x07, 0xFF, 0xFF, 0xDF, 0xC7, 0x74, 0x1A, 0xC8, 0xE1, 0xBC, 0xCD,
    0xAC, 0xF0, 0x93, 0x75, 0xE2, 0xDF, 0xFB, 0x56, 0x0C, 0x00, 0x80, 0x96, 0x16, 0x86, 0x78, 0x9C,
    0xFB, 0xC1, 0xC4, 0xC0, 0xF0, 0x03, 0x19, 0x4F, 0xFA, 0x27, 0xF5, 0xC3, 0xC7, 0x61, 0xFE, 0x0F,
    0x16, 0x86, 0x3B, 0x40, 0xFE, 0x6F, 0x74, 0x0C, 0x00, 0xBF, 0x2B, 0x14, 0x4F, 0x78, 0x9C, 0x63,
    0x50, 0xB8, 0xC7, 0xC0, 0x00, 0xC2, 0x50, 0xF0, 0xE3, 0xFF, 0x7B, 0x20, 0xF9, 0x06, 0x27, 0x06,
    0x00, 0x0C, 0x0A, 0x0B, 0x57, 0x78, 0x9C, 0x63, 0x60, 0x78, 0xC4, 0xCB, 0x00, 0xC6, 0x10, 0xD0,
    0xF0, 0xFF, 0x3F, 0x1F, 0x03, 0xC3, 0x01, 0x3C, 0xF8, 0x02, 0x8F, 0x03, 0xE3, 0x57, 0xB6, 0x0D,
    0xFF, 0x7A, 0x19, 0x00, 0x7E, 0xFF, 0x0E, 0x60, 0x78, 0x9C, 0xFB, 0xCA, 0xCA, 0xC0, 0xC0, 0xF0,
    0x15, 0x9D, 0x50, 0x38, 0xC7, 0xF8, 0x95, 0xF5, 0x11, 0x37, 0xC3, 0x57, 0xD3, 0x75, 0x40, 0xEE,
    0xCF, 0x7E, 0x20, 0xB1, 0xFE, 0x27, 0x0B, 0xC3, 0x57, 0xAE, 0x0B, 0x72, 0x20, 0xD9, 0xFD, 0x20,
    0x75, 0xDF, 0xD8, 0x01, 0x2D, 0x25, 0x14, 0x6C, 0x78, 0x9C, 0xFB, 0xFB, 0x9F, 0x9B, 0x81, 0x81,
    0xE1, 0x03, 0x91, 0xC4, 0x03, 0x10, 0xB1, 0xC0, 0xDE, 0x80, 0x81, 0x41, 0xE0, 0xD7, 0x79, 0x06,
    0x00, 0xB1, 0x51, 0x0D, 0xB3, 0x78, 0x9C, 0xFB, 0x78, 0x2D, 0xFE, 0x3B, 0xCF, 0x47, 0xD9, 0x57,
    0x6E, 0xF9, 0x1F, 0x39, 0x7E, 0x08, 0xF4, 0xE3, 0x24, 0x00, 0xC5, 0xD6, 0x15, 0x37, 0x78, 0x9C,
    0x7B, 0x31, 0xE1, 0x9F, 0xD4, 0x8F, 0x18, 0x87, 0xF9, 0x3F, 0x58, 0x18, 0xEE, 0xFC, 0x60, 0x62,
    0xF8, 0x8D, 0x8E, 0x01, 0x1A, 0x85, 0x10, 0x65, 0x78, 0x9C, 0x63, 0x58, 0xF4, 0xDF, 0x86, 0x41,
    0x61, 0xBF, 0xD0, 0x0F, 0xD6, 0x03, 0xFC, 0x0C, 0x07, 0xF8, 0x3E, 0xF0, 0x30, 0x34, 0xD8, 0x83,
    0x09, 0x30, 0x57, 0x61, 0xBD, 0xE0, 0x0F, 0x56, 0x06, 0x90, 0x12, 0x00, 0x28, 0x42, 0x0E, 0x36,
    0x78, 0x9C, 0x7B, 0xB1, 0xE9, 0x3D, 0x07, 0xC3, 0x0F, 0x9B, 0x84, 0xF9, 0x0C, 0x3F, 0x98, 0x18,
    0x7E, 0x83, 0x88, 0x1F, 0xCC, 0x40, 0xE2, 0x27, 0x88, 0x78, 0xC3, 0xF0, 0x43, 0xAB, 0x31, 0x9E,
    0xE1, 0xC7, 0xB1, 0xFB, 0xAC, 0x20, 0x09, 0x06, 0x24, 0x02, 0x00, 0x8D, 0x7C, 0x14, 0x1D, 0x78,
    0x9C, 0x63, 0x38, 0xFC, 0x7E, 0x1B, 0xB7, 0xC1, 0x7E, 0xA1, 0x9F, 0xDC, 0x07, 0xE4, 0x19, 0x3E,
    0x70, 0x7F, 0xE0, 0x01, 0x11, 0xDC, 0x40, 0xE2, 0x00, 0x1F, 0x90, 0x08, 0x98, 0x2F, 0xF8, 0x8B,
    0x9B, 0xE1, 0xEA, 0xFD, 0x27, 0xDC, 0x0C, 0x0C, 0x40, 0x2E, 0x82, 0x00, 0x00, 0x65, 0x6A, 0x13,
    0xA2, 0x78, 0x9C, 0x3B, 0x55, 0xF0, 0x97, 0xEF, 0x56, 0x35, 0x23, 0xD3, 0x2F, 0x56, 0x06, 0x86,
    0x5F, 0x0C, 0x98, 0x18, 0x00, 0xBD, 0xC4, 0x09, 0x7F, 0x78, 0x9C, 0x73, 0x78, 0x7D, 0x5F, 0x93,
    0xE1, 0x93, 0xA4, 0xA3, 0x16, 0xC3, 0x17, 0x4E, 0x06, 0x06, 0x86, 0x09, 0xFF, 0xAB, 0x99, 0x18,
    0x18, 0x12, 0x5F, 0xD5, 0x03, 0xD9, 0x0C, 0x7F, 0x19, 0x4E, 0x88, 0x18, 0xEC, 0x63, 0x68, 0xFA,
    0x7B, 0x9F, 0x83, 0x01, 0x00, 0x1A, 0x35, 0x0D, 0xAA, 0x78, 0x9C, 0x63, 0xF8, 0xC6, 0x00, 0x04,
    0xDF, 0x41, 0xC4, 0x0F, 0x20, 0xFE, 0xFB, 0xFF, 0xFF, 0x7F, 0x06, 0x86, 0x5F, 0x20, 0x2E, 0x1A,
    0xF1, 0x83, 0x09, 0x48, 0x7C, 0x96, 0x32, 0x60, 0x60, 0x08, 0xF8, 0x7B, 0x9F, 0x09, 0x00, 0xAC,
    0xF7, 0x0F, 0x2D, 0x78, 0x9C, 0x7B, 0xC3, 0xC0, 0xB0, 0xFE, 0x0D, 0x1A, 0xFE, 0xCD, 0x20, 0xB0,
    0xFE, 0x3B, 0xFB, 0xE1, 0x75, 0x13, 0xFE, 0x69, 0xAD, 0x01, 0x00, 0xDF, 0x2D, 0x0E, 0x95, 0x78,
    0x9C, 0xFB, 0xC0, 0xC5, 0x90, 0x60, 0x3F, 0x41, 0x9E, 0xE1, 0x00, 0x8F, 0x42, 0x3D, 0xC3, 0x67,
    0x36, 0x86, 0xD7, 0x0C, 0x2F, 0x19, 0x18, 0xBE, 0xB0, 0xF4, 0x33, 0x30, 0x5C, 0x88, 0xD2, 0x67,
    0x60, 0x28, 0x38, 0xCF, 0xCD, 0xC0, 0x20, 0xF0, 0x9F, 0x85, 0x01, 0x00, 0x01, 0xAC, 0x0B, 0xBE,
    0x78, 0x9C, 0x01, 0x30, 0x00, 0xCF, 0xFF, 0xEC, 0x00, 0x53, 0x00, 0xF9, 0x00, 0xF9, 0x01, 0xFC,
    0x01, 0xCC, 0x00, 0xF5, 0x04, 0xDF, 0x05, 0x9F, 0x00, 0xF2, 0x47, 0xAD, 0x29, 0x5F, 0x00, 0xE0,
    0x8A, 0x7A, 0x5C, 0x2F, 0x00, 0xB0, 0xBD, 0x37, 0x8F, 0x0F, 0x00, 0x80, 0xEF, 0x03, 0xEF, 0x0B,
    0x00, 0x40, 0xFF, 0x00, 0xFC, 0x08, 0x00, 0xEE, 0xC1, 0x13, 0x46, 0x78, 0x9C, 0x2B, 0xC8, 0x67,
    0xF8, 0xC4, 0xC5, 0xF0, 0x9B, 0xE9, 0x0D, 0x03, 0xC3, 0xC3, 0x1A, 0x7B, 0x06, 0x06, 0x83, 0xFF,
    0xEC, 0x0C, 0x0C, 0x09, 0x20, 0xE2, 0x73, 0x87, 0x3F, 0x03, 0xC3, 0x59, 0x86, 0x37, 0x4C, 0x0B,
    0xF4, 0x19, 0x1E, 0xF2, 0x00, 0x00, 0x14, 0x99, 0x0D, 0x3E, 0x78, 0x9C, 0x7B, 0xC0, 0xC5, 0x10,
    0x60, 0x5F, 0xA0, 0xCF, 0x70, 0x80, 0x87, 0x61, 0x1E, 0xC3, 0x27, 0x36, 0x86, 0x6F, 0x8C, 0x2F,
    0x19, 0x18, 0x1E, 0x70, 0xF4, 0x31, 0x30, 0x24, 0xC4, 0xC9, 0x33, 0x30, 0x30, 0xBC, 0xE5, 0x02,
    0x12, 0x3F, 0x98, 0x81, 0xC4, 0x59, 0x20, 0x9E, 0x60, 0xCF, 0xC0, 0xB0, 0xE0, 0x3C, 0x0B, 0x03,
    0x03, 0x00, 0xA7, 0x4D, 0x0D, 0xAF, 0x78, 0x9C, 0xFB, 0xFC, 0xFF, 0xFF, 0x7D, 0x06, 0x06, 0x86,
    0x0B, 0xFA, 0x40, 0xE2, 0x37, 0x0B, 0x03, 0x43, 0x43, 0x3D, 0x90, 0xF1, 0x95, 0x8B, 0x81, 0xC1,
    0xE0, 0x3C, 0x90, 0xF1, 0x50, 0x0E, 0x24, 0xFC, 0xFF, 0xFF, 0x7F, 0x46, 0x00, 0x1F, 0xD2, 0x0D,
    0xC4, 0x78, 0x9C, 0x63, 0x10, 0x78, 0xD5, 0xCF, 0x30, 0x41, 0x8F, 0x81, 0x61, 0x03, 0x17, 0x10,
    0x73, 0x33, 0x30, 0x2C, 0x00, 0xE2, 0x09, 0x40, 0xFC, 0x84, 0x83, 0xE1, 0xC3, 0x7E, 0x06, 0x30,
    0x0D, 0xE6, 0x83, 0xC4, 0x41, 0xF2, 0x20, 0x75, 0x20, 0xF5, 0x02, 0xAF, 0xFB, 0x01, 0xA0, 0x40,
    0x0D, 0x8D, 0x78, 0x9C, 0xBB, 0x75, 0x0B, 0x0D, 0x00, 0x00, 0x82, 0x5B, 0x0E, 0x7B, 0x78, 0x9C,
    0xFB, 0x72, 0x8E, 0x99, 0x81, 0xE1, 0x20, 0x0F, 0x03, 0x43, 0x01, 0x1F, 0x04, 0x37, 0xF0, 0x42,
    0x70, 0x40, 0x3C, 0x03, 0x03, 0xC3, 0x4F, 0x7B, 0x30, 0xDD, 0xC0, 0x03, 0x11, 0x83, 0xA9, 0x01,
    0xAA, 0xFF, 0x72, 0x9E, 0x99, 0x01, 0x00, 0x70, 0x3B, 0x0B, 0xE7, 0x78, 0x9C, 0x63, 0x60, 0x00,
    0x82, 0x86, 0xF5, 0x0C, 0x9B, 0x19, 0xAE, 0x4E, 0x94, 0xEE, 0x62, 0xC8, 0x60, 0xF8, 0xC1, 0xCD,
    0x00, 0x06, 0x00, 0x4B, 0x56, 0x05, 0x59, 0x78, 0x9C, 0x03, 0x00, 0x00, 0x00, 0x00, 0x01, 0x78,
    0x9C, 0x3B, 0xA0, 0xF7, 0x39, 0xFF, 0x80, 0x1E, 0x03, 0x43, 0x01, 0x57, 0x03, 0xF7, 0x04, 0x9E,
    0x09, 0x3C, 0x0B, 0x78, 0x37, 0xF0, 0x6D, 0xE0, 0x03, 0x00, 0x60, 0x77, 0x07, 0xA5, 0x78, 0x9C,
    0x63, 0x60, 0x88, 0x62, 0x60, 0x00, 0xE1, 0xCD, 0xFF, 0x75, 0x1C, 0xFA, 0xB3, 0xD9, 0x2E, 0xF0,
    0x44, 0x31, 0x7C, 0xE0, 0x88, 0x62, 0xF8, 0x08, 0xC4, 0x0F, 0x80, 0xEC, 0x80, 0xFE, 0x6C, 0x35,
    0x86, 0xA3, 0xFF, 0x6D, 0x18, 0xA0, 0xEA, 0x00, 0x40, 0xB5, 0x0D, 0x18, 0x78, 0x9C, 0x63, 0xD8,
    0xFC, 0x2F, 0x86, 0x41, 0x61, 0xBD, 0x60, 0x1B, 0x43, 0x83, 0x3C, 0x03, 0x03, 0x84, 0x70, 0xF0,
    0x07, 0x12, 0xBF, 0xFE, 0xFF, 0xE7, 0x64, 0x60, 0x38, 0x05, 0x64, 0x31, 0x9C, 0x06, 0x11, 0xF3,
    0x80, 0x78, 0x82, 0x1C, 0x90, 0xF8, 0xF9, 0xFF, 0xFF, 0x7F, 0x46, 0x00, 0x8E, 0xD0, 0x0F, 0x1A,
    0x78, 0x9C, 0x9B, 0xC0, 0xCC, 0x20, 0x20, 0x35, 0x61, 0xFE, 0xBB, 0x9B, 0x3C, 0x0C, 0x6F, 0x85,
    0xFE, 0x30, 0x2A, 0xE4, 0x33, 0x7C, 0x66, 0x75, 0xF0, 0x67, 0xF8, 0xC8, 0x0E, 0x66, 0x31, 0xDC,
    0x05, 0x8A, 0x4D, 0x98, 0xFF, 0xEF, 0x16, 0xF7, 0x04, 0x90, 0x3A, 0x00, 0x73, 0x46, 0x10, 0x0C,
    0x78, 0x9C, 0x7B, 0xC0, 0xC3, 0xD0, 0xA0, 0x9F, 0xE0, 0xCF, 0xF0, 0x91, 0x93, 0xE1, 0x0C, 0xC3,
    0x0B, 0x46, 0x86, 0x2F, 0x22, 0xF5, 0x0C, 0x0C, 0x1B, 0x7A, 0x78, 0x19, 0x12, 0x56, 0xFC, 0xEF,
    0x66, 0x4F, 0xE8, 0xF8, 0xD7, 0x81, 0x44, 0x30, 0x30, 0xFC, 0x61, 0x60, 0x00, 0x13, 0x00, 0x30,
    0x0D, 0x13, 0xBA, 0x78, 0x9C, 0xBB, 0x75, 0x0B, 0x0C, 0x52, 0x18, 0x52, 0x20, 0x8C, 0x5B, 0x00,
    0x72, 0x65, 0x0C, 0xB5, 0x78, 0x9C, 0x01, 0x34, 0x00, 0xCB, 0xFF, 0x00, 0xE8, 0xCF, 0x06, 0x50,
    0x3F, 0x61, 0x05, 0x80, 0x3F, 0x00, 0x00, 0x40, 0xFF, 0x18, 0x00, 0xB0, 0xCC, 0xFF, 0x06, 0xF6,
    0x00, 0xC4, 0x5F, 0xF7, 0x02, 0x00, 0xAD, 0xF2, 0x6E, 0x00, 0xAD, 0x30, 0xFD, 0xCE, 0x2E, 0x00,
    0x60, 0xFE, 0x06, 0x00, 0x00, 0xE1, 0x0A, 0x90, 0x15, 0xF2, 0x07, 0x70, 0xFC, 0x8E, 0x00, 0x22,
    0x5A, 0x15, 0x26, 0x78, 0x9C, 0xFB, 0x2E, 0x3C, 0xEF, 0xBB, 0xF0, 0x3A, 0x00, 0x0C, 0x60, 0x03,
    0x61, 0x78, 0x9C, 0x63, 0x58, 0xF4, 0xCF, 0x9B, 0xC1, 0x20, 0x96, 0xF1, 0x0A, 0xDB, 0x05, 0xE6,
    0x60, 0x41, 0xB9, 0x2D, 0x1B, 0xD6, 0xF2, 0x54, 0xA4, 0x7F, 0x65, 0x64, 0x58, 0x1C, 0x71, 0x82,
    0x81, 0x61, 0x53, 0xFA, 0x53, 0x06, 0x86, 0xC5, 0x9B, 0x0F, 0xCC, 0xE1, 0xC9, 0xB8, 0xC0, 0x9C,
    0x2A, 0x24, 0x67, 0x90, 0xC7, 0x78, 0x85, 0x95, 0x01, 0xA4, 0x03, 0x00, 0x3D, 0xDB, 0x14, 0x4D,
    0x78, 0x9C, 0x6B, 0xF8, 0x2B, 0x1D, 0x20, 0x58, 0x6B, 0xF0, 0x6A, 0xFD, 0x47, 0xF5, 0x95, 0x9F,
    0x15, 0xD7, 0x2E, 0x38, 0xDF, 0x01, 0x00, 0x56, 0x0B, 0x09, 0xB9, 0x78, 0x9C, 0x63, 0xC8, 0x64,
    0xA8, 0x98, 0x20, 0xD7, 0xA0, 0xFF, 0x83, 0xE5, 0x3B, 0xEB, 0x1E, 0x86, 0xD3, 0x0C, 0x20, 0x1A,
    0xC4, 0x67, 0x00, 0x8A, 0x03, 0x00, 0x92, 0xBC, 0x09, 0xF4, 0x78, 0x9C, 0xFB, 0xF5, 0xFF, 0xFF,
    0x7D, 0x06, 0x06, 0x86, 0xEB, 0x48, 0xD8, 0x08, 0x00, 0x5E, 0x25, 0x06, 0x8F, 0x78, 0x9C, 0xFB,
    0xF5, 0xFF, 0xFF, 0x7D, 0x00, 0x09, 0xC6, 0x03, 0xD8, 0x78, 0x9C, 0x63, 0x78, 0x3E, 0x9F, 0xA1,
    0x41, 0xB3, 0x90, 0xFB, 0xC0, 0xA4, 0x30, 0xAD, 0x89, 0x9F, 0xEC, 0xDD, 0x0F, 0x4C, 0x0A, 0xD7,
    0x6A, 0x90, 0x2C, 0xE4, 0x66, 0x78, 0x31, 0x8F, 0x01, 0x00, 0xA3, 0x88, 0x0A, 0xF5, 0x78, 0x9C,
    0xFB, 0xFC, 0x3F, 0x1F, 0x00, 0x05, 0x49, 0x02, 0x62, 0x78, 0x9C, 0x33, 0x78, 0xCB, 0xF6, 0x40,
    0x45, 0xEE, 0x21, 0x83, 0xD7, 0x03, 0x65, 0x39, 0x87, 0xB7, 0x6C, 0x00, 0x30, 0x51, 0x05, 0xC5,
    0x78, 0x9C, 0x63, 0x68, 0xE0, 0x61, 0x60, 0x80, 0xE2, 0x5F, 0xFF, 0xFF, 0xDF, 0x67, 0x40, 0xE2,
    0x83, 0x00, 0x48, 0x0C, 0x00, 0xAB, 0xA4, 0x0A, 0xF7, 0x78, 0x9C, 0x5B, 0xF0, 0x9E, 0x7D, 0x8A,
    0xA3, 0x3E, 0x03, 0x83, 0x3F, 0x43, 0x02, 0x1F, 0xC3, 0x53, 0xE6, 0x04, 0x3B, 0x86, 0x2F, 0xFF,
    0xD7, 0x03, 0x00, 0x4A, 0xFA, 0x07, 0x80, 0x78, 0x9C, 0x6B, 0x78, 0xC7, 0xD9, 0x68, 0xE8, 0xCF,
    0xE0, 0x60, 0xCF, 0xF0, 0x87, 0x93, 0x41, 0xA1, 0x76, 0xA9, 0x60, 0xEF, 0xC2, 0x77, 0x5C, 0x00,
    0x4F, 0x97, 0x07, 0x76, 0x78, 0x9C, 0x63, 0xD8, 0xC8, 0xC8, 0xF0, 0x87, 0x65, 0x42, 0x3C, 0xC3,
    0x02, 0x56, 0x06, 0x00, 0x16, 0xD2, 0x03, 0x47, 0x78, 0x9C, 0xFB, 0xC5, 0x20, 0x30, 0x9F, 0xE1,
    0x17, 0x83, 0x40, 0x3F, 0x2A, 0x51, 0xCF, 0xF0, 0x8B, 0xD1, 0x00, 0x48, 0x70, 0x1C, 0xEE, 0x63,
    0x78, 0xF5, 0x5B, 0xE7, 0x07, 0xDB, 0x2B, 0x06, 0x20, 0xF8, 0x05, 0x27, 0x00, 0x1C, 0x33, 0x11,
    0xE8, 0x78, 0x9C, 0x73, 0x78, 0x6D, 0x5B, 0xFF, 0xE5, 0xBF, 0x6D, 0xFD, 0x6F, 0x20, 0xFE, 0x0B,
    0xC4, 0x7F, 0x80, 0xF8, 0x1B, 0x10, 0x4F, 0x00, 0x62, 0x86, 0x20, 0xD3, 0x7A, 0x06, 0x06, 0x03,
    0x0C, 0x0C, 0x00, 0xE1, 0x8A, 0x16, 0x29, 0x78, 0x9C, 0xBB, 0x68, 0xF7, 0x6D, 0xFE, 0x45, 0x3B,
    0x00, 0x0D, 0xB7, 0x03, 0xB4, 0x78, 0x9C, 0x6B, 0x60, 0x7F, 0x20, 0xAB, 0x50, 0x67, 0x10, 0x77,
    0x83, 0x1D, 0x00, 0x13, 0xDB, 0x03, 0x90, 0x78, 0x9C, 0x2B, 0xF8, 0xC3, 0xCA, 0xC0, 0xF0, 0x01,
    0x15, 0x7F, 0xFC, 0xFF, 0x9F, 0x19, 0x00, 0x5C, 0x1C, 0x08, 0x38, 0x78, 0x9C, 0x6B, 0x78, 0xC7,
    0xF9, 0x54, 0xA8, 0x67, 0x27, 0xC3, 0x09, 0x20, 0xD9, 0xF0, 0x8E, 0x13, 0x00, 0x3D, 0x48, 0x07,
    0x76, 0x78, 0x9C, 0xDB, 0xCC, 0xB0, 0x99, 0xE1, 0x02, 0xF7, 0x01, 0x1E, 0x85, 0xFD, 0x0A, 0xE7,
    0x18, 0x7E, 0x30, 0x7C, 0x57, 0xD8, 0x2F, 0x70, 0x0E, 0xC4, 0xDF, 0x0C, 0x14, 0x07, 0x00, 0xA8,
    0xD3, 0x0B, 0x94, 0x78, 0x9C, 0x9B, 0x70, 0x8E, 0x81, 0x21, 0x92, 0xE1, 0x04, 0x43, 0x82, 0x3D,
    0x90, 0x78, 0xCC, 0x0C, 0x24, 0xAC, 0x19, 0x80, 0x04, 0x0C, 0x1C, 0x64, 0x98, 0xCA, 0x20, 0x90,
    0xCB, 0xE0, 0xCB, 0x75, 0x91, 0xB3, 0x40, 0x93, 0x7F, 0x33, 0xC3, 0x85, 0xFF, 0xF7, 0x81, 0xA2,
    0x0A, 0xFC, 0x00, 0x86, 0x3F, 0x0D, 0xD4, 0x78, 0x9C, 0x9B, 0x70, 0x8E, 0x81, 0x21, 0x92, 0xE1,
    0x04, 0x43, 0x82, 0x3D, 0x90, 0x78, 0xCC, 0x0C, 0x24, 0xAC, 0x19, 0x80, 0x04, 0x0C, 0x1C, 0x34,
    0xF8, 0xCB, 0x2D, 0x90, 0x6B, 0xA0, 0x12, 0x7F, 0x91, 0x93, 0xC1, 0x40, 0x6E, 0x33, 0x03, 0xC3,
    0x55, 0x26, 0x06, 0x86, 0x82, 0xFF, 0xF3, 0x01, 0x8C, 0x70, 0x0E, 0x81, 0x78, 0x9C, 0xDB, 0x78,
    0x9F, 0x99, 0x61, 0x09, 0x43, 0xC0, 0x45, 0x76, 0x85, 0x3E, 0x06, 0x86, 0xF7, 0xCC, 0x17, 0x38,
    0x18, 0x02, 0x17, 0xF2, 0xB4, 0x31, 0x30, 0x6C, 0x7A, 0xCF, 0xCA, 0x00, 0x07, 0x13, 0x58, 0xA6,
    0x02, 0xC9, 0x93, 0x0C, 0xBE, 0x5C, 0x0C, 0x13, 0x64, 0x0B, 0x34, 0xF9, 0x19, 0x36, 0x30, 0x5D,
    0xF8, 0x7F, 0x1F, 0x24, 0xA3, 0xC0, 0xCF, 0x00, 0x00, 0x52, 0x61, 0x10, 0x2F, 0x78, 0x9C, 0x63,
    0x98, 0xE0, 0xCF, 0xC0, 0xF0, 0x61, 0x3D, 0x03, 0xC3, 0x84, 0x78, 0x06, 0x30, 0x08, 0xB0, 0x67,
    0x60, 0x38, 0xC0, 0xCB, 0x20, 0xF0, 0x86, 0x89, 0x61, 0x83, 0x3E, 0x50, 0x8A, 0x9B, 0x81, 0x61,
    0x83, 0x5D, 0x80, 0xB4, 0xC0, 0xAB, 0xFB, 0xEC, 0x00, 0xE0, 0x1C, 0x0A, 0xDB, 0x78, 0x9C, 0x63,
    0x98, 0xC0, 0xC6, 0xC0, 0xC0, 0xD0, 0x30, 0x1F, 0x48, 0x30, 0x1C, 0x66, 0x62, 0x80, 0x00, 0x81,
    0xFF, 0x2C, 0x0C, 0x0C, 0x09, 0xEF, 0x39, 0x19, 0x18, 0x36, 0xCC, 0xE6, 0x63, 0x60, 0xF8, 0x18,
    0xEE, 0xCF, 0xC0, 0xF0, 0x4D, 0x18, 0xA8, 0xE6, 0x37, 0xC3, 0x1B, 0x06, 0x81, 0xF5, 0x0C, 0x3F,
    0x58, 0x12, 0xFE, 0xFF, 0xFF, 0xCF, 0xB9, 0x81, 0x9F, 0xE1, 0x02, 0xDF, 0x47, 0x2E, 0x86, 0x06,
    0xFF, 0x6F, 0xAC, 0x0C, 0x06, 0xF3, 0x01, 0x96, 0xAA, 0x15, 0xB7, 0x78, 0x9C, 0x63, 0x60, 0x70,
    0xE0, 0x66, 0x60, 0x60, 0xF8, 0xC6, 0x05, 0x24, 0x62, 0x18, 0xA0, 0x40, 0xE0, 0x3F, 0x0B, 0x03,
    0x43, 0xC2, 0x7B, 0x4E, 0x06, 0x86, 0x0D, 0xB3, 0xF9, 0x18, 0x18, 0x3E, 0x86, 0xFB, 0x03, 0x55,
    0x08, 0xCF, 0x67, 0x60, 0xF8, 0xCD, 0xF0, 0x86, 0x41, 0x60, 0x3D, 0xC3, 0x0F, 0x96, 0x84, 0xFF,
    0xFF, 0xFF, 0x73, 0x6E, 0xE0, 0x67, 0xB8, 0xC0, 0xF7, 0x91, 0x8B, 0xA1, 0xC1, 0xFF, 0x1B, 0x2B,
    0x83, 0xC1, 0x7C, 0x00, 0x5E, 0x11, 0x14, 0xE4, 0x78, 0x9C, 0x63, 0x08, 0x78, 0xCF, 0xC1, 0xC0,
    0x70, 0x58, 0x28, 0x8A, 0x01, 0x02, 0x04, 0xFE, 0xB3, 0x30, 0x30, 0x24, 0xBC, 0xE7, 0x64, 0x60,
    0xD8, 0x30, 0x9B, 0x8F, 0x81, 0xE1, 0x63, 0xB8, 0x3F, 0x03, 0xC3, 0x37, 0xE1, 0xF9, 0x0C, 0x0C,
    0xBF, 0x19, 0xDE, 0x30, 0x08, 0xAC, 0x67, 0xF8, 0xC1, 0x92, 0xF0, 0xFF, 0xFF, 0x7F, 0xCE, 0x0D,
    0xFC, 0x0C, 0x17, 0xF8, 0x3E, 0x72, 0x31, 0x34, 0xF8, 0x7F, 0x63, 0x65, 0x30, 0x98, 0x0F, 0x00,
    0x90, 0x38, 0x15, 0xB3, 0x78, 0x9C, 0x63, 0x78, 0x16, 0x7B, 0x89, 0x91, 0x21, 0xE6, 0xF0, 0x7C,
    0x06, 0x08, 0x10, 0xF8, 0xCF, 0xC2, 0xC0, 0x90, 0xF0, 0x9E, 0x93, 0x81, 0x61, 0xC3, 0x6C, 0x3E,
    0x06, 0x86, 0x8F, 0xE1, 0xFE, 0x0C, 0x0C, 0xDF, 0x84, 0x81, 0xB2, 0xBF, 0x19, 0xDE, 0x30, 0x08,
    0xAC, 0x67, 0xF8, 0xC1, 0x92, 0xF0, 0xFF, 0xFF, 0x7F, 0xCE, 0x0D, 0xFC, 0x0C, 0x17, 0xF8, 0x3E,
    0x72, 0x31, 0x34, 0xF8, 0x7F, 0x63, 0x65, 0x30, 0x98, 0x0F, 0x00, 0xE9, 0x83, 0x17, 0x11, 0x78,
    0x9C, 0x63, 0xF8, 0x2A, 0x5C, 0xC7, 0xC0, 0xF0, 0x05, 0x44, 0x80, 0x81, 0xC0, 0x7F, 0x16, 0x06,
    0x86, 0x84, 0xF7, 0x9C, 0x0C, 0x0C, 0x1B, 0x66, 0xF3, 0x31, 0x30, 0x7C, 0x0C, 0xF7, 0x67, 0x60,
    0xF8, 0x26, 0x3C, 0x9F, 0x81, 0xE1, 0x37, 0xC3, 0x1B, 0x06, 0x81, 0xF5, 0x0C, 0x3F, 0x58, 0x12,
    0xFE, 0xFF, 0xFF, 0xCF, 0xB9, 0x81, 0x9F, 0xE1, 0x02, 0xDF, 0x47, 0x2E, 0x86, 0x06, 0xFF, 0x6F,
    0xAC, 0x0C, 0x06, 0xF3, 0x01, 0xB6, 0x5A, 0x16, 0x48, 0x78, 0x9C, 0x63, 0x50, 0x78, 0xCB, 0xCC,
    0xC0, 0xD0, 0xE0, 0xCE, 0x0D, 0x25, 0xC0, 0x5C, 0x30, 0x10, 0xF8, 0xCF, 0xC2, 0xC0, 0x90, 0xF0,
    0x9E, 0x93, 0x81, 0x61, 0xC3, 0x6C, 0x3E, 0x06, 0x86, 0x8F, 0xE1, 0xFE, 0x0C, 0x0C, 0xDF, 0x84,
    0xE7, 0x33, 0x30, 0xFC, 0x66, 0x78, 0xC3, 0x20, 0xB0, 0x9E, 0xE1, 0x07, 0x4B, 0xC2, 0xFF, 0xFF,
    0xFF, 0x39, 0x37, 0xF0, 0x33, 0x5C, 0xE0, 0xFB, 0xC8, 0xC5, 0xD0, 0xE0, 0xFF, 0x8D, 0x95, 0xC1,
    0x60, 0x3E, 0x00, 0xF8, 0xC2, 0x17, 0x01, 0x78, 0x9C, 0x63, 0x60, 0x78, 0xF0, 0xFF, 0x3F, 0x1F,
    0x03, 0xC3, 0xD7, 0xB7, 0x0C, 0x40, 0xF0, 0xFA, 0x15, 0x90, 0x10, 0xE8, 0x07, 0x91, 0x0D, 0xF6,
    0x20, 0xF2, 0x01, 0xEF, 0xAF, 0xFF, 0x2C, 0x0C, 0x5F, 0x38, 0x40, 0xEC, 0x5F, 0xFF, 0xDF, 0x03,
    0x25, 0xD7, 0x33, 0x00, 0xD9, 0x05, 0xFE, 0x20, 0xF2, 0x02, 0x1F, 0x50, 0x4C, 0x1E, 0x00, 0x16,
    0x4D, 0x17, 0xD6, 0x78, 0x9C, 0x63, 0xD8, 0xF2, 0xBF, 0x96, 0xA1, 0xA0, 0x9E, 0x71, 0x19, 0xC3,
    0x67, 0x4E, 0x06, 0x06, 0x86, 0x5F, 0x8C, 0x40, 0xE2, 0x2D, 0x10, 0x33, 0xDC, 0x03, 0x11, 0xFF,
    0x40, 0xC4, 0x2F, 0x26, 0x20, 0xF1, 0x05, 0x24, 0xDB, 0xD0, 0xCF, 0xF8, 0x94, 0x89, 0xE1, 0x28,
    0x50, 0x07, 0x03, 0x83, 0x37, 0x10, 0x0B, 0x9C, 0x07, 0xC9, 0x7F, 0x61, 0x01, 0x11, 0x40, 0x45,
    0x0B, 0x62, 0x18, 0x18, 0x00, 0x40, 0x41, 0x12, 0xCC, 0x78, 0x9C, 0x63, 0xD8, 0xC4, 0xC8, 0xC0,
    0xC0, 0x70, 0xC9, 0x0E, 0x48, 0x30, 0x74, 0x32, 0x40, 0xC0, 0xA7, 0xFF, 0xFF, 0xEF, 0x33, 0x7C,
    0xE2, 0x00, 0xB1, 0xD0, 0x88, 0xFF, 0xFF, 0xF9, 0x71, 0x49, 0xFC, 0x67, 0x00, 0x00, 0xB9, 0x57,
    0x14, 0xDA, 0x78, 0x9C, 0x63, 0x60, 0x58, 0xC0, 0xC2, 0xC0, 0x20, 0xF0, 0x06, 0x48, 0x04, 0x48,
    0x33, 0x40, 0xC0, 0xA7, 0xFF, 0xFF, 0xEF, 0x33, 0x7C, 0xE2, 0x00, 0xB1, 0xD0, 0x88, 0xFF, 0xFF,
    0xF9, 0x71, 0x49, 0xFC, 0x67, 0x00, 0x00, 0xA8, 0x42, 0x14, 0x9D, 0x78, 0x9C, 0x63, 0x38, 0xF8,
    0x96, 0x89, 0x81, 0xA1, 0x2A, 0x80, 0x87, 0x01, 0x0C, 0x3E, 0xFD, 0xFF, 0x7F, 0x9F, 0xE1, 0x13,
    0x07, 0x88, 0x85, 0x46, 0xFC, 0xFF, 0xCF, 0x8F, 0x4B, 0xE2, 0x3F, 0x03, 0x00, 0xC3, 0x63, 0x15,
    0x14, 0x78, 0x9C, 0x63, 0xD8, 0xD3, 0x20, 0xC7, 0xC0, 0x00, 0x26, 0x40, 0xE0, 0xD3, 0xFF, 0xFF,
    0xF7, 0x19, 0x3E, 0x71, 0x80, 0x58, 0x68, 0xC4, 0xFF, 0xFF, 0xFC, 0xB8, 0x24, 0xFE, 0x33, 0x00,
    0x00, 0xCD, 0x16, 0x15, 0x42, 0x78, 0x9C, 0x63, 0xC8, 0x64, 0x60, 0x60, 0xF8, 0xC1, 0xC9, 0xC0,
    0x60, 0xA0, 0xC3, 0x00, 0x02, 0xDF, 0xFF, 0xFF, 0x5F, 0xCF, 0x70, 0x80, 0x9F, 0x81, 0x10, 0x06,
    0xA9, 0x03, 0x00, 0xAD, 0x5A, 0x10, 0x56, 0x78, 0x9C, 0x63, 0x60, 0xD8, 0xC2, 0xC0, 0x90, 0xB0,
    0x9E, 0x81, 0xE1, 0x00, 0x2B, 0x03, 0x08, 0x7C, 0xFF, 0xFF, 0x7F, 0x3D, 0xC3, 0x01, 0x7E, 0x06,
    0x42, 0x18, 0xA4, 0x0E, 0x00, 0xD5, 0x5D, 0x11, 0x18, 0x78, 0x9C, 0x63, 0xF8, 0xDA, 0xC7, 0x60,
    0xA0, 0xB3, 0x90, 0x95, 0x01, 0x08, 0xBE, 0xFF, 0xFF, 0xBF, 0x9E, 0xE1, 0x00, 0x3F, 0x03, 0x21,
    0x0C, 0x52, 0x07, 0x00, 0xD1, 0x4F, 0x11, 0x15, 0x78, 0x9C, 0x0B, 0xB0, 0x7F, 0xC8, 0xEE, 0x00,
    0xC4, 0x0C, 0x40, 0xF0, 0xFD, 0xFF, 0xFF, 0xF5, 0x0C, 0x07, 0xF8, 0x19, 0x08, 0x61, 0x90, 0x3A,
    0x00, 0xE2, 0x95, 0x11, 0x6E, 0x78, 0x9C, 0x9B, 0xF0, 0xFF, 0xBD, 0x26, 0xC3, 0x04, 0x79, 0x83,
    0x3F, 0xCC, 0x13, 0xE4, 0x19, 0x1E, 0xF2, 0x02, 0x89, 0x06, 0x7B, 0x20, 0x91, 0x90, 0xFF, 0xE7,
    0x7F, 0x7E, 0x40, 0x3E, 0x88, 0x15, 0x0F, 0x24, 0x26, 0xE8, 0x83, 0x64, 0x79, 0x26, 0xC8, 0x3B,
    0xBC, 0x65, 0x9E, 0x00, 0xD2, 0x01, 0x00, 0x59, 0xE8, 0x15, 0x36, 0x78, 0x9C, 0x73, 0x78, 0x27,
    0x6E, 0xB3, 0x40, 0xFD, 0x37, 0x37, 0x03, 0x10, 0xFC, 0x62, 0x63, 0x78, 0xF3, 0x8B, 0x97, 0xE1,
    0xCD, 0xAD, 0x7C, 0x20, 0xBE, 0xC5, 0xF0, 0xE6, 0xD5, 0x27, 0xB6, 0x37, 0xBF, 0x16, 0xF0, 0xBE,
    0xF9, 0xA5, 0x10, 0xFF, 0xFA, 0x17, 0xC3, 0xAD, 0x57, 0xBF, 0x18, 0x3E, 0xBF, 0xFD, 0xC5, 0xB0,
    0xE0, 0xFD, 0x2F, 0x06, 0x83, 0xF7, 0x00, 0xF3, 0x60, 0x1E, 0x02, 0x78, 0x9C, 0x63, 0x98, 0xC0,
    0xC6, 0xC0, 0xC0, 0xD0, 0x30, 0x1F, 0x48, 0x30, 0x1C, 0x66, 0x62, 0x80, 0x80, 0x45, 0xFF, 0xAC,
    0x19, 0x04, 0xCE, 0x09, 0xFE, 0x64, 0x5E, 0x20, 0xCF, 0xF0, 0x80, 0xF7, 0x03, 0x37, 0x43, 0x83,
    0xFD, 0x27, 0x4E, 0x86, 0x84, 0xF8, 0xCF, 0x1C, 0x0C, 0x01, 0xF9, 0x60, 0xD6, 0x07, 0x1E, 0x86,
    0x06, 0x7D, 0xB0, 0x2C, 0x58, 0x1D, 0x58, 0x07, 0x00, 0xD0, 0x5D, 0x15, 0xF2, 0x78, 0x9C, 0x63,
    0x60, 0x70, 0xE0, 0x66, 0x60, 0x60, 0xF8, 0xC6, 0x05, 0x24, 0x62, 0x18, 0xA0, 0x60, 0xD1, 0x3F,
    0x6B, 0x06, 0x81, 0x73, 0x82, 0x3F, 0x99, 0x17, 0xC8, 0x33, 0x3C, 0xE0, 0xFD, 0xC0, 0xCD, 0xD0,
    0x60, 0xFF, 0x89, 0x93, 0x21, 0x21, 0xFE, 0x33, 0x07, 0x43, 0x40, 0x3E, 0x98, 0xF5, 0x81, 0x87,
    0xA1, 0x41, 0x1F, 0x2C, 0x0B, 0x56, 0x07, 0xD6, 0x01, 0x00, 0x97, 0xC4, 0x15, 0x1F, 0x78, 0x9C,
    0x63, 0x08, 0x78, 0xCF, 0xC1, 0xC0, 0x70, 0x58, 0x28, 0x8A, 0x01, 0x02, 0x16, 0xFD, 0xB3, 0x66,
    0x10, 0x38, 0x27, 0xF8, 0x93, 0x79, 0x81, 0x3C, 0xC3, 0x03, 0xDE, 0x0F, 0xDC, 0x0C, 0x0D, 0xF6,
    0x9F, 0x38, 0x19, 0x12, 0xE2, 0x3F, 0x73, 0x30, 0x04, 0xE4, 0x83, 0x59, 0x1F, 0x78, 0x18, 0x1A,
    0xF4, 0xC1, 0xB2, 0x60, 0x75, 0x60, 0x1D, 0x00, 0xC9, 0xEB, 0x15, 0xEE, 0x78, 0x9C, 0x63, 0x78,
    0x16, 0x7B, 0x89, 0x91, 0x21, 0xE6, 0xF0, 0x7C, 0x06, 0x08, 0x58, 0xF4, 0xCF, 0x9A, 0x41, 0xE0,
    0x9C, 0xE0, 0x4F, 0xE6, 0x05, 0xF2, 0x0C, 0x0F, 0x78, 0x3F, 0x70, 0x33, 0x34, 0xD8, 0x7F, 0xE2,
    0x64, 0x48, 0x88, 0xFF, 0xCC, 0xC1, 0x10, 0x90, 0x0F, 0x66, 0x7D, 0xE0, 0x61, 0x68, 0xD0, 0x07,
    0xCB, 0x82, 0xD5, 0x81, 0x75, 0x00, 0x00, 0x23, 0x45, 0x17, 0x4C, 0x78, 0x9C, 0x63, 0xF8, 0x2A,
    0x5C, 0xC7, 0xC0, 0xF0, 0x05, 0x44, 0x80, 0xC1, 0xA2, 0x7F, 0xD6, 0x0C, 0x02, 0xE7, 0x04, 0x7F,
    0x32, 0x2F, 0x90, 0x67, 0x78, 0xC0, 0xFB, 0x81, 0x9B, 0xA1, 0xC1, 0xFE, 0x13, 0x27, 0x43, 0x42,
    0xFC, 0x67, 0x0E, 0x86, 0x80, 0x7C, 0x30, 0xEB, 0x03, 0x0F, 0x43, 0x83, 0x3E, 0x58, 0x16, 0xAC,
    0x0E, 0xAC, 0x03, 0x00, 0xF0, 0x0D, 0x16, 0x83, 0x78, 0x9C, 0x63, 0x60, 0x60, 0x60, 0x38, 0xC8,
    0xC4, 0x60, 0xBD, 0x41, 0xEE, 0x80, 0x2C, 0xC3, 0xED, 0x3B, 0x8C, 0x0C, 0x1F, 0xED, 0x19, 0x40,
    0x34, 0x88, 0x0F, 0x12, 0x07, 0x4A, 0x33, 0x00, 0x00, 0xBB, 0x21, 0x09, 0xF3, 0x78, 0x9C, 0x01,
    0x41, 0x00, 0xBE, 0xFF, 0x00, 0x00, 0x00, 0x00, 0x02, 0x00, 0xA2, 0xEE, 0x5B, 0x5F, 0x10, 0xBE,
    0x11, 0xFC, 0x0B, 0xA0, 0x1F, 0x00, 0xF8, 0x0C, 0xF0, 0x0B, 0x30, 0xDF, 0x2F, 0xF2, 0x09, 0xE1,
    0x69, 0x5F, 0xF3, 0x08, 0xDA, 0x50, 0x6F, 0xF1, 0x69, 0x2F, 0x60, 0x5F, 0xF0, 0xFE, 0x06, 0x80,
    0x2F, 0x90, 0xBF, 0x00, 0xE0, 0x0D, 0x90, 0xEF, 0x12, 0xF9, 0x03, 0xF3, 0xA5, 0xFE, 0x3B, 0x00,
    0x30, 0x00, 0x00, 0x00, 0x00, 0x3E, 0x81, 0x1A, 0x1C, 0x78, 0x9C, 0x63, 0xC8, 0x64, 0x60, 0x60,
    0xF8, 0xC1, 0xC9, 0xC0, 0x60, 0xA0, 0xC3, 0x00, 0x02, 0xBF, 0x19, 0x18, 0x5E, 0xE3, 0xC2, 0xBF,
    0x18, 0x18, 0xEE, 0x7C, 0x67, 0x66, 0x58, 0xF7, 0x50, 0x67, 0xA2, 0xBD, 0xC2, 0xEB, 0x73, 0x2C,
    0x00, 0x36, 0x39, 0x16, 0x49, 0x78, 0x9C, 0x63, 0x60, 0xD8, 0xC2, 0xC0, 0x90, 0xB0, 0x9E, 0x81,
    0xE1, 0x00, 0x2B, 0x03, 0x08, 0xFC, 0x66, 0x60, 0x78, 0x8D, 0x0B, 0xFF, 0x62, 0x60, 0xB8, 0xF3,
    0x9D, 0x99, 0x61, 0xDD, 0x43, 0x9D, 0x89, 0xF6, 0x0A, 0xAF, 0xCF, 0xB1, 0x00, 0x00, 0x5E, 0x3C,
    0x17, 0x0B, 0x78, 0x9C, 0x63, 0xF8, 0xDA, 0xC7, 0x60, 0xA0, 0xB3, 0x90, 0x95, 0x01, 0x08, 0x7E,
    0x33, 0x30, 0xBC, 0xC6, 0x85, 0x7F, 0x31, 0x30, 0xDC, 0xF9, 0xCE, 0xCC, 0xB0, 0xEE, 0xA1, 0xCE,
    0x44, 0x7B, 0x85, 0xD7, 0xE7, 0x58, 0x00, 0x5A, 0x2E, 0x17, 0x08, 0x78, 0x9C, 0x0B, 0xB0, 0x7F,
    0xC8, 0xEE, 0x00, 0xC4, 0x0C, 0x40, 0xF0, 0x9B, 0x81, 0xE1, 0x35, 0x2E, 0xFC, 0x8B, 0x81, 0xE1,
    0xCE, 0x77, 0x66, 0x86, 0x75, 0x0F, 0x75, 0x26, 0xDA, 0x2B, 0xBC, 0x3E, 0xC7, 0x02, 0x00, 0x6B,
    0x74, 0x17, 0x61, 0x78, 0x9C, 0x63, 0x60, 0x70, 0xE0, 0x66, 0x60, 0x60, 0xF8, 0xC6, 0x05, 0x24,
    0x62, 0x18, 0x20, 0xE0, 0x13, 0x27, 0x43, 0x40, 0xFE, 0x02, 0x79, 0x86, 0x0B, 0xBC, 0x0A, 0xF3,
    0x19, 0xBE, 0xB0, 0x32, 0xFC, 0x62, 0xBC, 0x03, 0x14, 0xF4, 0x88, 0x67, 0x60, 0x98, 0x70, 0x9E,
    0x87, 0x81, 0x41, 0xE0, 0x3F, 0x0B, 0x50, 0xD1, 0x1F, 0x06, 0x74, 0x02, 0x00, 0x49, 0xBF, 0x10,
    0x94, 0x78, 0x9C, 0xFB, 0xC6, 0xC2, 0xC0, 0xC0, 0xF0, 0x0D, 0x4C, 0xFC, 0xBF, 0xAF, 0x09, 0x64,
    0x19, 0xDC, 0x05, 0x71, 0xBF, 0xB1, 0x40, 0x09, 0x87, 0x73, 0x20, 0x09, 0x09, 0xA8, 0x12, 0x38,
    0x01, 0x00, 0x35, 0xC2, 0x12, 0xC3, 0x78, 0x9C, 0x53, 0x78, 0xDD, 0xC7, 0xC0, 0xF0, 0x51, 0xFA,
    0x33, 0x07, 0xC3, 0x77, 0xE6, 0x0B, 0xDC, 0x0C, 0x3F, 0x19, 0x3F, 0x71, 0x32, 0xFC, 0x62, 0x7C,
    0xC3, 0xC8, 0xF0, 0x4B, 0xB0, 0x9F, 0x01, 0xC8, 0xDA, 0x0F, 0x22, 0x2E, 0xC7, 0x01, 0x09, 0x86,
    0x9F, 0x2C, 0x40, 0xE2, 0x03, 0xE7, 0x2F, 0x41, 0xD6, 0xAF, 0xAC, 0xBF, 0x1C, 0xFF, 0xD6, 0x31,
    0x00, 0x00, 0xBC, 0x83, 0x17, 0x7F, 0x78, 0x9C, 0x63, 0x68, 0x65, 0x60, 0x60, 0xF8, 0xCD, 0xCA,
    0xC0, 0xB0, 0x41, 0x1F, 0xC8, 0xB0, 0x66, 0x80, 0x81, 0xC2, 0x37, 0xF7, 0xD9, 0x36, 0x8A, 0x36,
    0xC6, 0x03, 0x99, 0xFB, 0x04, 0x96, 0xFD, 0xBD, 0xFF, 0x38, 0x57, 0xF8, 0xEE, 0x2F, 0x46, 0x86,
    0xBB, 0x3F, 0x58, 0x16, 0xDD, 0x9F, 0xF0, 0xCF, 0xFB, 0x26, 0x00, 0x7C, 0x88, 0x13, 0x1F, 0x78,
    0x9C, 0x63, 0x60, 0x98, 0xC0, 0xC2, 0xC0, 0xF0, 0x9D, 0x93, 0xC1, 0x61, 0x3D, 0x03, 0x43, 0x00,
    0x17, 0x03, 0x0C, 0x14, 0xBE, 0xB9, 0xCF, 0xB6, 0x51, 0xB4, 0x31, 0x1E, 0xC8, 0xDC, 0x27, 0xB0,
    0xEC, 0xEF, 0xFD, 0xC7, 0xB9, 0xC2, 0x77, 0x7F, 0x31, 0x32, 0xDC, 0xFD, 0xC1, 0xB2, 0xE8, 0xFE,
    0x84, 0x7F, 0xDE, 0x37, 0x01, 0x85, 0xFB, 0x13, 0x5D, 0x78, 0x9C, 0x63, 0x38, 0xB0, 0x9F, 0x81,
    0xE1, 0xD5, 0x53, 0x0E, 0x01, 0x19, 0x05, 0x1E, 0x06, 0x28, 0x28, 0x7C, 0x73, 0x9F, 0x6D, 0xA3,
    0x68, 0x63, 0x3C, 0x90, 0xB9, 0x4F, 0x60, 0xD9, 0xDF, 0xFB, 0x8F, 0x73, 0x85, 0xEF, 0xFE, 0x62,
    0x64, 0xB8, 0xFB, 0x83, 0x65, 0xD1, 0xFD, 0x09, 0xFF, 0xBC, 0x6F, 0x02, 0x00, 0xAA, 0x38, 0x14,
    0x2E, 0x78, 0x9C, 0x63, 0x10, 0x60, 0x60, 0x50, 0xF8, 0x27, 0x15, 0x9B, 0xC0, 0xF9, 0x93, 0x87,
    0x01, 0x0A, 0x0A, 0xDF, 0xDC, 0x67, 0xDB, 0x28, 0xDA, 0x18, 0x0F, 0x64, 0xEE, 0x13, 0x58, 0xF6,
    0xF7, 0xFE, 0xE3, 0x5C, 0xE1, 0xBB, 0xBF, 0x18, 0x19, 0xEE, 0xFE, 0x60, 0x59, 0x74, 0x7F, 0xC2,
    0x3F, 0xEF, 0x9B, 0x00, 0x84, 0x26, 0x13, 0x93, 0x78, 0x9C, 0x53, 0xE8, 0x5B, 0x20, 0xA7, 0x00,
    0xC4, 0x0C, 0x50, 0x50, 0xF8, 0xE6, 0x3E, 0xDB, 0x46, 0xD1, 0xC6, 0x78, 0x20, 0x73, 0x9F, 0xC0,
    0xB2, 0xBF, 0xF7, 0x1F, 0xE7, 0x0A, 0xDF, 0xFD, 0xC5, 0xC8, 0x70, 0xF7, 0x07, 0xCB, 0xA2, 0xFB,
    0x13, 0xFE, 0x79, 0xDF, 0x04, 0x00, 0x79, 0x02, 0x13, 0x58, 0x78, 0x9C, 0x63, 0xD8, 0xB0, 0x9E,
    0x81, 0x61, 0xDB, 0x45, 0x56, 0x86, 0x63, 0x40, 0x0C, 0x62, 0x43, 0x41, 0xE1, 0x9B, 0xFB, 0x6C,
    0x1B, 0x45, 0x1B, 0xE3, 0x81, 0xCC, 0x7D, 0x02, 0xCB, 0xFE, 0xDE, 0x7F, 0x9C, 0x2B, 0x7C, 0xF7,
    0x17, 0x23, 0xC3, 0xDD, 0x1F, 0x2C, 0x8B, 0xEE, 0x4F, 0xF8, 0xE7, 0x7D, 0x13, 0x00, 0x18, 0x6B,
    0x16, 0x66, 0x78, 0x9C, 0x5B, 0xF4, 0x4F, 0xE2, 0xB7, 0x0E, 0x43, 0x81, 0xE2, 0x3D, 0xB6, 0x53,
    0x0C, 0x0C, 0x0C, 0xB7, 0x18, 0xBE, 0x30, 0x28, 0xDC, 0xFC, 0xFF, 0xFF, 0x3F, 0xE3, 0x67, 0xAB,
    0x93, 0x40, 0xFE, 0x2B, 0x86, 0x6F, 0x8C, 0x0C, 0x0C, 0x3F, 0x95, 0x5E, 0x4B, 0x19, 0x31, 0x1C,
    0x3C, 0xAF, 0xFC, 0xA7, 0x8E, 0x01, 0x00, 0xFA, 0x0E, 0x14, 0x3A, 0x78, 0x9C, 0x63, 0x38, 0xF6,
    0x3E, 0x87, 0x61, 0x43, 0xBE, 0x60, 0x19, 0xC3, 0x37, 0x76, 0x06, 0x06, 0x86, 0x5F, 0x8C, 0x30,
    0xE2, 0x1B, 0x1B, 0x90, 0x38, 0x90, 0xCF, 0xB8, 0x8D, 0x81, 0xE1, 0x3A, 0x50, 0x09, 0x03, 0x83,
    0x0D, 0x10, 0x2B, 0xEC, 0x07, 0x12, 0x0C, 0x5F, 0x98, 0x81, 0xC4, 0x57, 0xA0, 0xA2, 0x0D, 0x3E,
    0x0C, 0x0C, 0x00, 0x4D, 0x6D, 0x0F, 0xD3, 0x78, 0x9C, 0x63, 0x48, 0x63, 0x00, 0x82, 0x3F, 0xCC,
    0x40, 0xE2, 0x80, 0x1C, 0x90, 0x10, 0xD0, 0x66, 0x40, 0x02, 0x02, 0x2F, 0xEF, 0xB3, 0x33, 0x5C,
    0xD0, 0x76, 0x98, 0xC7, 0xF0, 0x93, 0x91, 0xE1, 0x3B, 0xE3, 0xDF, 0xFF, 0xFF, 0xFF, 0x33, 0xBD,
    0x05, 0x49, 0xFC, 0x04, 0x69, 0x78, 0x18, 0x27, 0x10, 0xC6, 0x20, 0xF0, 0xE2, 0x7D, 0x34, 0x03,
    0x00, 0xED, 0xDB, 0x11, 0xF5, 0x78, 0x9C, 0x63, 0x60, 0x58, 0xC0, 0xCC, 0xC0, 0xC0, 0xF0, 0x83,
    0x83, 0x81, 0x21, 0xA0, 0x1F, 0xC8, 0x48, 0x00, 0x32, 0x10, 0x40, 0xE0, 0xE5, 0x7D, 0x76, 0x86,
    0x0B, 0xDA, 0x0E, 0xF3, 0x18, 0x7E, 0x32, 0x32, 0x7C, 0x67, 0xFC, 0xFB, 0xFF, 0xFF, 0x7F, 0xA6,
    0xB7, 0x20, 0x89, 0x9F, 0x20, 0x4D, 0x0F, 0xE3, 0x04, 0xC2, 0x18, 0x04, 0x5E, 0xBC, 0x8F, 0x66,
    0x00, 0x00, 0x06, 0x5B, 0x12, 0x61, 0x78, 0x9C, 0x63, 0xB8, 0x30, 0x9F, 0x81, 0x81, 0xE1, 0xF6,
    0x57, 0x36, 0x06, 0x05, 0x69, 0x03, 0x6E, 0x06, 0x04, 0x10, 0x78, 0x79, 0x9F, 0x9D, 0xE1, 0x82,
    0xB6, 0xC3, 0x3C, 0x86, 0x9F, 0x8C, 0x0C, 0xDF, 0x19, 0xFF, 0xFE, 0xFF, 0xFF, 0x9F, 0xE9, 0x2D,
    0x48, 0xE2, 0x27, 0x33, 0x90, 0x78, 0x18, 0x27, 0x10, 0xC6, 0x20, 0xF0, 0xE2, 0x7D, 0x34, 0x03,
    0x00, 0x32, 0x87, 0x13, 0x32, 0x78, 0x9C, 0x33, 0xA8, 0xDF, 0xC0, 0xCB, 0x60, 0x50, 0x7F, 0x80,
    0x97, 0x01, 0x01, 0x04, 0x5E, 0xDE, 0x67, 0x67, 0xB8, 0xA0, 0xED, 0x30, 0x8F, 0xE1, 0x27, 0x23,
    0xC3, 0x77, 0xC6, 0xBF, 0xFF, 0xFF, 0xFF, 0x67, 0x7A, 0x0B, 0x92, 0xF8, 0xC9, 0x0C, 0x24, 0x1E,
    0xC6, 0x09, 0x84, 0x31, 0x08, 0xBC, 0x78, 0x1F, 0xCD, 0x00, 0x00, 0xF6, 0x0B, 0x12, 0x5F, 0x78,
    0x9C, 0x63, 0xD8, 0xC8, 0xC8, 0xC0, 0xF0, 0x85, 0x87, 0x81, 0x21, 0x60, 0x3E, 0x03, 0x03, 0xC3,
    0x52, 0x06, 0x18, 0xF8, 0xF1, 0xFF, 0x3D, 0x90, 0x7C, 0x83, 0x13, 0x03, 0x00, 0x54, 0x07, 0x0C,
    0xA1, 0x78, 0x9C, 0x63, 0x60, 0x30, 0xE0, 0x62, 0x60, 0x78, 0xA8, 0xC7, 0xC0, 0xF0, 0x86, 0x89,
    0x81, 0x41, 0x9B, 0x01, 0x06, 0x7E, 0xFC, 0x7F, 0x0F, 0x24, 0xDF, 0xE0, 0xC4, 0x00, 0x27, 0x44,
    0x0B, 0xBD, 0x78, 0x9C, 0x63, 0x08, 0xF8, 0xCF, 0xCC, 0xF0, 0x79, 0xB9, 0x1C, 0x43, 0x26, 0x10,
    0x42, 0xC1, 0x8F, 0xFF, 0xEF, 0x81, 0xE4, 0x1B, 0x9C, 0x18, 0x00, 0x69, 0x28, 0x0D, 0x37, 0x78,
    0x9C, 0x63, 0x78, 0x65, 0x98, 0xCF, 0x00, 0xC2, 0x50, 0xF0, 0xE3, 0xFF, 0x7B, 0x20, 0xF9, 0x06,
    0x27, 0x06, 0x00, 0x3C, 0xE0, 0x0C, 0x6F, 0x78, 0x9C, 0x01, 0x3C, 0x00, 0xC3, 0xFF, 0x00, 0xC1,
    0x07, 0x60, 0x05, 0x00, 0x60, 0xDE, 0xBE, 0x03, 0x00, 0x81, 0xDE, 0x3F, 0x00, 0x00, 0xA5, 0x02,
    0xEC, 0x01, 0x00, 0x00, 0x00, 0xF1, 0x08, 0x00, 0xC4, 0xEF, 0xDA, 0x0E, 0x50, 0x7F, 0x11, 0xC4,
    0x1F, 0xE0, 0x0B, 0x00, 0x60, 0x2F, 0xF0, 0x08, 0x00, 0x80, 0x1F, 0xD0, 0x0C, 0x00, 0xC0, 0x0D,
    0x40, 0x9F, 0x11, 0xF8, 0x04, 0x00, 0xB3, 0xFE, 0x3C, 0x00, 0x57, 0xDD, 0x14, 0x49, 0x78, 0x9C,
    0x63, 0x10, 0x60, 0x60, 0x30, 0xF8, 0x27, 0xE9, 0x5B, 0xC0, 0xF1, 0x93, 0x9B, 0x01, 0x0A, 0x5E,
    0x4C, 0xF8, 0x27, 0xF5, 0x23, 0xC6, 0x61, 0xFE, 0x0F, 0x16, 0x86, 0x3B, 0x3F, 0x98, 0x18, 0x7E,
    0xA3, 0x63, 0x00, 0xA6, 0xA7, 0x13, 0x85, 0x78, 0x9C, 0x63, 0x58, 0xC0, 0xCC, 0xC0, 0xC0, 0xF0,
    0x48, 0x0E, 0x48, 0x28, 0x9C, 0x03, 0x12, 0x0C, 0x9B, 0x18, 0x90, 0xC1, 0xA2, 0xFF, 0x36, 0x0C,
    0x0A, 0xFB, 0x85, 0x7E, 0xB0, 0x1E, 0xE0, 0x67, 0x38, 0xC0, 0xF7, 0x81, 0x87, 0xA1, 0xC1, 0x1E,
    0x4C, 0x80, 0xB9, 0x0A, 0xEB, 0x05, 0x7F, 0xB0, 0x82, 0x95, 0x00, 0x00, 0xEF, 0x14, 0x11, 0x79,
    0x78, 0x9C, 0x63, 0x60, 0x10, 0x90, 0x66, 0x60, 0x60, 0x38, 0xE0, 0x0F, 0x24, 0x7E, 0xB2, 0x02,
    0x89, 0x28, 0x06, 0x64, 0xB0, 0xE8, 0xBF, 0x0D, 0x83, 0xC2, 0x7E, 0xA1, 0x1F, 0xAC, 0x07, 0xF8,
    0x19, 0x0E, 0xF0, 0x7D, 0xE0, 0x61, 0x68, 0xB0, 0x07, 0x13, 0x60, 0xAE, 0xC2, 0x7A, 0xC1, 0x1F,
    0xAC, 0x60, 0x25, 0x00, 0xC2, 0x3C, 0x10, 0xC8, 0x78, 0x9C, 0x63, 0x30, 0xF8, 0xCF, 0xCA, 0xC0,
    0xF0, 0xB0, 0xCA, 0x9E, 0x81, 0x61, 0x1A, 0x10, 0x22, 0x81, 0x45, 0xFF, 0x6D, 0x18, 0x14, 0xF6,
    0x0B, 0xFD, 0x60, 0x3D, 0xC0, 0xCF, 0x70, 0x80, 0xEF, 0x03, 0x0F, 0x43, 0x83, 0x3D, 0x98, 0x00,
    0x73, 0x15, 0xD6, 0x0B, 0xFE, 0x60, 0x05, 0x2B, 0x01, 0x00, 0x10, 0x03, 0x12, 0x30, 0x78, 0x9C,
    0x63, 0x10, 0x60, 0x00, 0x82, 0x6F, 0x79, 0x9F, 0x19, 0x18, 0xBC, 0x0F, 0xD5, 0x33, 0x20, 0x81,
    0x45, 0xFF, 0x6D, 0x18, 0x14, 0xF6, 0x0B, 0xFD, 0x60, 0x3D, 0xC0, 0xCF, 0x70, 0x80, 0xEF, 0x03,
    0x0F, 0x43, 0x83, 0x3D, 0x98, 0x00, 0x73, 0x15, 0xD6, 0x0B, 0xFE, 0x60, 0x05, 0x2B, 0x01, 0x00,
    0x05, 0xEB, 0x12, 0x29, 0x78, 0x9C, 0x63, 0xF8, 0x2E, 0x3C, 0x8F, 0x81, 0xE1, 0xBB, 0xF0, 0x3A,
    0x06, 0x24, 0xB0, 0xE8, 0xBF, 0x0D, 0x83, 0xC2, 0x7E, 0xA1, 0x1F, 0xAC, 0x07, 0xF8, 0x19, 0x0E,
    0xF0, 0x7D, 0xE0, 0x61, 0x68, 0xB0, 0x07, 0x13, 0x60, 0xAE, 0xC2, 0x7A, 0xC1, 0x1F, 0xAC, 0x60,
    0x25, 0x00, 0xE4, 0x20, 0x11, 0x96, 0x78, 0x9C, 0x63, 0xD8, 0xC0, 0xCB, 0xC0, 0x00, 0xC2, 0x40,
    0xF0, 0xEB, 0xFF, 0xFF, 0xFB, 0x60, 0x06, 0x54, 0x0C, 0x00, 0x64, 0x0A, 0x06, 0xCC, 0x78, 0x9C,
    0x63, 0x60, 0x60, 0x60, 0x60, 0x62, 0x58, 0xF4, 0xBF, 0x87, 0x57, 0x61, 0xBF, 0xD0, 0x1F, 0xF6,
    0x0D, 0xF2, 0x0E, 0xEF, 0xF9, 0x3E, 0xF0, 0x3C, 0x9E, 0xA2, 0xFF, 0x41, 0x27, 0xAE, 0x41, 0x7F,
    0xC3, 0x7B, 0xB6, 0x03, 0x7C, 0x0E, 0xEF, 0x85, 0x7E, 0xB0, 0x6C, 0x58, 0xF5, 0xCF, 0x86, 0x41,
    0x00, 0xA8, 0x98, 0x01, 0x00, 0xCD, 0xE2, 0x12, 0x5C, 0x78, 0x9C, 0x63, 0xD0, 0x62, 0x60, 0x50,
    0xB8, 0xCF, 0xC0, 0xC0, 0xF0, 0x99, 0x9B, 0x81, 0xC1, 0x00, 0x88, 0xA1, 0xE0, 0x0D, 0x03, 0xC3,
    0x7A, 0x74, 0xFC, 0x9B, 0x41, 0x60, 0xFD, 0x77, 0xF6, 0xC3, 0xEB, 0x26, 0xFC, 0xD3, 0x5A, 0x03,
    0x00, 0x53, 0xBC, 0x10, 0xF7, 0x78, 0x9C, 0x63, 0x60, 0xD8, 0xC4, 0xC0, 0xC0, 0xF0, 0x87, 0x99,
    0x61, 0x81, 0x3F, 0x03, 0xC3, 0x02, 0x16, 0x06, 0x18, 0x78, 0xC3, 0xC0, 0xB0, 0x1E, 0x1D, 0xFF,
    0x66, 0x10, 0x58, 0xFF, 0x9D, 0xFD, 0xF0, 0xBA, 0x09, 0xFF, 0xB4, 0xD6, 0x00, 0x00, 0x7D, 0xC5,
    0x11, 0xD9, 0x78, 0x9C, 0x63, 0xF8, 0xEC, 0xCF, 0x20, 0x30, 0xEF, 0x07, 0x53, 0x01, 0x47, 0x01,
    0x07, 0x03, 0x14, 0xBC, 0x61, 0x60, 0x58, 0x8F, 0x8E, 0x7F, 0x33, 0x08, 0xAC, 0xFF, 0xCE, 0x7E,
    0x78, 0xDD, 0x84, 0x7F, 0x5A, 0x6B, 0x00, 0x94, 0x53, 0x12, 0x6F, 0x78, 0x9C, 0x2B, 0xB0, 0x7B,
    0xC4, 0xD9, 0x60, 0xFF, 0x88, 0x93, 0x01, 0x0A, 0xDE, 0x30, 0x30, 0xAC, 0x47, 0xC7, 0xBF, 0x19,
    0x04, 0xD6, 0x7F, 0x67, 0x3F, 0xBC, 0x6E, 0xC2, 0x3F, 0xAD, 0x35, 0x00, 0x70, 0xF9, 0x11, 0xD8,
    0x78, 0x9C, 0x63, 0x60, 0x60, 0x90, 0x66, 0x60, 0x60, 0xD8, 0x10, 0x0F, 0x24, 0x7E, 0xB0, 0x01,
    0x89, 0x4C, 0x06, 0x24, 0xF0, 0x80, 0x8B, 0x21, 0xC0, 0xBE, 0x40, 0x9F, 0xE1, 0x00, 0x0F, 0xC3,
    0x3C, 0x86, 0x4F, 0x6C, 0x0C, 0xDF, 0x18, 0x5F, 0x02, 0x05, 0x39, 0xFA, 0x18, 0x18, 0x12, 0xE2,
    0xE4, 0x81, 0xF2, 0x6F, 0xB9, 0x40, 0xDA, 0x98, 0x81, 0xC4, 0x59, 0x20, 0x9E, 0x60, 0xCF, 0xC0,
    0xB0, 0xE0, 0x3C, 0x0B, 0x03, 0x03, 0x00, 0x66, 0x9F, 0x10, 0x40, 0x78, 0x9C, 0xFB, 0xC1, 0xC4,
    0xC0, 0xC0, 0xF0, 0x03, 0x8D, 0xD8, 0xF2, 0x9E, 0x83, 0xE1, 0x87, 0x4D, 0xC2, 0x7C, 0x10, 0xF7,
    0x37, 0x88, 0xF8, 0xC1, 0x0C, 0x24, 0x7E, 0x82, 0x88, 0xB7, 0x0C, 0x3F, 0xB4, 0x1A, 0xE3, 0x19,
    0x7E, 0x1C, 0xBB, 0xCF, 0x8A, 0xAE, 0x0D, 0x00, 0x99, 0x3A, 0x18, 0x18, 0x78, 0x9C, 0x63, 0xF8,
    0xCA, 0xB2, 0x97, 0x81, 0x01, 0x4C, 0xC0, 0xC1, 0x03, 0x2E, 0x86, 0x00, 0xFB, 0x02, 0x7D, 0x86,
    0x03, 0x3C, 0x0C, 0xF3, 0x18, 0x3E, 0xB1, 0x31, 0x7C, 0x63, 0x7C, 0x09, 0x14, 0xE4, 0xE8, 0x63,
    0x60, 0x48, 0x88, 0x93, 0x07, 0xCA, 0xBF, 0xE5, 0x02, 0x12, 0x3F, 0x98, 0x81, 0xC4, 0x59, 0x20,
    0x9E, 0x60, 0xCF, 0xC0, 0xB0, 0xE0, 0x3C, 0x0B, 0x03, 0x03, 0x00, 0x99, 0x1E, 0x11, 0x1B,
};
const GFXglyph UiMicroGlyphs[] PROGMEM = {
    { 0, 0, 10, 0, 0, 8, 0 }, // U+0020
    { 4, 11, 10, 3, 11, 31, 8 }, // !
    { 7, 6, 10, 2, 12, 33, 39 }, // "
    { 8, 11, 10, 1, 11, 55, 72 }, // #
    { 8, 13, 10, 1, 12, 55, 127 }, // $
    { 10, 11, 10, 0, 11, 57, 182 }, // %
    { 10, 11, 10, 0, 11, 66, 239 }, // &
    { 3, 6, 10, 4, 12, 20, 305 }, // '
    { 6, 15, 10, 3, 12, 45, 325 }, // (
    { 5, 15, 10, 2, 12, 44, 370 }, // )
    { 8, 8, 10, 1, 10, 41, 414 }, // *
    { 8, 9, 10, 1, 10, 25, 455 }, // +
    { 4, 7, 10, 3, 3, 23, 480 }, // ,
    { 8, 1, 10, 1, 6, 12, 503 }, // -
    { 4, 3, 10, 3, 3, 14, 515 }, // .
    { 8, 15, 10, 1, 12, 63, 529 }, // /
    { 9, 11, 10, 1, 11, 55, 592 }, // 0
    { 9, 11, 10, 1, 11, 26, 647 }, // 1
    { 8, 11, 10, 1, 11, 51, 673 }, // 2
    { 9, 11, 10, 0, 11, 59, 724 }, // 3
    { 10, 11, 10, 0, 11, 51, 783 }, // 4
    { 9, 11, 10, 0, 11, 56, 834 }, // 5
    { 9, 11, 10, 1, 11, 61, 890 }, // 6
    { 9, 11, 10, 1, 11, 52, 951 }, // 7
    { 9, 11, 10, 1, 11, 63, 1003 }, // 8
    { 8, 11, 10, 1, 11, 55, 1066 }, // 9
    { 4, 9, 10, 3, 9, 20, 1121 }, // :
    { 4, 13, 10, 3, 9, 32, 1141 }, // ;
    { 7, 9, 10, 2, 10, 36, 1173 }, // <
    { 8, 5, 10, 1, 8, 18, 1209 }, // =
    { 8, 9, 10, 1, 10, 33, 1227 }, // >
    { 8, 11, 10, 1, 11, 46, 1260 }, // ?
    { 10, 13, 10, 0, 11, 72, 1306 }, // @
    { 10, 11, 10, 0, 11, 66, 1378 }, // A
    { 9, 11, 10, 1, 11, 49, 1444 }, // B
    { 9, 11, 10, 1, 11, 52, 1493 }, // C
    { 9, 11, 10, 1, 11, 51, 1545 }, // D
    { 9, 11, 10, 1, 11, 27, 1596 }, // E
    { 8, 11, 10, 2, 11, 26, 1623 }, // F
    { 10, 11, 10, 0, 11, 57, 1649 }, // G
    { 8, 11, 10, 1, 11, 22, 1706 }, // H
    { 8, 11, 10, 1, 11, 21, 1728 }, // I
    { 8, 11, 10, 1, 11, 29, 1749 }, // J
    { 9, 11, 10, 1, 11, 58, 1778 }, // K
    { 8, 11, 10, 2, 11, 19, 1836 }, // L
    { 9, 11, 10, 1, 11, 52, 1855 }, // M
    { 8, 11, 10, 1, 11, 53, 1907 }, // N
    { 10, 11, 10, 0, 11, 53, 1960 }, // O
    { 9, 11, 10, 1, 11, 42, 2013 }, // P
    { 10, 14, 10, 0, 11, 73, 2055 }, // Q
    { 9, 11, 10, 1, 11, 51, 2128 }, // R
    { 9, 11, 10, 1, 11, 59, 2179 }, // S
    { 10, 11, 10, 0, 11, 20, 2238 }, // T
    { 8, 11, 10, 1, 11, 32, 2258 }, // U
    { 10, 11, 10, 0, 11, 66, 2290 }, // V
    { 11, 11, 10, 0, 11, 77, 2356 }, // W
    { 10, 11, 10, 0, 11, 66, 2433 }, // X
    { 10, 11, 10, 0, 11, 50, 2499 }, // Y
    { 9, 11, 10, 1, 11, 55, 2549 }, // Z
    { 6, 15, 10, 3, 12, 18, 2604 }, // [
    { 8, 15, 10, 1, 12, 63, 2622 }, // U+005C
    { 6, 15, 10, 1, 12, 19, 2685 }, // ]
    { 8, 7, 10, 1, 11, 37, 2704 }, // ^
    { 9, 1, 10, 1, -1, 13, 2741 }, // _
    { 5, 4, 10, 2, 14, 20, 2754 }, // `
    { 8, 8, 10, 1, 8, 43, 2774 }, // a
    { 9, 12, 10, 1, 12, 48, 2817 }, // b
    { 9, 8, 10, 1, 8, 40, 2865 }, // c
    { 9, 12, 10, 0, 12, 50, 2905 }, // d
    { 9, 8, 10, 1, 8, 47, 2955 }, // e
    { 9, 12, 10, 1, 12, 36, 3002 }, // f
    { 9, 11, 10, 1, 8, 64, 3038 }, // g
    { 8, 12, 10, 1, 12, 31, 3102 }, // h
    { 7, 12, 10, 1, 12, 24, 3133 }, // i
    { 8, 15, 10, 0, 12, 35, 3157 }, // j
    { 9, 12, 10, 1, 12, 48, 3192 }, // k
    { 9, 12, 10, 1, 12, 29, 3240 }, // l
    { 10, 8, 10, 0, 8, 25, 3269 }, // m
    { 8, 8, 10, 1, 8, 26, 3294 }, // n
    { 10, 8, 10, 0, 8, 40, 3320 }, // o
    { 9, 11, 10, 1, 8, 47, 3360 }, // p
    { 9, 11, 10, 0, 8, 50, 3407 }, // q
    { 8, 8, 10, 2, 8, 24, 3457 }, // r
    { 9, 8, 10, 1, 8, 48, 3481 }, // s
    { 9, 11, 10, 1, 11, 42, 3529 }, // t
    { 8, 8, 10, 1, 8, 28, 3571 }, // u
    { 10, 8, 10, 0, 8, 49, 3599 }, // v
    { 11, 8, 10, 0, 8, 59, 3648 }, // w
    { 10, 8, 10, 0, 8, 47, 3707 }, // x
    { 10, 11, 10, 0, 8, 60, 3754 }, // y
    { 9, 8, 10, 1, 8, 43, 3814 }, // z
    { 8, 15, 10, 1, 12, 49, 3857 }, // {
    { 2, 17, 10, 4, 13, 12, 3906 }, // |
    { 8, 15, 10, 1, 12, 45, 3918 }, // }
    { 9, 5, 10, 1, 8, 28, 3963 }, // ~
    { 0, 0, 10, 0, 0, 8, 3991 }, // U+00A0
    { 4, 11, 10, 3, 8, 31, 3999 }, // U+00A1
    { 8, 12, 10, 1, 11, 46, 4030 }, // U+00A2
    { 9, 11, 10, 1, 11, 52, 4076 }, // U+00A3
    { 10, 9, 10, 0, 10, 48, 4128 }, // U+00A4
    { 10, 11, 10, 0, 11, 51, 4176 }, // U+00A5
    { 2, 17, 10, 4, 13, 17, 4227 }, // U+00A6
    { 8, 13, 10, 1, 12, 63, 4244 }, // U+00A7
    { 6, 2, 10, 2, 12, 14, 4307 }, // U+00A8
    { 10, 11, 10, 0, 11, 63, 4321 }, // U+00A9
    { 6, 6, 10, 2, 12, 27, 4384 }, // U+00AA
    { 8, 7, 10, 1, 8, 31, 4411 }, // U+00AB
    { 8, 5, 10, 1, 6, 19, 4442 }, // U+00AC
    { 8, 1, 10, 1, 6, 12, 4461 }, // U+00AD
    { 8, 7, 10, 1, 12, 37, 4473 }, // U+00AE
    { 6, 1, 10, 2, 11, 11, 4510 }, // U+00AF
    { 6, 5, 10, 2, 12, 23, 4521 }, // U+00B0
    { 8, 9, 10, 1, 9, 25, 4544 }, // U+00B1
    { 6, 7, 10, 2, 14, 30, 4569 }, // U+00B2
    { 6, 7, 10, 2, 14, 29, 4599 }, // U+00B3
    { 5, 4, 10, 3, 14, 20, 4628 }, // U+00B4
    { 9, 11, 10, 1, 8, 41, 4648 }, // U+00B5
    { 8, 13, 10, 1, 11, 38, 4689 }, // U+00B6
    { 4, 3, 10, 3, 8, 14, 4727 }, // U+00B7
    { 4, 5, 10, 3, 0, 18, 4741 }, // U+00B8
    { 7, 6, 10, 2, 13, 20, 4759 }, // U+00B9
    { 6, 5, 10, 2, 12, 22, 4779 }, // U+00BA
    { 8, 7, 10, 1, 8, 34, 4801 }, // U+00BB
    { 10, 11, 10, 0, 11, 52, 4835 }, // U+00BC
    { 10, 11, 10, 0, 11, 53, 4887 }, // U+00BD
    { 11, 11, 10, 0, 11, 65, 4940 }, // U+00BE
    { 8, 11, 10, 1, 8, 48, 5005 }, // U+00BF
    { 10, 15, 10, 0, 15, 78, 5053 }, // U+00C0
    { 10, 15, 10, 0, 15, 77, 5131 }, // U+00C1
    { 10, 14, 10, 0, 14, 76, 5208 }, // U+00C2
    { 10, 14, 10, 0, 14, 75, 5284 }, // U+00C3
    { 10, 14, 10, 0, 14, 74, 5359 }, // U+00C4
    { 10, 16, 10, 0, 16, 78, 5433 }, // U+00C5
    { 12, 11, 10, -1, 11, 60, 5511 }, // U+00C6
    { 9, 16, 10, 1, 11, 70, 5571 }, // U+00C7
    { 9, 15, 10, 1, 15, 41, 5641 }, // U+00C8
    { 9, 15, 10, 1, 15, 41, 5682 }, // U+00C9
    { 9, 14, 10, 1, 14, 38, 5723 }, // U+00CA
    { 9, 14, 10, 1, 14, 36, 5761 }, // U+00CB
    { 8, 15, 10, 1, 15, 34, 5797 }, // U+00CC
    { 8, 15, 10, 1, 15, 34, 5831 }, // U+00CD
    { 8, 14, 10, 1, 14, 31, 5865 }, // U+00CE
    { 8, 14, 10, 1, 14, 29, 5896 }, // U+00CF
    { 10, 11, 10, 0, 11, 54, 5925 }, // U+00D0
    { 8, 14, 10, 1, 14, 64, 5979 }, // U+00D1
    { 10, 15, 10, 0, 15, 66, 6043 }, // U+00D2
    { 10, 15, 10, 0, 15, 65, 6109 }, // U+00D3
    { 10, 14, 10, 0, 14, 62, 6174 }, // U+00D4
    { 10, 14, 10, 0, 14, 63, 6236 }, // U+00D5
    { 10, 14, 10, 0, 14, 61, 6299 }, // U+00D6
    { 8, 9, 10, 1, 10, 37, 6360 }, // U+00D7
    { 10, 13, 10, 0, 12, 76, 6397 }, // U+00D8
    { 8, 15, 10, 1, 15, 44, 6473 }, // U+00D9
    { 8, 15, 10, 1, 15, 45, 6517 }, // U+00DA
    { 8, 14, 10, 1, 14, 41, 6562 }, // U+00DB
    { 8, 14, 10, 1, 14, 40, 6603 }, // U+00DC
    { 10, 15, 10, 0, 15, 62, 6643 }, // U+00DD
    { 9, 11, 10, 1, 11, 37, 6705 }, // U+00DE
    { 9, 12, 10, 1, 12, 64, 6742 }, // U+00DF
    { 8, 14, 10, 1, 14, 57, 6806 }, // U+00E0
    { 8, 14, 10, 1, 14, 58, 6863 }, // U+00E1
    { 8, 13, 10, 1, 13, 56, 6921 }, // U+00E2
    { 8, 13, 10, 1, 13, 55, 6977 }, // U+00E3
    { 8, 12, 10, 1, 12, 50, 7032 }, // U+00E4
    { 8, 14, 10, 1, 14, 56, 7082 }, // U+00E5
    { 11, 8, 10, 0, 8, 57, 7138 }, // U+00E6
    { 9, 13, 10, 1, 8, 60, 7195 }, // U+00E7
    { 9, 14, 10, 1, 14, 62, 7255 }, // U+00E8
    { 9, 14, 10, 1, 14, 65, 7317 }, // U+00E9
    { 9, 13, 10, 1, 13, 63, 7382 }, // U+00EA
    { 9, 12, 10, 1, 12, 58, 7445 }, // U+00EB
    { 7, 14, 10, 1, 14, 34, 7503 }, // U+00EC
    { 8, 14, 10, 1, 14, 33, 7537 }, // U+00ED
    { 8, 13, 10, 1, 13, 29, 7570 }, // U+00EE
    { 8, 12, 10, 1, 12, 24, 7599 }, // U+00EF
    { 10, 12, 10, 0, 12, 71, 7623 }, // U+00F0
    { 8, 13, 10, 1, 13, 41, 7694 }, // U+00F1
    { 10, 14, 10, 0, 14, 57, 7735 }, // U+00F2
    { 10, 14, 10, 0, 14, 56, 7792 }, // U+00F3
    { 10, 13, 10, 0, 13, 54, 7848 }, // U+00F4
    { 10, 13, 10, 0, 13, 54, 7902 }, // U+00F5
    { 10, 12, 10, 0, 12, 50, 7956 }, // U+00F6
    { 8, 7, 10, 1, 9, 24, 8006 }, // U+00F7
    { 10, 10, 10, 0, 9, 59, 8030 }, // U+00F8
    { 8, 14, 10, 1, 14, 44, 8089 }, // U+00F9
    { 8, 14, 10, 1, 14, 45, 8133 }, // U+00FA
    { 8, 13, 10, 1, 13, 41, 8178 }, // U+00FB
    { 8, 12, 10, 1, 12, 37, 8219 }, // U+00FC
    { 10, 17, 10, 0, 14, 75, 8256 }, // U+00FD
    { 9, 15, 10, 1, 12, 49, 8331 }, // U+00FE
    { 10, 15, 10, 0, 12, 67, 8380 }, // U+00FF
};
const UnicodeInterval UiMicroIntervals[] PROGMEM = {
    { 0x20, 0x7E, 0x0 },
    { 0xA0, 0xFF, 0x5F },
};
const GFXfont UiMicro PROGMEM = {
    (uint8_t *)UiMicroBitmaps,
    (GFXglyph *)UiMicroGlyphs,
    (UnicodeInterval *)UiMicroIntervals,
    2,
    1,
    21,
    17,
    -5,
};

const uint8_t UiSmallBitmaps[10989] PROGMEM = {
    0x78, 0x9C, 0x03, 0x00, 0x00, 0x00, 0x00, 0x01, 0x78, 0x9C, 0xDB, 0xE0, 0xBF, 0xC0, 0x7F, 0x81,
    0xFD, 0x04, 0xFB, 0x06, 0xFD, 0x06, 0xF9, 0x02, 0xF9, 0x04, 0x7E, 0x06, 0x20, 0xD8, 0x10, 0xF7,
    0xE5, 0xFD, 0x97, 0xF7, 0x1B, 0xE2, 0x01, 0x9C, 0x0D, 0x0B, 0xCC, 0x78, 0x9C, 0xFB, 0x21, 0x5F,
    0xF0, 0x9F, 0xE9, 0x3B, 0x90, 0x60, 0xFC, 0xC6, 0x9F, 0xF0, 0x9F, 0xE1, 0x2B, 0x9F, 0xC3, 0x7B,
    0x86, 0xCF, 0x3C, 0x0A, 0xE7, 0x19, 0x3E, 0x72, 0x31, 0xAC, 0x67, 0xF8, 0xC0, 0xC1, 0xD0, 0xC7,
    0x00, 0x00, 0x2B, 0xB1, 0x0E, 0xC3, 0x78, 0x9C, 0x01, 0x41, 0x00, 0xBE, 0xFF, 0x00, 0x80, 0x0C,
    0x90, 0x0B, 0x00, 0xA0, 0x0A, 0xB0, 0x09, 0x00, 0xD0, 0x08, 0xD0, 0x06, 0xD0, 0xFF, 0x38, 0xF3,
    0x69, 0x00, 0xF2, 0x89, 0xF9, 0xEE, 0x00, 0xF3, 0x01, 0xF4, 0x00, 0x00, 0xF4, 0x00, 0xE6, 0x00,
    0x00, 0xF6, 0x99, 0xEC, 0x25, 0xF4, 0xEF, 0xCC, 0xFE, 0x9F, 0x00, 0x9A, 0x00, 0x8C, 0x00, 0x00,
    0x7C, 0x00, 0x6E, 0x00, 0x00, 0x5E, 0x00, 0x4F, 0x00, 0x00, 0x3F, 0x20, 0x2F, 0x00, 0x7F, 0x45,
    0x18, 0xF7, 0x78, 0x9C, 0x63, 0x60, 0xF8, 0xCA, 0xC4, 0xC0, 0x80, 0x20, 0x16, 0xFD, 0xBF, 0x2F,
    0xAE, 0x70, 0x9F, 0x79, 0x92, 0xDC, 0x84, 0x7C, 0xA0, 0xC8, 0x02, 0x10, 0x11, 0xF0, 0x5F, 0x13,
    0x24, 0xF9, 0x3F, 0x06, 0x48, 0x5E, 0xFF, 0xCF, 0x0D, 0x24, 0x9F, 0xF6, 0x03, 0x09, 0x87, 0xF3,
    0x0A, 0x40, 0xB9, 0xF5, 0x0F, 0xF3, 0x18, 0x2F, 0xEB, 0x07, 0xDC, 0xFA, 0x3F, 0x97, 0x91, 0x01,
    0xD5, 0x28, 0x00, 0xA3, 0xCB, 0x1A, 0x86, 0x78, 0x9C, 0x53, 0xF8, 0x63, 0xC3, 0x00, 0x04, 0x0F,
    0xA4, 0x7E, 0x30, 0x32, 0x54, 0x30, 0x7C, 0x61, 0xFA, 0xC8, 0x16, 0xB0, 0x9E, 0xE1, 0x1B, 0xE3,
    0x07, 0xF6, 0xCF, 0x5C, 0x0C, 0x5F, 0x98, 0x3F, 0x8A, 0xAD, 0x03, 0xC9, 0xBD, 0x74, 0xE4, 0x62,
    0x60, 0x50, 0x80, 0xA8, 0x04, 0x82, 0x82, 0x77, 0x9C, 0x40, 0x2E, 0xF7, 0x37, 0xE5, 0x3E, 0x06,
    0x86, 0x47, 0x9C, 0x7B, 0x18, 0x5E, 0x32, 0x28, 0xEC, 0x63, 0x98, 0xC7, 0xF0, 0x9D, 0xE1, 0x91,
    0x2C, 0x03, 0x88, 0xB7, 0x91, 0x89, 0x01, 0x2C, 0x07, 0x51, 0x09, 0x00, 0x0F, 0x2E, 0x1E, 0x6E,
    0x78, 0x9C, 0x63, 0x70, 0xF8, 0xEB, 0xCB, 0x00, 0x04, 0x9F, 0x38, 0x7F, 0x31, 0x02, 0xA9, 0x1F,
    0x4C, 0xDF, 0x98, 0x81, 0xD4, 0x4F, 0xA6, 0x9F, 0x20, 0xDE, 0xF7, 0xD0, 0x7E, 0xB0, 0xDC, 0x3F,
    0x4E, 0x10, 0xF5, 0x70, 0x3D, 0x03, 0xC3, 0x2A, 0x06, 0x81, 0xBF, 0xFF, 0x99, 0x0D, 0xD6, 0x33,
    0x6C, 0xE8, 0xFF, 0x2A, 0x37, 0xC1, 0x9F, 0xE1, 0x23, 0xDF, 0x84, 0xFB, 0x9F, 0x79, 0x18, 0x80,
    0xE8, 0xE7, 0x7F, 0x16, 0x86, 0x0F, 0xFC, 0x0C, 0x17, 0xFE, 0xB3, 0x33, 0x24, 0xEC, 0x17, 0xFA,
    0xF9, 0xE6, 0x3D, 0x03, 0xC3, 0x91, 0xFF, 0x31, 0x02, 0x3B, 0x18, 0x00, 0x16, 0x5A, 0x23, 0xBF,
    0x78, 0x9C, 0xFB, 0x30, 0xFF, 0xC3, 0xFC, 0x07, 0xFD, 0x17, 0xF2, 0x37, 0xF8, 0x4F, 0xD0, 0x2F,
    0xE0, 0x07, 0x00, 0x48, 0x0D, 0x08, 0x0A, 0x78, 0x9C, 0x63, 0x60, 0xA8, 0x62, 0x60, 0x58, 0x50,
    0xCF, 0xC0, 0xF0, 0x9D, 0x83, 0x41, 0xE1, 0x3C, 0x03, 0xC3, 0x06, 0x7D, 0x06, 0x86, 0x4F, 0x3C,
    0x0C, 0x0C, 0xDF, 0xD8, 0x19, 0x18, 0x7E, 0x32, 0x33, 0x30, 0xFC, 0x66, 0x62, 0x60, 0xF8, 0xC3,
    0x00, 0xA1, 0x41, 0x7C, 0x90, 0x38, 0x48, 0x1E, 0xA4, 0x4E, 0x61, 0x3F, 0x03, 0x58, 0x1F, 0x58,
    0x3F, 0xD0, 0x1C, 0x00, 0xB9, 0x9C, 0x11, 0xA1, 0x78, 0x9C, 0xDB, 0xC8, 0xC2, 0xC0, 0x70, 0xD0,
    0x9F, 0x81, 0x41, 0xE0, 0x2F, 0x13, 0x03, 0xC3, 0x67, 0x6E, 0x06, 0x86, 0x09, 0xF1, 0x0C, 0x0C,
    0x06, 0xFB, 0x19, 0x18, 0x18, 0xFE, 0x02, 0xF1, 0x4F, 0x66, 0x06, 0x86, 0x1F, 0xAC, 0x0C, 0x0C,
    0xDF, 0x59, 0x21, 0x34, 0x88, 0x0F, 0x14, 0x57, 0xD8, 0x0F, 0x51, 0x07, 0x54, 0x0F, 0xD2, 0x07,
    0xD2, 0xBF, 0x11, 0x68, 0x0E, 0x00, 0xC1, 0xA3, 0x12, 0x39, 0x78, 0x9C, 0x63, 0x60, 0x50, 0x60,
    0x00, 0x82, 0xA7, 0x20, 0xE2, 0x2B, 0x03, 0x90, 0xF3, 0x8D, 0x41, 0xE1, 0x73, 0xEF, 0xCF, 0x65,
    0xE7, 0x19, 0x96, 0xFE, 0xEF, 0x63, 0x66, 0x28, 0xF8, 0x2F, 0xC7, 0xC0, 0xF0, 0x51, 0x7B, 0x3D,
    0x03, 0xC3, 0x6D, 0xC6, 0xAF, 0x2C, 0x0C, 0x36, 0x0C, 0x13, 0xD8, 0x01, 0x5E, 0x81, 0x0F, 0x54,
    0x78, 0x9C, 0x63, 0x60, 0x00, 0x83, 0x1F, 0x8C, 0xE8, 0xC4, 0x97, 0xFF, 0xFF, 0xFF, 0xBF, 0xC7,
    0x26, 0x01, 0x06, 0x00, 0x62, 0xA8, 0x0C, 0xA9, 0x78, 0x9C, 0x3B, 0xB8, 0x9E, 0xE1, 0xEB, 0x7F,
    0x96, 0x83, 0xFF, 0xD9, 0x19, 0xBE, 0xB1, 0x31, 0xFC, 0x66, 0x9C, 0xD0, 0xCF, 0xF0, 0x87, 0x83,
    0x41, 0x85, 0x81, 0x01, 0x00, 0x91, 0xC4, 0x09, 0x6F, 0x78, 0x9C, 0xFB, 0xF2, 0xFF, 0xFF, 0xFF,
    0xF7, 0x00, 0x0E, 0xAF, 0x04, 0xE1, 0x78, 0x9C, 0x3B, 0x58, 0xCF, 0xF0, 0xFD, 0x3F, 0xE3, 0x8F,
    0xFF, 0x8C, 0x07, 0xEB, 0x19, 0x00, 0x2D, 0x4B, 0x06, 0x70, 0x78, 0x9C, 0x63, 0x60, 0x60, 0x08,
    0xA8, 0x67, 0x60, 0x60, 0xD8, 0x20, 0x0F, 0x24, 0x3E, 0x72, 0x01, 0x89, 0x1F, 0x2C, 0x40, 0xE2,
    0x2D, 0x10, 0x3B, 0xF4, 0x03, 0x89, 0x05, 0xFA, 0x20, 0x71, 0x1E, 0x20, 0xF1, 0x8D, 0x0D, 0x48,
    0xFC, 0x01, 0x62, 0x85, 0xF5, 0x40, 0x62, 0x82, 0x3D, 0x90, 0x78, 0xC0, 0x0B, 0x24, 0xBE, 0xB2,
    0x03, 0x89, 0xDF, 0x8C, 0x0C, 0x0C, 0x02, 0xFB, 0x81, 0x8C, 0x82, 0x78, 0x20, 0x71, 0x81, 0x0F,
    0x48, 0x00, 0x00, 0xDE, 0x67, 0x10, 0x15, 0x78, 0x9C, 0x63, 0x58, 0xF4, 0xAF, 0x96, 0x81, 0x41,
    0xE1, 0x1C, 0xD3, 0x57, 0x6E, 0x86, 0x03, 0xF2, 0x0C, 0x05, 0xF9, 0x0C, 0x9F, 0xB9, 0x18, 0x04,
    0xCE, 0x33, 0x7C, 0x63, 0x67, 0x60, 0xF8, 0xCB, 0xF0, 0x83, 0xF5, 0x26, 0xF3, 0x1F, 0xA6, 0x9F,
    0xAC, 0xFF, 0xB9, 0x7E, 0x33, 0xFD, 0x60, 0xFD, 0xC5, 0xF2, 0x87, 0x09, 0x22, 0xFE, 0x09, 0xAC,
    0x06, 0xA4, 0x3E, 0x1E, 0xAC, 0x97, 0x8B, 0x81, 0x01, 0x6C, 0x0E, 0x00, 0x63, 0x6E, 0x1C, 0x05,
    0x78, 0x9C, 0x63, 0x70, 0xFC, 0xC5, 0xCB, 0xC0, 0x60, 0xF0, 0xFF, 0x3F, 0x90, 0x14, 0x08, 0xFD,
    0x01, 0x24, 0x19, 0x18, 0xBE, 0x90, 0x41, 0x7E, 0xF8, 0x0F, 0x04, 0xCC, 0x00, 0xA0, 0xAE, 0x12,
    0xE6, 0x78, 0x9C, 0x73, 0x78, 0xFD, 0xDF, 0x9B, 0x81, 0xE1, 0xAB, 0x8D, 0xC2, 0x6F, 0x36, 0x86,
    0x00, 0x06, 0x86, 0x07, 0xFC, 0x0C, 0x40, 0xB0, 0xC1, 0x1F, 0x44, 0x1E, 0x00, 0x93, 0x1F, 0xC1,
    0x22, 0xBF, 0x38, 0x80, 0x44, 0xC2, 0x7D, 0x10, 0xF3, 0x8B, 0x3E, 0x90, 0x70, 0xF8, 0xCF, 0x0C,
    0x24, 0xBF, 0xDA, 0x83, 0x44, 0xDF, 0x83, 0x98, 0xDF, 0xFE, 0xFF, 0xFB, 0xFF, 0x9F, 0x01, 0x00,
    0x0D, 0x78, 0x15, 0x32, 0x78, 0x9C, 0x0B, 0x78, 0xF5, 0x3E, 0x87, 0xE1, 0xA1, 0x8F, 0xC0, 0x0F,
    0x1E, 0x01, 0x06, 0x86, 0x03, 0xF1, 0x0C, 0x0C, 0x0C, 0x0B, 0xEA, 0x81, 0xC4, 0x03, 0x7B, 0x06,
    0x86, 0xC0, 0xBF, 0x6C, 0x0C, 0x07, 0xFE, 0x83, 0x84, 0x0C, 0x7F, 0xCA, 0x00, 0xC9, 0x82, 0xFD,
    0x40, 0xC2, 0xE0, 0xBF, 0x03, 0x03, 0x43, 0xC2, 0xF9, 0x9F, 0x96, 0x02, 0xDF, 0xF4, 0x0A, 0xDF,
    0xFC, 0xEF, 0x65, 0x04, 0x00, 0xBE, 0x01, 0x16, 0x19, 0x78, 0x9C, 0x63, 0x60, 0x60, 0xF8, 0xDC,
    0xCF, 0xC0, 0xC0, 0x20, 0xB0, 0x0E, 0x44, 0x6E, 0xC8, 0x06, 0x91, 0x3F, 0x12, 0x81, 0xA4, 0x43,
    0x7C, 0x02, 0x90, 0x7C, 0xC4, 0x0D, 0x22, 0xDF, 0x32, 0x02, 0xC9, 0x05, 0xF1, 0x0C, 0x40, 0xF2,
    0xD3, 0x7F, 0x20, 0x00, 0x29, 0x02, 0x89, 0x63, 0x90, 0x00, 0x92, 0xFF, 0x16, 0xD0, 0x78, 0x9C,
    0x4B, 0xF8, 0xFF, 0xFF, 0x7F, 0x3E, 0x43, 0x41, 0x3E, 0x03, 0x10, 0x34, 0xC4, 0x83, 0xC8, 0x09,
    0xFE, 0x20, 0x72, 0x81, 0x3E, 0x88, 0xDC, 0xF0, 0xFE, 0xFF, 0x5A, 0x26, 0x86, 0x84, 0x18, 0xC1,
    0x6F, 0xF6, 0x20, 0x6E, 0xC1, 0x79, 0x10, 0xA9, 0xF0, 0x1F, 0x44, 0x1A, 0xFC, 0x67, 0x30, 0x00,
    0x6A, 0x99, 0xCF, 0xF0, 0x53, 0x43, 0xE1, 0x87, 0x2C, 0x43, 0xE1, 0x9B, 0xFF, 0x39, 0x0C, 0x0C,
    0x00, 0x76, 0xFB, 0x16, 0x82, 0x78, 0x9C, 0x63, 0x08, 0xF8, 0xFD, 0x3E, 0x9A, 0x81, 0xE1, 0xA7,
    0x84, 0x41, 0x0E, 0x43, 0x40, 0x3F, 0x03, 0x10, 0x5C, 0xE0, 0x07, 0x91, 0x9F, 0xB8, 0x41, 0xE4,
    0x57, 0x8D, 0x57, 0xE7, 0xD9, 0x18, 0xBE, 0xEF, 0x61, 0x5E, 0xD4, 0xCF, 0xF0, 0x0D, 0x28, 0xF2,
    0x8F, 0xF1, 0x2B, 0x17, 0x03, 0xC3, 0x6F, 0xE6, 0x8F, 0x7C, 0x0C, 0x0C, 0x7F, 0x98, 0x17, 0xC4,
    0x33, 0x08, 0xBC, 0x67, 0x10, 0x78, 0xCB, 0x72, 0xC8, 0x9F, 0x81, 0xA1, 0xE1, 0xEF, 0x3A, 0x26,
    0x06, 0x00, 0xB8, 0xA9, 0x18, 0xF9, 0x78, 0x9C, 0xFB, 0xF9, 0x1F, 0x08, 0x98, 0x18, 0x18, 0x18,
    0x0A, 0xF2, 0x81, 0x04, 0xC3, 0x67, 0x2E, 0x10, 0xF9, 0x97, 0x11, 0x48, 0x24, 0xD4, 0x83, 0x98,
    0x0F, 0xE4, 0x41, 0xE4, 0x17, 0xB0, 0xF0, 0x4F, 0x56, 0xB0, 0x24, 0x48, 0xB5, 0xC0, 0x7F, 0x10,
    0xD3, 0xE0, 0x3D, 0x88, 0x0C, 0x38, 0x0F, 0x22, 0x13, 0xF6, 0x03, 0x09, 0x00, 0x25, 0xCA, 0x11,
    0x17, 0x78, 0x9C, 0x01, 0x4E, 0x00, 0xB1, 0xFF, 0x00, 0xA3, 0xFD, 0x9D, 0x01, 0x00, 0x30, 0xAF,
    0x02, 0xD3, 0x1E, 0x00, 0xB0, 0x1F, 0x00, 0x30, 0x8F, 0x00, 0xC0, 0x5F, 0x00, 0x50, 0x8F, 0x00,
    0x60, 0xFF, 0x4A, 0xE2, 0x3F, 0x00, 0x00, 0xF6, 0xFF, 0xEF, 0x04, 0x00, 0x10, 0xFA, 0xFF, 0xEF,
    0x06, 0x00, 0xD0, 0x8F, 0x61, 0xFD, 0x8F, 0x00, 0xF6, 0x09, 0x00, 0x70, 0xFF, 0x00, 0xF9, 0x04,
    0x00, 0x00, 0xFD, 0x02, 0xF6, 0x07, 0x00, 0x00, 0xFE, 0x00, 0xC0, 0x7F, 0x01, 0xA2, 0x6F, 0x00,
    0x00, 0xC6, 0xFF, 0xAE, 0x04, 0x00, 0xB1, 0x8A, 0x1E, 0xC6, 0x78, 0x9C, 0x63, 0x38, 0xFA, 0xDF,
    0x9B, 0x81, 0x61, 0x42, 0xBD, 0xE0, 0x4F, 0x0E, 0x86, 0x2F, 0x5C, 0x0C, 0x1B, 0xEC, 0x19, 0x7E,
    0xB2, 0x32, 0x38, 0xAC, 0x67, 0xF8, 0xC5, 0xCA, 0xC0, 0xF0, 0x9F, 0xE1, 0x3B, 0x07, 0x83, 0xC2,
    0x7F, 0x86, 0x0B, 0xF9, 0x82, 0xC7, 0xFE, 0x31, 0x0A, 0xDC, 0xBA, 0xCF, 0xFE, 0x9F, 0x01, 0x08,
    0x04, 0xCE, 0x83, 0xC8, 0x84, 0x7A, 0x10, 0x79, 0x41, 0x8E, 0xE1, 0x80, 0x84, 0xC1, 0x1F, 0x16,
    0x86, 0xC6, 0x3F, 0xEF, 0x35, 0x19, 0x18, 0x00, 0x18, 0x5A, 0x19, 0x54, 0x78, 0x9C, 0x3B, 0x58,
    0xCF, 0xF0, 0xFD, 0x3F, 0xE3, 0x8F, 0xFF, 0x8C, 0x07, 0xEB, 0x19, 0xE0, 0xE0, 0x20, 0x92, 0x20,
    0x00, 0xE1, 0xBA, 0x0C, 0xDF, 0x78, 0x9C, 0x3B, 0x58, 0xCF, 0xF0, 0xFD, 0x3F, 0xE3, 0x8F, 0xFF,
    0x8C, 0x07, 0xEB, 0x19, 0x90, 0xC1, 0xC1, 0xF5, 0x0C, 0x5F, 0xFF, 0xB3, 0x1C, 0xFC, 0xCF, 0xCE,
    0xF0, 0x8D, 0x8D, 0xE1, 0x37, 0xE3, 0x84, 0x7E, 0x86, 0x3F, 0x1C, 0x0C, 0x2A, 0x0C, 0x0C, 0x00,
    0xA6, 0xC6, 0x0F, 0xDE, 0x78, 0x9C, 0x63, 0x60, 0x60, 0x68, 0x64, 0x03, 0xE2, 0x3E, 0x20, 0x5E,
    0xCF, 0xC8, 0xD0, 0x78, 0x9E, 0x99, 0x81, 0xE1, 0x07, 0x17, 0x03, 0x03, 0x84, 0x05, 0x16, 0x83,
    0xC8, 0x82, 0xD4, 0x01, 0x00, 0xD8, 0x6D, 0x09, 0x37, 0x78, 0x9C, 0xFB, 0xF2, 0xFF, 0xFF, 0xFF,
    0xF7, 0x0C, 0xA8, 0xE0, 0x0B, 0x48, 0x0C, 0x00, 0x7E, 0xED, 0x09, 0xC1, 0x78, 0x9C, 0x8B, 0x62,
    0x00, 0x82, 0xCD, 0xB1, 0x20, 0xF2, 0x8A, 0x0F, 0x88, 0x7C, 0x0E, 0x22, 0x15, 0xFE, 0x31, 0x32,
    0x30, 0x3C, 0x03, 0xB2, 0xAE, 0x00, 0x65, 0x36, 0x81, 0x64, 0xA3, 0x40, 0x72, 0x00, 0xCB, 0xAB,
    0x08, 0xA9, 0x78, 0x9C, 0x6B, 0xFC, 0x7B, 0x9F, 0x9D, 0xE1, 0xA9, 0x58, 0xE3, 0x7A, 0x06, 0x20,
    0xF8, 0xC7, 0xC8, 0xC0, 0x60, 0xF0, 0x1F, 0xC8, 0x78, 0x94, 0xCF, 0xC0, 0xA0, 0xF0, 0x8F, 0x95,
    0x81, 0xE1, 0x80, 0x3F, 0x90, 0xF7, 0x91, 0x87, 0x01, 0x19, 0x5C, 0xD2, 0x05, 0x12, 0x3F, 0xE7,
    0xC3, 0x08, 0x10, 0x17, 0x00, 0x99, 0x72, 0x10, 0x6C, 0x78, 0x9C, 0x63, 0x60, 0x38, 0xFA, 0x2F,
    0x86, 0x81, 0x61, 0x43, 0x1E, 0xE3, 0x37, 0x76, 0x86, 0x97, 0x4C, 0x0C, 0x05, 0xF2, 0x0A, 0xF9,
    0x0C, 0x0C, 0x02, 0xF1, 0x13, 0xF8, 0x19, 0x18, 0x18, 0xEA, 0x2F, 0x70, 0x33, 0x04, 0x9C, 0xAC,
    0xFF, 0xC0, 0x91, 0x70, 0x2E, 0xBC, 0xFE, 0x03, 0xFB, 0x27, 0x2E, 0x01, 0x20, 0xF9, 0x95, 0x45,
    0x01, 0x28, 0xF2, 0x89, 0xEB, 0x70, 0xFD, 0x01, 0xEE, 0x80, 0xBF, 0xD6, 0x35, 0x0D, 0x20, 0x95,
    0x0C, 0x02, 0xF5, 0x20, 0x92, 0xE1, 0x07, 0x13, 0x88, 0x5C, 0x90, 0xCF, 0x38, 0x99, 0x95, 0x81,
    0x61, 0xEB, 0xBF, 0xB5, 0xCC, 0x00, 0xF2, 0x7E, 0x1E, 0x7A, 0x78, 0x9C, 0x63, 0x60, 0xF8, 0xB8,
    0x9E, 0x01, 0x04, 0xBE, 0xFD, 0x07, 0x53, 0xBF, 0x7F, 0xB0, 0x02, 0x49, 0x81, 0xFD, 0x9F, 0xB9,
    0x80, 0x54, 0x42, 0xFE, 0x03, 0x7E, 0x20, 0xB5, 0x41, 0x7F, 0x82, 0x3F, 0x90, 0xFA, 0xC0, 0xEB,
    0x30, 0x1F, 0x48, 0x7D, 0xE5, 0x60, 0x78, 0x0F, 0xA4, 0x7E, 0xFD, 0xFF, 0xFF, 0x9F, 0x85, 0x81,
    0x61, 0x3F, 0x03, 0xC3, 0x67, 0x4E, 0x86, 0x80, 0x7E, 0xA0, 0x34, 0x1F, 0xC3, 0x02, 0xA0, 0xB2,
    0x03, 0xF6, 0x0C, 0x1F, 0x80, 0x9A, 0x1A, 0xFA, 0x19, 0xBE, 0xF0, 0x30, 0x30, 0x38, 0xBC, 0x67,
    0x00, 0x00, 0x56, 0x5F, 0x1C, 0x5C, 0x78, 0x9C, 0xFB, 0xF8, 0xFF, 0xFF, 0x5C, 0x26, 0x86, 0x8F,
    0xFC, 0x02, 0x5F, 0xF5, 0x80, 0x24, 0x43, 0xC1, 0x7C, 0x10, 0xE9, 0x70, 0x1E, 0x41, 0x36, 0xD4,
    0x83, 0x64, 0xBF, 0xF1, 0x30, 0x7C, 0xFC, 0xFF, 0xFF, 0x3E, 0x0B, 0x48, 0xA4, 0x69, 0x3F, 0x88,
    0x64, 0xF8, 0xC5, 0x06, 0x22, 0x7F, 0x70, 0x80, 0xC8, 0x3F, 0xAC, 0x40, 0x72, 0xD2, 0x79, 0x90,
    0x9A, 0x73, 0x6C, 0x0C, 0x00, 0xB5, 0xEF, 0x22, 0x38, 0x78, 0x9C, 0x63, 0x30, 0x78, 0xF5, 0xBF,
    0x86, 0x91, 0xE1, 0xBB, 0xB5, 0xC2, 0x2D, 0xC6, 0x84, 0xFD, 0x0C, 0x40, 0xF0, 0x40, 0x1E, 0x44,
    0x7E, 0xE5, 0x01, 0x91, 0x3F, 0x39, 0x41, 0xE4, 0x2F, 0x76, 0x04, 0x09, 0x11, 0x81, 0xC8, 0x7E,
    0xD0, 0x07, 0x91, 0x20, 0x5D, 0x06, 0x40, 0x09, 0x6B, 0x85, 0x9F, 0x6C, 0x0C, 0x0E, 0xAF, 0xDF,
    0xD7, 0x30, 0x00, 0x00, 0x67, 0x93, 0x14, 0x41, 0x78, 0x9C, 0xFB, 0xF2, 0xFF, 0xBD, 0x17, 0x03,
    0xC3, 0x17, 0x5E, 0x83, 0x5F, 0x5C, 0x40, 0x92, 0x61, 0x41, 0x3F, 0x88, 0x14, 0xF8, 0xCF, 0x08,
    0x24, 0x19, 0x7E, 0xB3, 0x81, 0xC8, 0x9F, 0x9C, 0x20, 0xF2, 0x07, 0x17, 0x82, 0xFC, 0xC9, 0x01,
    0x22, 0xFF, 0xB0, 0xC2, 0x55, 0x82, 0x75, 0x19, 0xFC, 0x06, 0x9A, 0xF0, 0xFF, 0xBD, 0x37, 0x03,
    0x03, 0x00, 0x4A, 0x5F, 0x1F, 0x56, 0x78, 0x9C, 0xFB, 0xFD, 0xFF, 0xFF, 0x7F, 0xFE, 0xDF, 0x6C,
    0x0C, 0x0C, 0x0C, 0xB8, 0x09, 0xA0, 0x12, 0xFC, 0xB2, 0xFA, 0x00, 0x47, 0x7F, 0x17, 0x32, 0x78,
    0x9C, 0xFB, 0xFA, 0xFF, 0xFF, 0x7F, 0xFF, 0xAF, 0x3C, 0x0C, 0x0C, 0x0C, 0xB8, 0x09, 0xA0, 0x12,
    0x16, 0xFC, 0x4A, 0x00, 0x4C, 0xAF, 0x14, 0x44, 0x78, 0x9C, 0x63, 0x08, 0x78, 0xFD, 0x3E, 0x9A,
    0x81, 0xE1, 0xB7, 0x84, 0xC1, 0x5C, 0x86, 0x05, 0xF5, 0x0C, 0x40, 0xF0, 0x99, 0x17, 0x44, 0xFE,
    0xE4, 0x00, 0x91, 0x7F, 0x58, 0x41, 0xE4, 0x3F, 0x16, 0x08, 0x69, 0xF0, 0xFF, 0x3F, 0x0B, 0x48,
    0xE4, 0x17, 0x0B, 0x48, 0xF6, 0x17, 0xCB, 0x17, 0x5E, 0x10, 0xB9, 0x21, 0x1E, 0x44, 0x0A, 0xFC,
    0x11, 0x0F, 0xF8, 0xC7, 0xC4, 0x90, 0xF0, 0xE7, 0xBE, 0x04, 0x03, 0x00, 0xF7, 0xE7, 0x19, 0x8D,
    0x78, 0x9C, 0xFB, 0xC6, 0xCD, 0x20, 0xF0, 0x9F, 0xE1, 0x1B, 0x31, 0xE4, 0x7F, 0x20, 0x20, 0x4A,
    0x25, 0x00, 0x4C, 0x52, 0x1F, 0xC3, 0x78, 0x9C, 0xFB, 0xF8, 0xFF, 0xFF, 0xFF, 0xFD, 0x0C, 0x0C,
    0x7F, 0x58, 0x19, 0xC8, 0x24, 0x3E, 0x82, 0x0C, 0x00, 0x00, 0xF8, 0x95, 0x15, 0x67, 0x78, 0x9C,
    0x73, 0xF8, 0xFF, 0xFF, 0x7F, 0x3D, 0x03, 0x03, 0xC3, 0x02, 0x52, 0x88, 0x0D, 0xF1, 0x01, 0x4C,
    0x0C, 0x0F, 0xE4, 0x3F, 0xF9, 0x29, 0xFC, 0xE2, 0x70, 0x78, 0xF5, 0x3F, 0x86, 0x01, 0x00, 0xE0,
    0x3B, 0x15, 0x1B, 0x78, 0x9C, 0xFB, 0xC8, 0xCF, 0x20, 0xF0, 0x8F, 0xED, 0x23, 0x3F, 0xC3, 0x81,
    0xF9, 0x0C, 0x40, 0xF2, 0x27, 0x0F, 0x90, 0x4C, 0x78, 0xCF, 0x08, 0x24, 0x3F, 0xDB, 0x33, 0x30,
    0x7C, 0x94, 0xFF, 0xC7, 0x05, 0x24, 0xCF, 0xFF, 0x97, 0x07, 0x92, 0xFF, 0x67, 0xAF, 0x07, 0x92,
    0xEF, 0x05, 0xFF, 0x33, 0x33, 0x7C, 0xB4, 0x67, 0xF8, 0x0E, 0x52, 0xC9, 0xF0, 0x20, 0x1E, 0x44,
    0x26, 0xDC, 0x07, 0x91, 0x0C, 0x7F, 0x41, 0xE6, 0x30, 0x7C, 0x95, 0x03, 0x00, 0x92, 0x08, 0x20,
    0xE5, 0x78, 0x9C, 0xFB, 0xCA, 0xC3, 0xC0, 0xC0, 0xF0, 0x95, 0x12, 0xE2, 0xFF, 0xFF, 0xFF, 0xF1,
    0x00, 0x17, 0xEF, 0x11, 0x5F, 0x78, 0x9C, 0xFB, 0xC9, 0xCF, 0x90, 0xF0, 0x9F, 0xE9, 0x67, 0x3C,
    0xC3, 0x06, 0x20, 0xB9, 0x8E, 0xE1, 0xE3, 0x3F, 0xA6, 0x9F, 0xBF, 0x19, 0xBE, 0xFE, 0x66, 0xFA,
    0xF9, 0x83, 0xE5, 0xD5, 0x4F, 0xA6, 0x9F, 0x5F, 0x38, 0xE7, 0xFF, 0x62, 0xFA, 0xB9, 0xC5, 0xCF,
    0x1E, 0x28, 0x12, 0xB2, 0x9F, 0xEF, 0x0F, 0xD3, 0x4F, 0xD6, 0xFF, 0x1C, 0x20, 0xF2, 0x17, 0x13,
    0x88, 0x74, 0x64, 0x00, 0x91, 0x0C, 0x68, 0x24, 0x00, 0x70, 0x8A, 0x28, 0xD7, 0x78, 0x9C, 0xFB,
    0xAA, 0xCF, 0xC0, 0xF0, 0xFF, 0xEB, 0x7C, 0x10, 0xF1, 0x9F, 0x11, 0x48, 0xFC, 0xE2, 0x04, 0x12,
    0xD7, 0xE5, 0x81, 0x44, 0x46, 0x3F, 0x90, 0xE0, 0xFC, 0xC7, 0xF8, 0xFF, 0x2B, 0xD7, 0x37, 0x76,
    0x20, 0xF1, 0x80, 0x0F, 0x48, 0x14, 0xE4, 0xFF, 0xFB, 0xCA, 0xC5, 0x70, 0xEF, 0x2F, 0x90, 0xF8,
    0x0E, 0xE4, 0x32, 0x7C, 0x04, 0x11, 0x0D, 0xFF, 0x01, 0x65, 0x54, 0x27, 0x72, 0x78, 0x9C, 0x63,
    0x50, 0x78, 0x75, 0x9F, 0x9D, 0x81, 0xE1, 0x8B, 0x4E, 0xC2, 0x79, 0x06, 0x81, 0x7F, 0x8C, 0x0C,
    0xDF, 0x39, 0x0B, 0xE6, 0x33, 0x30, 0x7C, 0x90, 0x3F, 0x10, 0xCF, 0xC0, 0xB0, 0x21, 0xFE, 0x83,
    0x3E, 0x03, 0xC3, 0x84, 0x7E, 0x10, 0xD9, 0xB0, 0x1E, 0x4C, 0xCE, 0xFF, 0x60, 0x0F, 0x12, 0x01,
    0xC9, 0x1E, 0x88, 0x87, 0xA8, 0x04, 0xEB, 0xE2, 0x80, 0x98, 0xC0, 0x00, 0x36, 0x0D, 0x00, 0x0D,
    0x22, 0x1E, 0x5C, 0x78, 0x9C, 0xFB, 0xFF, 0xFF, 0x7D, 0x34, 0xC3, 0x7F, 0x46, 0x83, 0xDF, 0x1C,
    0xFF, 0x19, 0x19, 0x1E, 0xE8, 0x03, 0x89, 0x05, 0xF9, 0x40, 0x62, 0x42, 0x3D, 0x90, 0xD8, 0x10,
    0x0F, 0x24, 0x3E, 0xCA, 0x03, 0x65, 0xFF, 0xB0, 0xFE, 0xFF, 0xFF, 0xDE, 0x0A, 0xA8, 0x8E, 0x81,
    0x01, 0x2B, 0x01, 0x00, 0x4E, 0x5B, 0x1A, 0x20, 0x78, 0x9C, 0x63, 0x50, 0x78, 0x75, 0x9F, 0x9D,
    0x81, 0xE1, 0xB3, 0x4E, 0xC0, 0x79, 0x06, 0x86, 0x7F, 0x8C, 0x0C, 0xDF, 0x39, 0x12, 0xE6, 0x33,
    0x30, 0x7C, 0xE0, 0xDF, 0x10, 0xCF, 0xC0, 0xB0, 0x21, 0xFE, 0x81, 0x3D, 0x03, 0xC3, 0x84, 0xFE,
    0x0F, 0xFA, 0x0C, 0x0C, 0x0D, 0xF3, 0x21, 0x24, 0x44, 0xE4, 0x00, 0x50, 0xF6, 0x40, 0x7C, 0x01,
    0x48, 0xA5, 0xBC, 0x00, 0x48, 0x17, 0x27, 0xC3, 0x17, 0x9D, 0x84, 0xFB, 0x0C, 0x0C, 0x06, 0xBF,
    0xDF, 0x4B, 0x32, 0x30, 0x30, 0x24, 0x00, 0x0D, 0x03, 0x82, 0x5F, 0x5A, 0x02, 0x40, 0x32, 0xE0,
    0xCD, 0x7C, 0x00, 0x34, 0xB3, 0x22, 0x7C, 0x78, 0x9C, 0xFB, 0xF8, 0xFF, 0xFF, 0x3E, 0x56, 0x86,
    0x8F, 0xFC, 0x0C, 0x87, 0xFB, 0x41, 0xA4, 0xC0, 0x7F, 0x46, 0x20, 0xC9, 0xF0, 0x97, 0x05, 0x4C,
    0x32, 0x03, 0x49, 0x85, 0xFF, 0x20, 0xF1, 0x2B, 0xF9, 0x0C, 0x1F, 0xFF, 0xFF, 0xBF, 0x0F, 0x52,
    0x59, 0x70, 0x9E, 0x01, 0x24, 0xF2, 0x0F, 0xAC, 0xEB, 0x1B, 0x2F, 0x88, 0xBC, 0x90, 0x0F, 0x22,
    0x13, 0xDE, 0x33, 0x80, 0x75, 0x71, 0x00, 0x00, 0xCE, 0xA4, 0x21, 0x23, 0x78, 0x9C, 0x63, 0x98,
    0xF8, 0xEF, 0x9C, 0x25, 0x83, 0xC1, 0x79, 0xE6, 0xC4, 0x3C, 0x86, 0x03, 0xF6, 0x0C, 0x0C, 0x8C,
    0x0C, 0x1F, 0xF4, 0x19, 0x80, 0xE0, 0xC1, 0x7A, 0x10, 0x59, 0xF0, 0x3F, 0x06, 0x44, 0x7D, 0xFF,
    0x5F, 0x07, 0x24, 0x05, 0x9E, 0xFF, 0xB7, 0x03, 0xF1, 0x9E, 0xBD, 0x07, 0x91, 0x0A, 0xFF, 0x59,
    0x40, 0xD4, 0x5F, 0x96, 0x04, 0x20, 0xF9, 0x8F, 0xF1, 0x6B, 0x1E, 0xE3, 0xA2, 0x78, 0x86, 0x80,
    0x5B, 0xFF, 0xD7, 0x31, 0x33, 0x00, 0x00, 0x1A, 0x76, 0x19, 0x20, 0x78, 0x9C, 0xFB, 0xFC, 0x1F,
    0x08, 0xCE, 0x33, 0x30, 0x1C, 0x88, 0x67, 0x60, 0xA0, 0x16, 0x09, 0x00, 0x17, 0x0C, 0x14, 0x52,
    0x78, 0x9C, 0xFB, 0xC6, 0xCD, 0xC0, 0xF0, 0x9F, 0xE1, 0x1B, 0x89, 0xE4, 0x57, 0x30, 0xF9, 0x99,
    0x87, 0x41, 0xE0, 0x3C, 0xC3, 0x05, 0x79, 0x86, 0x84, 0x7A, 0x06, 0x87, 0xF3, 0xCC, 0x5F, 0x79,
    0x19, 0x18, 0x36, 0xFF, 0x9B, 0xCB, 0xC8, 0x00, 0x00, 0xB1, 0x1D, 0x1C, 0x0F, 0x78, 0x9C, 0xFB,
    0x28, 0xCF, 0xC0, 0x90, 0xB0, 0xFF, 0x40, 0x3E, 0x03, 0xC3, 0x86, 0xFC, 0x82, 0xF5, 0x0C, 0x0C,
    0x1F, 0xE4, 0x15, 0xFE, 0x33, 0x30, 0x7C, 0xE1, 0x61, 0xF8, 0xCB, 0xCC, 0xF0, 0x83, 0x9D, 0xE1,
    0x07, 0x07, 0xC3, 0x5F, 0x26, 0x20, 0x57, 0xE0, 0x3E, 0x03, 0xC3, 0x03, 0xF9, 0x80, 0x7E, 0x06,
    0x86, 0x05, 0xF1, 0x0B, 0xEC, 0x19, 0x18, 0x02, 0xE6, 0x3F, 0xE0, 0x63, 0x60, 0x60, 0x78, 0xFF,
    0x99, 0x13, 0x48, 0xFE, 0xFE, 0xC5, 0x02, 0x24, 0xBF, 0x01, 0xF5, 0x31, 0x30, 0x7C, 0x04, 0x9A,
    0x01, 0x00, 0xCE, 0x3E, 0x1B, 0xCA, 0x78, 0x9C, 0xFB, 0xCD, 0xC1, 0xC0, 0xC0, 0xF0, 0x87, 0xF5,
    0x27, 0x17, 0x90, 0xFA, 0xC7, 0xFC, 0x9D, 0x1B, 0x48, 0xFD, 0x67, 0xFC, 0xC2, 0x6B, 0xA0, 0x26,
    0xF0, 0x9F, 0xE1, 0x13, 0xDF, 0x86, 0x7E, 0x83, 0xFB, 0x0C, 0x1F, 0xF8, 0x3F, 0xEC, 0x77, 0x58,
    0xCF, 0xF0, 0x40, 0xFE, 0xF3, 0xDF, 0x84, 0x7E, 0x86, 0x0D, 0xF6, 0xDF, 0x7F, 0x14, 0xE7, 0x33,
    0x4C, 0x88, 0xBF, 0xFD, 0x79, 0xBA, 0x3F, 0x43, 0x41, 0xFE, 0xFA, 0x0F, 0xAB, 0xE5, 0x19, 0x1C,
    0xD6, 0xE7, 0x1F, 0xD8, 0xC7, 0xCF, 0xA0, 0xF0, 0x5E, 0xBF, 0xE1, 0x3D, 0x2F, 0xD0, 0x04, 0xFE,
    0x80, 0xFF, 0x40, 0x93, 0xFE, 0x72, 0x0B, 0xFC, 0xE7, 0x64, 0x00, 0x00, 0x9E, 0xCF, 0x28, 0x12,
    0x78, 0x9C, 0x6B, 0x38, 0xCF, 0xC0, 0xF0, 0x51, 0x9F, 0xE1, 0x1F, 0x2B, 0xC3, 0x4F, 0x4E, 0x86,
    0x6F, 0xBC, 0x0A, 0xEF, 0x19, 0x19, 0x2E, 0xE4, 0x2F, 0xA8, 0x67, 0x60, 0x70, 0x78, 0xFF, 0x89,
    0x97, 0x81, 0x81, 0xE1, 0x37, 0x50, 0x86, 0x81, 0xE1, 0x13, 0x50, 0x15, 0x03, 0xC3, 0xB7, 0xF7,
    0x20, 0xF2, 0xDF, 0x2F, 0x0E, 0x06, 0x86, 0x86, 0xFE, 0x4F, 0xF2, 0x40, 0x8D, 0xF2, 0x13, 0xD6,
    0x33, 0x30, 0xFC, 0x62, 0x17, 0xF8, 0xCF, 0x6C, 0x00, 0x94, 0xFB, 0xCE, 0x73, 0x20, 0x9F, 0x81,
    0xE1, 0x41, 0x3C, 0x00, 0xF2, 0xAD, 0x1D, 0xCA, 0x78, 0x9C, 0xFB, 0xA8, 0xCF, 0xC0, 0x50, 0xB0,
    0xBE, 0x61, 0x3D, 0x03, 0xC3, 0x03, 0x7D, 0x81, 0xFF, 0x4C, 0x0C, 0xDF, 0xB8, 0x18, 0x7E, 0x70,
    0x32, 0xFC, 0x65, 0x62, 0xF8, 0x28, 0x1F, 0x00, 0x14, 0x6C, 0xE8, 0x3F, 0x00, 0x54, 0x20, 0xF0,
    0xFE, 0x2B, 0x17, 0x03, 0x03, 0xC3, 0x0F, 0xA0, 0x3C, 0x03, 0xC3, 0x47, 0xA0, 0x30, 0x03, 0xC3,
    0x81, 0x78, 0xDC, 0x24, 0x00, 0x84, 0xF8, 0x17, 0xCE, 0x78, 0x9C, 0xFB, 0xF0, 0x1F, 0x08, 0x98,
    0x18, 0x18, 0x18, 0x16, 0xAC, 0x07, 0x12, 0x0C, 0x9F, 0xE5, 0x41, 0xE4, 0x1F, 0x76, 0x20, 0x91,
    0x70, 0x1F, 0xC4, 0x7C, 0xE0, 0x0F, 0x22, 0x7F, 0x72, 0x03, 0x09, 0x05, 0xB0, 0xBA, 0x0D, 0xFD,
    0x20, 0x81, 0xAF, 0x7C, 0x20, 0xF2, 0x2F, 0x2B, 0x90, 0x68, 0x38, 0x0F, 0x62, 0x7E, 0xB4, 0x07,
    0xAB, 0x03, 0x99, 0xC6, 0x0A, 0x00, 0xF8, 0x24, 0x17, 0xA3, 0x78, 0x9C, 0xFB, 0xF6, 0xFF, 0x3F,
    0xC7, 0x37, 0x66, 0x06, 0x06, 0x8A, 0x30, 0xD0, 0x0C, 0x00, 0x2C, 0x4B, 0x15, 0x89, 0x78, 0x9C,
    0xBB, 0xC0, 0xC7, 0xC0, 0xC0, 0x50, 0x10, 0x0F, 0x24, 0x04, 0xF6, 0x03, 0x09, 0x86, 0xDF, 0x8C,
    0x40, 0xE2, 0x2B, 0x3B, 0x90, 0x78, 0xC0, 0x0B, 0x24, 0x26, 0xD8, 0x03, 0x09, 0x85, 0xF5, 0x20,
    0x99, 0x3F, 0x20, 0xE2, 0x1B, 0x1B, 0x90, 0xF8, 0xC8, 0x03, 0x24, 0x16, 0xE8, 0x03, 0x09, 0x87,
    0x7E, 0x90, 0xE0, 0x5B, 0x10, 0xF1, 0x83, 0x05, 0x24, 0xC3, 0x05, 0x24, 0x36, 0xC8, 0x03, 0x89,
    0x80, 0x7A, 0x00, 0xDC, 0x41, 0x10, 0x15, 0x78, 0x9C, 0xFB, 0xF7, 0xFF, 0x3F, 0x03, 0xC3, 0x4F,
    0x92, 0xD0, 0xBF, 0xFF, 0xFF, 0x01, 0x40, 0xDE, 0x15, 0x89, 0x78, 0x9C, 0x63, 0x38, 0x90, 0xCF,
    0xC0, 0xC0, 0xF0, 0xE9, 0x3C, 0x90, 0xF8, 0xF9, 0x9D, 0x89, 0x81, 0x61, 0xFD, 0x47, 0x4E, 0x86,
    0x04, 0xFF, 0x0D, 0xFC, 0x0C, 0x07, 0xF8, 0x02, 0xF2, 0x19, 0x3E, 0x73, 0x30, 0x9C, 0x63, 0xF8,
    0xC9, 0xC4, 0xF0, 0x93, 0x19, 0x00, 0x0D, 0x4E, 0x0D, 0x47, 0x78, 0x9C, 0xFB, 0xFD, 0x1F, 0x08,
    0x58, 0x01, 0x13, 0xDF, 0x04, 0xFD, 0x78, 0x9C, 0xDB, 0xC0, 0xC4, 0xF0, 0x83, 0x97, 0xE1, 0xC0,
    0x7A, 0x06, 0x86, 0x3F, 0x6C, 0x0C, 0x1B, 0x98, 0x01, 0x29, 0x49, 0x04, 0xDC, 0x78, 0x9C, 0x73,
    0x38, 0xF9, 0x6F, 0x1F, 0xF3, 0x84, 0x18, 0xC6, 0xAF, 0xFA, 0x0C, 0x0C, 0x0C, 0x0D, 0xEB, 0x81,
    0x84, 0xC1, 0x7D, 0x86, 0x80, 0x93, 0xFF, 0xDE, 0x27, 0xBC, 0x8F, 0x34, 0x7A, 0xFF, 0x59, 0x8E,
    0x41, 0xE1, 0xFD, 0x57, 0x2E, 0x06, 0x87, 0xF7, 0x0F, 0xED, 0x14, 0x4E, 0xBC, 0x37, 0x78, 0x7D,
    0x9E, 0xF5, 0x2D, 0x00, 0x1E, 0xBC, 0x17, 0x07, 0x78, 0x9C, 0xFB, 0xC4, 0xC7, 0x00, 0x04, 0x9F,
    0x70, 0x91, 0x7A, 0xAF, 0xCE, 0xB3, 0x32, 0x7C, 0x3A, 0xCF, 0x72, 0x28, 0x9F, 0xE1, 0x13, 0x3F,
    0x83, 0xC2, 0x7F, 0xB0, 0xF8, 0x5F, 0x16, 0x10, 0xF9, 0x87, 0x0D, 0x4C, 0xB2, 0x82, 0xC8, 0x7F,
    0xCC, 0x40, 0xD9, 0x80, 0xFB, 0x0C, 0x9F, 0xCE, 0x31, 0x3F, 0xB1, 0x67, 0xF8, 0xE4, 0xF1, 0x7B,
    0x1D, 0x13, 0x03, 0x00, 0x70, 0xFE, 0x1C, 0xF5, 0x78, 0x9C, 0x63, 0x48, 0x78, 0xF3, 0x3E, 0x9B,
    0x41, 0xE0, 0x8F, 0xA6, 0xC2, 0x2C, 0x86, 0x0D, 0xFD, 0x0C, 0x40, 0xF0, 0x89, 0x1F, 0x44, 0x7E,
    0xE5, 0x41, 0x90, 0x10, 0x91, 0x03, 0x60, 0x59, 0x81, 0xBF, 0x92, 0x0A, 0x2F, 0x19, 0x19, 0x0A,
    0xFE, 0xDC, 0xCF, 0x66, 0x00, 0x00, 0xF1, 0xFF, 0x10, 0x0E, 0x78, 0x9C, 0x63, 0x60, 0x60, 0x08,
    0x38, 0xCF, 0x80, 0x41, 0x38, 0x9C, 0x67, 0x38, 0xFA, 0x3E, 0xF2, 0x7C, 0xC3, 0x7E, 0xA6, 0xAB,
    0xE7, 0x3F, 0xF3, 0x01, 0xC5, 0x7E, 0x72, 0x00, 0x89, 0x3F, 0x6C, 0x20, 0x82, 0x15, 0x48, 0xFC,
    0x62, 0x07, 0x12, 0x5F, 0x79, 0x19, 0x12, 0xCE, 0x6F, 0x98, 0xCF, 0x78, 0xEC, 0x3C, 0xC3, 0x8D,
    0xFB, 0xEC, 0xE7, 0x01, 0xBC, 0x75, 0x1D, 0x91, 0x78, 0x9C, 0x63, 0x98, 0xF8, 0x77, 0x1D, 0x13,
    0x83, 0xC1, 0x3B, 0xD1, 0xCB, 0xF6, 0x0C, 0x0F, 0xE2, 0x19, 0x14, 0xEE, 0x33, 0x7C, 0xE3, 0x65,
    0x60, 0xF8, 0xC3, 0xF4, 0x93, 0x93, 0x81, 0xE1, 0x27, 0xEB, 0xCF, 0xFF, 0x40, 0xC0, 0xF2, 0x0D,
    0xC8, 0x66, 0x60, 0x78, 0x28, 0x07, 0x22, 0x1D, 0xEE, 0x8B, 0x1A, 0x64, 0x32, 0x30, 0x4C, 0xFC,
    0x7B, 0x3F, 0x8A, 0x01, 0x00, 0xC5, 0x14, 0x16, 0x4E, 0x78, 0x9C, 0x63, 0x60, 0xD8, 0xF2, 0xFF,
    0x1C, 0x03, 0x83, 0xC3, 0x7D, 0x66, 0x47, 0x06, 0x86, 0x03, 0xFE, 0x0C, 0x40, 0xF0, 0x81, 0x1F,
    0x4E, 0xFE, 0xFB, 0xFF, 0xFF, 0xBF, 0x3C, 0x03, 0xC3, 0x47, 0xB0, 0x08, 0x89, 0x24, 0x00, 0x18,
    0x6D, 0x14, 0x0C, 0x78, 0x9C, 0x63, 0xD8, 0xFC, 0xEF, 0xFF, 0x7F, 0x5E, 0x87, 0xFD, 0x42, 0x3F,
    0xB9, 0x18, 0x1E, 0xC8, 0x33, 0x3C, 0xE0, 0x67, 0xF8, 0xC0, 0xCF, 0x70, 0x40, 0x9E, 0xE1, 0x82,
    0x3D, 0xC3, 0x47, 0x1E, 0x06, 0x85, 0xF7, 0x69, 0x6F, 0x99, 0x18, 0x02, 0xFA, 0x57, 0x89, 0x33,
    0x30, 0x3C, 0xE0, 0x61, 0x00, 0x82, 0x0D, 0xF6, 0x20, 0x32, 0xE0, 0xFD, 0xFF, 0xFF, 0xEB, 0x98,
    0xBE, 0x70, 0x30, 0x30, 0x7C, 0xE7, 0xF9, 0xC1, 0xCC, 0xC0, 0xF0, 0x85, 0xF7, 0x8B, 0x0F, 0x63,
    0xD2, 0x3B, 0x66, 0x83, 0x5B, 0xFF, 0xF7, 0x8A, 0x33, 0x00, 0x00, 0x34, 0xE9, 0x1E, 0xE1, 0x78,
    0x9C, 0xFB, 0xC4, 0xC7, 0x00, 0x04, 0x9F, 0x70, 0x91, 0xBC, 0xD7, 0xDF, 0x73, 0x30, 0x7C, 0x5A,
    0xCB, 0xB6, 0xB1, 0x9E, 0xE1, 0x93, 0x3D, 0x83, 0xC2, 0x7D, 0xB0, 0xF8, 0x7F, 0x08, 0xC9, 0x88,
    0x9F, 0x04, 0x00, 0x56, 0x31, 0x1A, 0xD2, 0x78, 0x9C, 0x63, 0x60, 0xD8, 0x90, 0xCF, 0xC0, 0xF0,
    0xF9, 0x3C, 0x03, 0xC3, 0x01, 0x20, 0x0D, 0x01, 0x9F, 0xFE, 0xFF, 0xEF, 0x67, 0x60, 0x98, 0x40,
    0x10, 0x03, 0x00, 0x11, 0x92, 0x11, 0xA7, 0x78, 0x9C, 0x63, 0x60, 0xD8, 0x90, 0xCF, 0xC0, 0xF0,
    0xF9, 0x3C, 0x03, 0xC3, 0x01, 0x20, 0x0D, 0x01, 0x9F, 0xFE, 0xFF, 0xEF, 0x67, 0x60, 0x98, 0x40,
    0x08, 0xD7, 0x03, 0x31, 0x50, 0xCF, 0x01, 0x7B, 0x67, 0x81, 0x6F, 0x3C, 0x2F, 0xFE, 0xF7, 0x32,
    0x00, 0x00, 0x52, 0x7A, 0x17, 0x5E, 0x78, 0x9C, 0xFB, 0xCF, 0xC4, 0x00, 0x04, 0xFF, 0x71, 0x93,
    0x5F, 0xF4, 0x80, 0x64, 0xC0, 0x7D, 0x26, 0x20, 0xF9, 0x4D, 0x16, 0x28, 0x92, 0x74, 0x9F, 0x11,
    0x48, 0xFE, 0x04, 0xC9, 0xFF, 0x3F, 0xFF, 0x9D, 0x07, 0x48, 0xCA, 0x2C, 0x98, 0x0F, 0x52, 0x29,
    0xF0, 0x8F, 0x05, 0xAC, 0x5E, 0x0E, 0x44, 0x36, 0xEC, 0x67, 0x00, 0x00, 0x65, 0x8C, 0x1C, 0x3A,
    0x78, 0x9C, 0xFB, 0xF9, 0xFF, 0x3F, 0x03, 0x08, 0x50, 0x4E, 0xFE, 0x65, 0x04, 0x91, 0xDF, 0xA4,
    0x1C, 0x81, 0x64, 0xC1, 0xBF, 0xFB, 0x8C, 0x00, 0x65, 0x0A, 0x12, 0x8A, 0x78, 0x9C, 0x3B, 0x77,
    0xB9, 0x7E, 0xE3, 0x7E, 0xC6, 0x77, 0x52, 0xBF, 0xB5, 0x7E, 0x70, 0xFC, 0x63, 0xFE, 0xCE, 0xFE,
    0x85, 0xFB, 0x1F, 0xD3, 0x77, 0xD6, 0xCF, 0x3C, 0xC4, 0x90, 0x00, 0xC8, 0x82, 0x1E, 0x9A, 0x78,
    0x9C, 0xFB, 0xC4, 0x79, 0xED, 0x3D, 0x07, 0xC3, 0xA7, 0x35, 0x6C, 0x1B, 0xEB, 0x19, 0x3E, 0xF9,
    0x33, 0x28, 0xDC, 0x67, 0xF8, 0xC4, 0xC7, 0xC0, 0xF0, 0x1F, 0x42, 0x32, 0xE2, 0x27, 0x01, 0xD1,
    0xD0, 0x15, 0xDC, 0x78, 0x9C, 0x63, 0xD8, 0xFC, 0xAF, 0x97, 0x91, 0x21, 0x61, 0x3F, 0xD3, 0x13,
    0x3D, 0x86, 0xCF, 0x7C, 0x0C, 0x01, 0xE7, 0x19, 0x7E, 0x72, 0x30, 0x30, 0xFC, 0x63, 0xFE, 0xC3,
    0xCA, 0xC0, 0xF0, 0x87, 0x15, 0x4C, 0xB2, 0x41, 0x44, 0x20, 0xB2, 0x05, 0xEB, 0x41, 0x2A, 0x19,
    0xC0, 0xBA, 0x00, 0x91, 0x7F, 0x15, 0x2E, 0x78, 0x9C, 0xFB, 0x24, 0xF9, 0xEA, 0x3C, 0x2B, 0xC3,
    0xA7, 0x73, 0x2C, 0x87, 0xF2, 0x19, 0x3E, 0xF1, 0x33, 0x28, 0xFC, 0x67, 0xF8, 0xC4, 0xC7, 0xC0,
    0xF0, 0x97, 0x05, 0x44, 0xFE, 0x61, 0x03, 0x93, 0xAC, 0x20, 0xF2, 0x1F, 0x33, 0x90, 0x0C, 0xB8,
    0xCF, 0xF0, 0x69, 0x3F, 0xF3, 0x13, 0x7B, 0x86, 0x4F, 0xB6, 0xBF, 0xD7, 0x31, 0x81, 0x55, 0x32,
    0x60, 0x21, 0x01, 0x5B, 0x64, 0x1B, 0xC4, 0x78, 0x9C, 0x63, 0x38, 0xFA, 0x5E, 0xF2, 0x7C, 0xC3,
    0x7E, 0xA6, 0xAB, 0xE7, 0x3F, 0xF3, 0x31, 0x04, 0x9C, 0xFF, 0xC9, 0x01, 0x24, 0xFE, 0xB0, 0x81,
    0x08, 0x56, 0x20, 0xF1, 0x8B, 0x1D, 0x48, 0x7C, 0xE5, 0x65, 0x48, 0x38, 0xBF, 0x61, 0x3E, 0xE3,
    0xB5, 0xF3, 0x0C, 0x37, 0xEE, 0xBB, 0x9F, 0x67, 0x60, 0x00, 0x8A, 0xA1, 0x11, 0x00, 0x66, 0x72,
    0x1C, 0x92, 0x78, 0x9C, 0xFB, 0xC8, 0xB5, 0xF8, 0x9F, 0xDE, 0xC7, 0x6C, 0x1F, 0x46, 0xE6, 0x8F,
    0xEB, 0x19, 0x18, 0x18, 0x3E, 0xF2, 0x13, 0x24, 0x00, 0x9C, 0xC5, 0x0D, 0x17, 0x78, 0x9C, 0x63,
    0xD8, 0xFA, 0xEF, 0x9C, 0x06, 0x43, 0xC1, 0x7C, 0xC6, 0x22, 0x5D, 0x86, 0x07, 0xFA, 0x0C, 0x40,
    0x70, 0xE0, 0x3C, 0x0B, 0x90, 0x54, 0xF8, 0xFB, 0xBF, 0x9A, 0x89, 0x81, 0xC1, 0x60, 0xFB, 0xFF,
    0x7C, 0x90, 0x60, 0xC3, 0x7F, 0x06, 0x05, 0x20, 0xF5, 0x9F, 0xF1, 0x4B, 0x34, 0x63, 0xE3, 0x7C,
    0x86, 0xC4, 0x5B, 0xFF, 0xF7, 0xB1, 0x32, 0x00, 0x00, 0x53, 0x68, 0x13, 0xF5, 0x78, 0x9C, 0x63,
    0x68, 0xB0, 0x67, 0x00, 0x82, 0x05, 0x60, 0x72, 0x03, 0x88, 0xFC, 0xF9, 0x1F, 0x08, 0x18, 0x19,
    0x2E, 0x80, 0x45, 0x70, 0x91, 0x1B, 0xFC, 0x41, 0xE4, 0x84, 0x7A, 0x10, 0x29, 0xF0, 0x9E, 0xC5,
    0x91, 0x91, 0x81, 0x61, 0xF3, 0xFF, 0x7B, 0x2C, 0x00, 0xE6, 0xFB, 0x12, 0xB6, 0x78, 0x9C, 0xFB,
    0xCE, 0xC9, 0x90, 0xB0, 0xFF, 0x3B, 0x2E, 0xE2, 0x1B, 0x17, 0x90, 0xF8, 0xC2, 0xC3, 0xB0, 0x60,
    0xFF, 0x85, 0x7C, 0x85, 0xAE, 0xFD, 0x0A, 0xAF, 0xF7, 0x33, 0xEF, 0x07, 0x00, 0x26, 0x35, 0x16,
    0x6D, 0x78, 0x9C, 0xBB, 0xE0, 0xCF, 0xC0, 0x30, 0x21, 0x3F, 0x61, 0x3D, 0x03, 0xC3, 0x03, 0x79,
    0x86, 0xFF, 0x8C, 0x0C, 0x5F, 0x39, 0x19, 0x7E, 0xB2, 0x33, 0xFC, 0x61, 0x66, 0xF8, 0xC4, 0xAB,
    0x70, 0x9E, 0x81, 0x61, 0x83, 0x7F, 0x43, 0x3C, 0x03, 0x83, 0xC3, 0xFC, 0x07, 0x7C, 0x0C, 0x0C,
    0x0C, 0x7F, 0xBF, 0x72, 0x00, 0xC9, 0xEF, 0xFF, 0x98, 0x80, 0xE4, 0xC7, 0xFD, 0x0C, 0x0C, 0x00,
    0x60, 0xEC, 0x13, 0x64, 0x78, 0x9C, 0x01, 0x46, 0x00, 0xB9, 0xFF, 0xFC, 0x04, 0x10, 0x03, 0x00,
    0xF9, 0x05, 0xF8, 0x07, 0xB0, 0x7F, 0x00, 0xFC, 0x02, 0xF5, 0x0A, 0xF0, 0xAF, 0x00, 0xFF, 0x00,
    0xF2, 0x0D, 0xF3, 0xEA, 0x20, 0xBF, 0x00, 0xE0, 0x0F, 0xF7, 0xF6, 0x52, 0x8F, 0x00, 0xB0, 0x3F,
    0xDA, 0xF3, 0x85, 0x5F, 0x00, 0x70, 0x6F, 0x9E, 0xF0, 0xA9, 0x2F, 0x00, 0x40, 0xAF, 0x5F, 0xB0,
    0xDD, 0x0E, 0x00, 0x10, 0xFF, 0x2F, 0x80, 0xFF, 0x0B, 0x00, 0x00, 0xFD, 0x0E, 0x40, 0xFF, 0x08,
    0x00, 0x78, 0xFB, 0x1F, 0x3B, 0x78, 0x9C, 0xFB, 0xAC, 0xCF, 0x90, 0x70, 0x1E, 0x84, 0x3E, 0xC9,
    0x33, 0x30, 0xFC, 0xE2, 0xF8, 0xCD, 0xCA, 0xC0, 0xF0, 0x70, 0xFE, 0x7A, 0x06, 0x06, 0x06, 0x83,
    0xFF, 0xBC, 0x40, 0xB2, 0xE0, 0xBF, 0x2C, 0x90, 0xFC, 0xDC, 0xB3, 0x9F, 0x81, 0x41, 0xE0, 0x1F,
    0xD3, 0x1F, 0x76, 0x86, 0x0D, 0xF5, 0x0C, 0x0F, 0xED, 0x19, 0xBE, 0xF1, 0x30, 0x38, 0xBC, 0x67,
    0x04, 0x00, 0x78, 0xC4, 0x14, 0x5D, 0x78, 0x9C, 0x3B, 0xE0, 0xCF, 0xC0, 0x50, 0x50, 0xEF, 0xB0,
    0x9F, 0x81, 0xE1, 0x81, 0x3C, 0xC3, 0x1F, 0x26, 0x86, 0x2F, 0x9C, 0x0C, 0x9F, 0x39, 0x19, 0x7E,
    0x31, 0x33, 0x6C, 0x90, 0x17, 0x38, 0xCF, 0xC0, 0x60, 0x50, 0x5F, 0x10, 0xCF, 0xC0, 0xC0, 0xF0,
    0xFA, 0x02, 0x1F, 0x90, 0xFC, 0xF4, 0x83, 0x03, 0x48, 0x2E, 0xF8, 0xCF, 0x08, 0x24, 0x0B, 0x80,
    0x3A, 0x18, 0x18, 0x0E, 0xF8, 0x83, 0xC8, 0xCF, 0x3C, 0x40, 0xC2, 0xE0, 0x2D, 0x13, 0x03, 0x43,
    0xC2, 0x7B, 0x2D, 0x20, 0x13, 0x00, 0x1C, 0x35, 0x16, 0x4D, 0x78, 0x9C, 0x3B, 0xF0, 0xFF, 0xFF,
    0xFF, 0xF7, 0x0C, 0x40, 0xF0, 0xD5, 0x1E, 0x48, 0x28, 0xFC, 0x67, 0x03, 0x92, 0x17, 0xD6, 0x83,
    0x04, 0x7E, 0xF1, 0x02, 0x89, 0x84, 0xFF, 0x4C, 0x40, 0xF2, 0x73, 0x3C, 0x90, 0x10, 0xF8, 0xCB,
    0x09, 0x24, 0x37, 0x9C, 0x07, 0xC9, 0x7D, 0x03, 0xEA, 0xFA, 0xCF, 0x0C, 0x00, 0x5A, 0x0A, 0x13,
    0xC9, 0x78, 0x9C, 0x63, 0x60, 0xB8, 0xFE, 0x9F, 0x83, 0xA1, 0xA0, 0x9F, 0x91, 0x81, 0x61, 0x03,
    0x3F, 0x03, 0x32, 0xB1, 0x40, 0x1E, 0x48, 0x4C, 0x00, 0x13, 0x40, 0xAE, 0xC0, 0x37, 0x6E, 0x06,
    0x86, 0x9F, 0xFB, 0x81, 0xCA, 0x04, 0xBE, 0xF2, 0xC0, 0x25, 0xE4, 0x61, 0xEA, 0x10, 0xDA, 0x0A,
    0xEA, 0x81, 0x6A, 0x18, 0x6E, 0xFC, 0xE7, 0x00, 0x00, 0x22, 0x3D, 0x11, 0x6E, 0x78, 0x9C, 0xFB,
    0xC5, 0xFC, 0x8B, 0x48, 0x08, 0x00, 0xC8, 0x90, 0x14, 0xC2, 0x78, 0x9C, 0xFB, 0xB7, 0x8F, 0x99,
    0x81, 0x81, 0xE1, 0x92, 0x3C, 0x90, 0x48, 0xF0, 0x07, 0x11, 0xF1, 0x30, 0x56, 0x81, 0x3D, 0x0A,
    0xA1, 0x70, 0x1E, 0xA4, 0xF0, 0xC9, 0x7F, 0x26, 0x06, 0x83, 0xFD, 0xCC, 0x28, 0xB2, 0xA8, 0xDA,
    0x0E, 0x01, 0x8D, 0xFA, 0x77, 0x9E, 0x95, 0x81, 0x01, 0x00, 0x04, 0xD7, 0x10, 0xE2, 0x78, 0x9C,
    0x63, 0x60, 0x00, 0x81, 0x84, 0xBF, 0xB5, 0x42, 0xA7, 0x18, 0x1E, 0xB3, 0x2E, 0xF9, 0xA7, 0xCD,
    0x00, 0x01, 0x00, 0x47, 0x18, 0x05, 0x6C, 0x78, 0x9C, 0x03, 0x00, 0x00, 0x00, 0x00, 0x01, 0x78,
    0x9C, 0xDB, 0x10, 0xF7, 0xE5, 0xFD, 0x97, 0xF7, 0x1B, 0xF2, 0x19, 0x80, 0x20, 0x81, 0xBF, 0x40,
    0xBE, 0x41, 0xBE, 0x41, 0x7F, 0x82, 0xFD, 0x02, 0xFB, 0x05, 0xFE, 0x1B, 0xFC, 0x01, 0xBE, 0xD9,
    0x0B, 0xDC, 0x78, 0x9C, 0x63, 0x60, 0xB8, 0xC6, 0x00, 0x04, 0x20, 0x62, 0xCB, 0xFF, 0x7D, 0x4C,
    0x05, 0xEB, 0x6F, 0x4C, 0x66, 0xF8, 0xCC, 0x03, 0xE4, 0xFE, 0x64, 0x07, 0x12, 0xBF, 0x59, 0x61,
    0xAC, 0x2F, 0x20, 0xB1, 0x09, 0xF3, 0x6F, 0x2C, 0x62, 0x62, 0xD8, 0xFA, 0x7F, 0x1F, 0x33, 0x03,
    0x5C, 0x1B, 0x00, 0xF4, 0xEB, 0x16, 0xA3, 0x78, 0x9C, 0x63, 0x50, 0x78, 0xF5, 0x3E, 0x86, 0x81,
    0xE1, 0x93, 0xAD, 0xC2, 0x2A, 0x06, 0x86, 0x3F, 0x4C, 0x0C, 0x40, 0xF0, 0x1F, 0x44, 0x30, 0xFC,
    0x63, 0x04, 0x91, 0x3F, 0x59, 0x81, 0xC4, 0xB7, 0xFF, 0xFF, 0xFF, 0x03, 0xE9, 0x07, 0x7C, 0x20,
    0x91, 0x07, 0xFC, 0x20, 0xF2, 0x03, 0x2F, 0x88, 0xFC, 0xCE, 0x01, 0x24, 0x0C, 0xEE, 0x83, 0x98,
    0x5F, 0x80, 0x6A, 0xFE, 0xB3, 0x00, 0x00, 0x3B, 0xA6, 0x16, 0x1D, 0x78, 0x9C, 0x63, 0x60, 0x00,
    0x81, 0xE3, 0x40, 0x7C, 0x85, 0xE9, 0x6B, 0xCF, 0xBF, 0x9A, 0xFB, 0x8C, 0x09, 0xEF, 0x85, 0xBF,
    0xCB, 0x31, 0x4C, 0xF0, 0x67, 0xD8, 0xA0, 0xCF, 0x70, 0x81, 0x9F, 0xA1, 0x20, 0x1F, 0x4A, 0x42,
    0x44, 0x12, 0xEE, 0x83, 0x64, 0x21, 0x2A, 0x41, 0xBA, 0x9E, 0x30, 0x81, 0x0D, 0x60, 0x00, 0x00,
    0x4F, 0x21, 0x16, 0xD7, 0x78, 0x9C, 0xDB, 0x90, 0xCF, 0xC0, 0xB0, 0xC1, 0x5F, 0xE1, 0x3D, 0x03,
    0xC3, 0x17, 0x6E, 0x86, 0xEF, 0x1C, 0x0C, 0x7F, 0x19, 0x19, 0x2E, 0xC8, 0x27, 0xD4, 0x33, 0x30,
    0x38, 0xCC, 0x7F, 0xC0, 0xCB, 0xC0, 0xC0, 0xF0, 0xEB, 0x27, 0x0B, 0x43, 0xC2, 0xDD, 0xBF, 0xFF,
    0xEF, 0xCA, 0x0A, 0x18, 0x1F, 0xAE, 0x37, 0x66, 0x06, 0xB2, 0xEF, 0xC3, 0xD8, 0x0C, 0x0C, 0x07,
    0xE2, 0x81, 0x4A, 0x90, 0x48, 0x00, 0x63, 0xDA, 0x1A, 0xD4, 0x78, 0x9C, 0xFB, 0xC5, 0xFC, 0x0B,
    0x0D, 0x1A, 0x31, 0x30, 0x30, 0x18, 0x31, 0xA0, 0x8B, 0xFE, 0x62, 0x06, 0x00, 0x8F, 0xF7, 0x12,
    0x2F, 0x78, 0x9C, 0x63, 0x68, 0xF8, 0xBB, 0x97, 0x85, 0xE1, 0x17, 0xCB, 0x66, 0x16, 0x86, 0x7F,
    0x0C, 0x40, 0xF0, 0xC7, 0x06, 0x48, 0xFC, 0xFE, 0xEF, 0xC3, 0xB0, 0x21, 0xFF, 0xF9, 0x7F, 0xCE,
    0x8F, 0x5C, 0x0C, 0xCF, 0xF2, 0x3F, 0xF1, 0x32, 0x18, 0xEC, 0x3F, 0x70, 0x9F, 0x45, 0x60, 0xBF,
    0xC0, 0x9F, 0xFB, 0xC7, 0xFC, 0x19, 0x02, 0xFE, 0xFE, 0x67, 0x61, 0x60, 0x08, 0xF8, 0xC7, 0x0A,
    0x54, 0xF9, 0x9D, 0x3D, 0x20, 0x4E, 0xE0, 0x37, 0x93, 0xC1, 0xAD, 0xF7, 0xD6, 0x0C, 0x00, 0x6A,
    0xFE, 0x1D, 0xBE, 0x78, 0x9C, 0xDB, 0xA0, 0x57, 0x10, 0xFF, 0xB1, 0xFE, 0xC2, 0xFA, 0x0D, 0x40,
    0x1A, 0x00, 0x29, 0xD2, 0x06, 0x4A, 0x78, 0x9C, 0x63, 0x30, 0x78, 0x75, 0x5F, 0x82, 0x81, 0x81,
    0xE1, 0xB9, 0x98, 0xC2, 0x4B, 0x26, 0x86, 0x00, 0x59, 0x06, 0x86, 0x00, 0x3E, 0x86, 0x0B, 0x2C,
    0x47, 0xEF, 0xB3, 0x56, 0x33, 0x3C, 0x76, 0xA8, 0x77, 0x60, 0x3A, 0xCA, 0xB0, 0xF5, 0x02, 0x2F,
    0x03, 0xC3, 0x47, 0x86, 0x65, 0x0F, 0xB8, 0x18, 0x18, 0x3E, 0x30, 0x6C, 0x3D, 0xC0, 0x03, 0xE2,
    0x3D, 0x4A, 0x88, 0x57, 0x00, 0xCA, 0x5D, 0x60, 0x7D, 0xFE, 0x9F, 0x3D, 0x9B, 0xC1, 0x41, 0x8E,
    0x81, 0x31, 0x81, 0x17, 0x66, 0x0A, 0x83, 0xC1, 0x6B, 0x90, 0x99, 0x00, 0x35, 0x4F, 0x1C, 0x96,
    0x78, 0x9C, 0x9B, 0xF8, 0x37, 0x96, 0xA1, 0x81, 0xE9, 0x1B, 0x93, 0xC2, 0xCD, 0xFF, 0x6C, 0x9F,
    0xBD, 0x3F, 0xB1, 0xBF, 0x64, 0xF8, 0xC8, 0xFE, 0x43, 0xE8, 0x17, 0xFB, 0xC6, 0xFB, 0xCF, 0xD9,
    0x01, 0xC5, 0xB8, 0x0E, 0x05, 0x78, 0x9C, 0x63, 0x58, 0xC0, 0xCA, 0x90, 0xC9, 0xF0, 0x93, 0x75,
    0x42, 0xFC, 0x84, 0xF9, 0x0C, 0x3F, 0x39, 0xBF, 0xF1, 0x26, 0xDC, 0x67, 0xF8, 0xCE, 0x52, 0xE0,
    0xCF, 0xF0, 0x8D, 0x07, 0xC8, 0x02, 0x8B, 0x31, 0xFC, 0x64, 0x99, 0x10, 0xCF, 0xB0, 0x80, 0x8D,
    0x21, 0x13, 0x00, 0x81, 0xCF, 0x10, 0x96, 0x78, 0x9C, 0xFB, 0xF2, 0xFF, 0xFF, 0xFF, 0xF7, 0x0C,
    0x40, 0xF0, 0x1A, 0x0B, 0xC1, 0x00, 0x00, 0xBA, 0x3A, 0x08, 0x8D, 0x78, 0x9C, 0xFB, 0xF2, 0xFF,
    0xFF, 0xFF, 0xF7, 0x00, 0x0E, 0xAF, 0x04, 0xE1, 0x78, 0x9C, 0x63, 0x78, 0x79, 0x9E, 0x95, 0xE1,
    0x80, 0xA6, 0x43, 0x2C, 0xC3, 0xB2, 0xCD, 0x95, 0x0F, 0x19, 0xBC, 0x96, 0x7C, 0xDA, 0xC0, 0xEC,
    0xF5, 0x65, 0xFE, 0x06, 0xE6, 0x65, 0xC5, 0x93, 0x1E, 0x81, 0x24, 0x72, 0x19, 0x18, 0x5E, 0x9C,
    0x67, 0x61, 0x00, 0x00, 0x64, 0x1D, 0x10, 0xF8, 0x78, 0x9C, 0xFB, 0xF9, 0xFF, 0x3F, 0x13, 0x00,
    0x08, 0xE5, 0x02, 0xFA, 0x78, 0x9C, 0x0B, 0xF8, 0x2B, 0xCD, 0xF0, 0x89, 0xE5, 0x24, 0xC3, 0x31,
    0x86, 0x4F, 0x60, 0x3A, 0xE0, 0xAF, 0x36, 0x03, 0x00, 0x59, 0x06, 0x08, 0x17, 0x78, 0x9C, 0x63,
    0x60, 0xF8, 0xC1, 0xC8, 0xC0, 0x80, 0x4A, 0x7C, 0xF9, 0xFF, 0xFF, 0xFF, 0x7B, 0x06, 0x2C, 0x12,
    0x50, 0x02, 0x08, 0xC0, 0x4A, 0x00, 0xFC, 0x8B, 0x12, 0x82, 0x78, 0x9C, 0x33, 0xF8, 0xBD, 0x8F,
    0x71, 0x03, 0xE7, 0x23, 0x1E, 0x06, 0x86, 0x06, 0x7E, 0x06, 0x86, 0x03, 0xBC, 0x0C, 0x0C, 0xDF,
    0x59, 0x18, 0x1A, 0xF2, 0x19, 0x18, 0x7E, 0xB1, 0x32, 0x4C, 0xF8, 0xFF, 0x3F, 0x1F, 0x00, 0xA7,
    0xFB, 0x0A, 0xD4, 0x78, 0x9C, 0x53, 0x78, 0xB5, 0x9F, 0x29, 0x40, 0xEA, 0x20, 0x2F, 0x03, 0x43,
    0x83, 0x3C, 0x03, 0xC3, 0x63, 0x6E, 0x86, 0x03, 0xEF, 0x99, 0x19, 0x18, 0x16, 0xE9, 0x33, 0x30,
    0x18, 0xC4, 0x1F, 0x90, 0x9C, 0xA8, 0x6F, 0xF0, 0xFA, 0x3C, 0x0B, 0x00, 0xC7, 0xC9, 0x0B, 0x2A,
    0x78, 0x9C, 0x63, 0x28, 0x60, 0x63, 0xF8, 0xA2, 0x2F, 0xF0, 0x8F, 0xED, 0x40, 0x3E, 0x43, 0x03,
    0x1B, 0x03, 0x00, 0x23, 0xB0, 0x04, 0x63, 0x78, 0x9C, 0xFB, 0xCA, 0xCD, 0x50, 0x30, 0x9F, 0xE1,
    0x2B, 0x1A, 0xD9, 0x8F, 0x44, 0xD6, 0x33, 0x7C, 0xE5, 0x01, 0x93, 0x7C, 0x0C, 0x07, 0x80, 0x64,
    0xBD, 0x42, 0x37, 0x50, 0xCD, 0xE9, 0xFB, 0xAC, 0xBF, 0x38, 0xBF, 0x72, 0x32, 0x00, 0x01, 0x94,
    0xE4, 0x02, 0x93, 0xDC, 0x20, 0x12, 0x00, 0xE4, 0x94, 0x1A, 0xAD, 0x78, 0x9C, 0x63, 0xD8, 0xF6,
    0x6F, 0x71, 0xFE, 0x82, 0xFF, 0xFF, 0x17, 0xE7, 0x7F, 0x06, 0x11, 0x3F, 0x40, 0xC4, 0x4F, 0x38,
    0x0B, 0x2C, 0x06, 0x96, 0x65, 0xB8, 0x0E, 0x22, 0x18, 0x14, 0x17, 0x00, 0x09, 0x06, 0xEC, 0x04,
    0x00, 0x40, 0x93, 0x27, 0xA9, 0x78, 0x9C, 0x3B, 0x58, 0xCF, 0xF0, 0xFD, 0x3F, 0xE3, 0x8F, 0xFF,
    0x8C, 0x07, 0xEB, 0x19, 0x00, 0x2D, 0x4B, 0x06, 0x70, 0x78, 0x9C, 0x4B, 0xE0, 0x63, 0xD8, 0xC0,
    0xC9, 0xF0, 0x21, 0x9F, 0x41, 0xE1, 0x0F, 0x83, 0xC2, 0x19, 0x86, 0x5B, 0x92, 0x0C, 0x00, 0x33,
    0x0F, 0x05, 0x82, 0x78, 0x9C, 0x9B, 0xF0, 0x9B, 0x87, 0x81, 0xE1, 0x02, 0x76, 0xFC, 0xED, 0xFF,
    0x7F, 0x7D, 0x00, 0x92, 0x4F, 0x09, 0xE3, 0x78, 0x9C, 0x63, 0xB8, 0xB6, 0x9F, 0xA9, 0xC0, 0x7F,
    0xA1, 0xDC, 0x03, 0x2E, 0x81, 0xFE, 0x0F, 0x1C, 0x0C, 0xEB, 0x41, 0x34, 0x88, 0xCF, 0x70, 0x7D,
    0x3F, 0x33, 0x00, 0xA0, 0x03, 0x0A, 0xE6, 0x78, 0x9C, 0xDB, 0xC0, 0xC2, 0xE0, 0xCD, 0xC0, 0xB0,
    0xC1, 0x9F, 0xE1, 0x37, 0x0B, 0x83, 0xC0, 0x3F, 0xE6, 0x87, 0xF6, 0x0C, 0x0C, 0x5F, 0xF8, 0x0D,
    0xFE, 0x33, 0x32, 0x2C, 0x90, 0x67, 0xF8, 0xC5, 0xC8, 0xF0, 0x19, 0xC4, 0x86, 0x88, 0x03, 0xD5,
    0xFC, 0x62, 0x61, 0xD8, 0x00, 0x56, 0x0F, 0x00, 0xCC, 0xEC, 0x10, 0x7B, 0x78, 0x9C, 0x4B, 0xF8,
    0xC3, 0xC9, 0xC0, 0x50, 0xC1, 0xC0, 0xF0, 0x81, 0x93, 0x21, 0x60, 0x3D, 0x98, 0xFA, 0xCC, 0x05,
    0xA2, 0x04, 0xD6, 0x31, 0x80, 0x28, 0x07, 0x2E, 0x30, 0xC5, 0x00, 0x05, 0x99, 0x40, 0xAC, 0xC0,
    0x2D, 0x10, 0x0F, 0xA4, 0x1E, 0x71, 0x16, 0xF0, 0x02, 0x39, 0xFB, 0x18, 0x1E, 0xB8, 0xCB, 0x33,
    0x3C, 0x92, 0x65, 0xF8, 0xEA, 0x20, 0xCF, 0xB0, 0x91, 0x89, 0xE1, 0xD7, 0xFF, 0xFF, 0x4C, 0x20,
    0x95, 0x40, 0x1E, 0x00, 0xB3, 0xB6, 0x14, 0xAD, 0x78, 0x9C, 0x4B, 0xF8, 0xC3, 0xC9, 0xC0, 0x50,
    0xC1, 0xC0, 0xF0, 0x81, 0x93, 0x21, 0x60, 0x3D, 0x98, 0xFA, 0xCC, 0x05, 0xA2, 0x04, 0xD6, 0x31,
    0x80, 0x28, 0x07, 0x2E, 0x30, 0xC5, 0x00, 0x01, 0x13, 0xDE, 0x01, 0x59, 0x0A, 0xDC, 0x13, 0x9D,
    0xF2, 0x19, 0x18, 0x1E, 0x01, 0x99, 0xFD, 0x0C, 0x0A, 0xFB, 0x18, 0x18, 0x12, 0xFC, 0x19, 0x1E,
    0xC9, 0x32, 0x80, 0xF4, 0x6D, 0x64, 0x62, 0x70, 0xD8, 0x0F, 0x56, 0xF9, 0xE9, 0xFF, 0x7B, 0x06,
    0x00, 0xE5, 0x57, 0x16, 0x48, 0x78, 0x9C, 0x9B, 0xF0, 0x57, 0x9A, 0x01, 0x08, 0x12, 0x94, 0xFA,
    0x19, 0x18, 0x36, 0x31, 0x32, 0x18, 0xD4, 0x33, 0x30, 0xBC, 0x65, 0x62, 0xF8, 0xA1, 0xCB, 0xB0,
    0x41, 0x8F, 0x81, 0x41, 0xE1, 0x2C, 0xC3, 0x0B, 0x26, 0x86, 0x89, 0x42, 0x77, 0x18, 0xAC, 0x19,
    0x18, 0x26, 0xFE, 0xB3, 0x61, 0x80, 0x82, 0x4C, 0x10, 0xE1, 0x29, 0x10, 0x0F, 0x24, 0x17, 0xC8,
    0x15, 0xF0, 0x02, 0xA9, 0x5F, 0xCC, 0x0F, 0xDC, 0xE5, 0x19, 0x16, 0xC4, 0x33, 0x7C, 0x75, 0x90,
    0x67, 0x48, 0xE0, 0x60, 0xF8, 0xF5, 0xFF, 0x3F, 0x13, 0x48, 0x11, 0x90, 0x07, 0x00, 0x7F, 0x67,
    0x17, 0x1D, 0x78, 0x9C, 0x63, 0x28, 0x98, 0xCF, 0xC0, 0xC0, 0xF0, 0xE1, 0x3F, 0x33, 0x94, 0x28,
    0x58, 0xCF, 0x80, 0x0C, 0x0C, 0x40, 0xDC, 0x0D, 0xF9, 0x40, 0xE2, 0x37, 0x37, 0x03, 0xC3, 0x01,
    0x10, 0xEF, 0x1B, 0x90, 0xC1, 0xF0, 0x9D, 0x03, 0x48, 0x7C, 0xB2, 0x53, 0x38, 0xC5, 0xA8, 0xF0,
    0xEA, 0x7D, 0x34, 0x03, 0x00, 0x36, 0x96, 0x10, 0xF5, 0x78, 0x9C, 0x63, 0x60, 0x88, 0x64, 0x00,
    0x01, 0x85, 0xFF, 0x6C, 0x60, 0xFA, 0x52, 0x3D, 0x98, 0x62, 0x88, 0x02, 0x93, 0x1F, 0xD7, 0x83,
    0xA9, 0x6F, 0xFF, 0xC1, 0xD4, 0xEF, 0x1F, 0xAC, 0x40, 0x52, 0x60, 0xFF, 0x67, 0x2E, 0x20, 0x95,
    0x90, 0xFF, 0x80, 0x1F, 0x48, 0x6D, 0xD0, 0x9F, 0xE0, 0x0F, 0xA4, 0x3E, 0xF0, 0x3A, 0xCC, 0x07,
    0x52, 0x5F, 0x39, 0x18, 0xDE, 0x03, 0xA9, 0x5F, 0xFF, 0xFF, 0xFF, 0x67, 0x61, 0x60, 0xD8, 0xCF,
    0xC0, 0xF0, 0x99, 0x93, 0x21, 0xA0, 0x1F, 0x28, 0xCD, 0xC7, 0xB0, 0x00, 0xA8, 0xEC, 0x80, 0x3D,
    0xC3, 0x07, 0xA0, 0xA6, 0x86, 0x7E, 0x86, 0x2F, 0x3C, 0x0C, 0x0C, 0x0E, 0xEF, 0x19, 0x00, 0xBB,
    0xD4, 0x1F, 0x85, 0x78, 0x9C, 0x63, 0x60, 0x60, 0x58, 0xC0, 0xC2, 0x00, 0x02, 0xBF, 0xB9, 0x41,
    0xE4, 0x81, 0xF9, 0x60, 0xCE, 0x06, 0x56, 0x30, 0xF5, 0x71, 0x3D, 0x98, 0xFA, 0xF6, 0x1F, 0xA2,
    0xE2, 0x07, 0x48, 0x54, 0x60, 0xFF, 0x67, 0x2E, 0x20, 0x95, 0x90, 0xFF, 0x80, 0x1F, 0xA4, 0x50,
    0x7F, 0x82, 0x3F, 0x90, 0xFA, 0xC0, 0xEB, 0x00, 0xD2, 0xF8, 0x95, 0x83, 0xE1, 0x3D, 0x90, 0xFA,
    0xF5, 0xFF, 0xFF, 0x7F, 0xA0, 0xA1, 0xFB, 0x19, 0x18, 0x3E, 0x73, 0x32, 0x04, 0xF4, 0x03, 0xA5,
    0xF9, 0x18, 0x16, 0x00, 0x95, 0x1D, 0xB0, 0x67, 0xF8, 0x00, 0xD4, 0xD4, 0xD0, 0xCF, 0xF0, 0x85,
    0x87, 0x81, 0xC1, 0xE1, 0x3D, 0x03, 0x00, 0xFB, 0x00, 0x20, 0x1A, 0x78, 0x9C, 0x63, 0x60, 0xF8,
    0x72, 0x9E, 0x01, 0x08, 0x0C, 0xF6, 0x3F, 0xE1, 0x06, 0x52, 0x13, 0x38, 0x15, 0x6C, 0x18, 0x10,
    0xE0, 0xE3, 0x7A, 0x30, 0xF5, 0xED, 0x3F, 0x98, 0xFA, 0xFD, 0x83, 0x15, 0x48, 0x0A, 0xEC, 0xFF,
    0xCC, 0x05, 0xA4, 0x12, 0xF2, 0x1F, 0xF0, 0x03, 0xA9, 0x0D, 0xFA, 0x13, 0xFC, 0x81, 0xD4, 0x07,
    0x5E, 0x87, 0xF9, 0x40, 0xEA, 0x2B, 0x07, 0xC3, 0x7B, 0x20, 0xF5, 0xEB, 0xFF, 0xFF, 0xFF, 0x2C,
    0x0C, 0x0C, 0xFB, 0x19, 0x18, 0x3E, 0x73, 0x32, 0x04, 0xF4, 0x03, 0xA5, 0xF9, 0x18, 0x16, 0x00,
    0x95, 0x1D, 0xB0, 0x67, 0xF8, 0x00, 0xD4, 0xD4, 0xD0, 0xCF, 0xF0, 0x85, 0x87, 0x81, 0xC1, 0xE1,
    0x3D, 0x03, 0x00, 0x73, 0x28, 0x20, 0xF2, 0x78, 0x9C, 0x63, 0x68, 0x38, 0xCF, 0x78, 0x84, 0x81,
    0x81, 0xE1, 0xF3, 0x7F, 0xDD, 0x9B, 0x40, 0xEA, 0xAA, 0xD1, 0x2F, 0x5B, 0x06, 0x04, 0xF8, 0xB8,
    0x1E, 0x4C, 0x7D, 0xFB, 0x0F, 0xA6, 0x7E, 0xFF, 0x60, 0x05, 0x92, 0x02, 0xFB, 0x3F, 0x73, 0x01,
    0xA9, 0x84, 0xFC, 0x07, 0xFC, 0x40, 0x6A, 0x83, 0xFE, 0x04, 0x7F, 0x20, 0xF5, 0x81, 0xD7, 0x61,
    0x3E, 0x90, 0xFA, 0xCA, 0xC1, 0xF0, 0x1E, 0x48, 0xFD, 0xFA, 0xFF, 0xFF, 0x3F, 0x0B, 0x03, 0xC3,
    0x7E, 0xA0, 0xB1, 0x9C, 0x0C, 0x01, 0xFD, 0x40, 0x69, 0x3E, 0x86, 0x05, 0x40, 0x65, 0x07, 0xEC,
    0x19, 0x3E, 0x00, 0x35, 0x35, 0xF4, 0x33, 0x7C, 0xE1, 0x61, 0x60, 0x70, 0x78, 0xCF, 0x00, 0x00,
    0xA7, 0xC0, 0x23, 0xA6, 0x78, 0x9C, 0x63, 0x58, 0x60, 0x3F, 0xC1, 0x9F, 0x81, 0x81, 0x01, 0x4A,
    0xC1, 0xC0, 0xC7, 0xF5, 0x60, 0xEA, 0xDB, 0x7F, 0x30, 0xF5, 0xFB, 0x07, 0x2B, 0x90, 0x14, 0xD8,
    0xFF, 0x99, 0x0B, 0x48, 0x25, 0xE4, 0x3F, 0xE0, 0x07, 0x52, 0x1B, 0xF4, 0xC1, 0x1A, 0x3E, 0xF0,
    0x3A, 0xCC, 0x07, 0x52, 0x5F, 0x39, 0x18, 0xDE, 0x03, 0xA9, 0x5F, 0xFF, 0xFF, 0xFF, 0x67, 0x61,
    0x60, 0xD8, 0xCF, 0xC0, 0xF0, 0x99, 0x93, 0x21, 0xA0, 0x1F, 0x28, 0xCD, 0xC7, 0xB0, 0x00, 0xA8,
    0xEC, 0x80, 0x3D, 0xC3, 0x07, 0xA0, 0xA6, 0x86, 0x7E, 0x86, 0x2F, 0x3C, 0x0C, 0x0C, 0x0E, 0xEF,
    0x19, 0x00, 0xE0, 0xE1, 0x1F, 0xD8, 0x78, 0x9C, 0x63, 0x60, 0xB8, 0x3C, 0x9F, 0x01, 0x04, 0xAA,
    0x2F, 0xB2, 0x22, 0x51, 0x97, 0xD7, 0x33, 0x20, 0x81, 0x8F, 0x10, 0xDE, 0xB7, 0xFF, 0x60, 0xEA,
    0xF7, 0x0F, 0x90, 0x12, 0x81, 0xFD, 0x9F, 0xB9, 0x80, 0x54, 0x42, 0xFE, 0x03, 0x7E, 0x20, 0xB5,
    0x41, 0x7F, 0x82, 0x3F, 0x90, 0xFA, 0xC0, 0xEB, 0x00, 0x32, 0xED, 0x2B, 0x07, 0xC3, 0x7B, 0x20,
    0xF5, 0xEB, 0xFF, 0xFF, 0xFF, 0x2C, 0x0C, 0x0C, 0xFB, 0x19, 0x18, 0x3E, 0x73, 0x32, 0x04, 0xF4,
    0x03, 0xA5, 0xF9, 0x18, 0x16, 0x00, 0x95, 0x1D, 0xB0, 0x67, 0xF8, 0x00, 0xD4, 0xD4, 0xD0, 0xCF,
    0xF0, 0x85, 0x87, 0x81, 0xC1, 0xE1, 0x3D, 0x03, 0x00, 0xF4, 0x0F, 0x21, 0xF2, 0x78, 0x9C, 0x63,
    0x60, 0x60, 0xF8, 0xF7, 0xFF, 0xBF, 0x3F, 0x03, 0x43, 0xC0, 0xFF, 0x7E, 0x06, 0x20, 0xD8, 0x30,
    0x1F, 0x4C, 0x7D, 0x8C, 0x05, 0x53, 0xDF, 0xC3, 0xC1, 0xD4, 0xDF, 0x40, 0x10, 0x65, 0xB0, 0x3F,
    0x00, 0x44, 0x4D, 0xF0, 0x0F, 0xF8, 0xFF, 0x9F, 0x9D, 0xE1, 0xC1, 0x7F, 0xB0, 0x86, 0xAF, 0xAC,
    0x60, 0xC1, 0xDF, 0x8C, 0x20, 0x4A, 0xE0, 0x3E, 0x03, 0x88, 0x2A, 0xE8, 0x07, 0x53, 0x17, 0xFC,
    0x81, 0x86, 0xFE, 0xAF, 0x07, 0x00, 0x15, 0x5D, 0x20, 0x5A, 0x78, 0x9C, 0x63, 0x30, 0x78, 0xF5,
    0xBF, 0x86, 0x91, 0xE1, 0xBB, 0xB5, 0xC2, 0x2D, 0xC6, 0x84, 0xFD, 0x0C, 0x40, 0xF0, 0x40, 0x1E,
    0x44, 0x7E, 0xE5, 0x01, 0x91, 0x3F, 0x39, 0x41, 0xE4, 0x2F, 0x76, 0x04, 0x09, 0x11, 0x81, 0xC8,
    0x7E, 0xD0, 0x07, 0x91, 0x20, 0x5D, 0x06, 0x40, 0x09, 0x6B, 0x85, 0x9F, 0x6C, 0x0C, 0x0E, 0xAF,
    0xDF, 0xD7, 0x80, 0xC4, 0xF8, 0x40, 0x32, 0x1B, 0xB8, 0xC0, 0xAA, 0xEA, 0x41, 0xA4, 0xC2, 0x1F,
    0x30, 0x79, 0x06, 0x44, 0xDE, 0x92, 0x64, 0x60, 0x00, 0x00, 0x9F, 0xAE, 0x19, 0xD3, 0x78, 0x9C,
    0x63, 0xD8, 0xC8, 0xC8, 0xC0, 0xC0, 0xF0, 0x43, 0x16, 0x48, 0x14, 0xBC, 0x67, 0x02, 0x92, 0x87,
    0x19, 0x19, 0x7E, 0xFF, 0xFF, 0xFF, 0x9F, 0xFF, 0x37, 0x1B, 0x90, 0x83, 0x9B, 0x00, 0x2A, 0xC1,
    0x2F, 0xAB, 0x0F, 0x00, 0x84, 0x29, 0x1B, 0x1E, 0x78, 0x9C, 0x63, 0x60, 0x50, 0xE0, 0x66, 0x60,
    0x60, 0x78, 0x1C, 0xCF, 0xC0, 0xE0, 0xF0, 0x9E, 0x85, 0x81, 0xC1, 0x40, 0x87, 0x81, 0xE1, 0xF7,
    0xFF, 0xFF, 0xFF, 0xF9, 0x7F, 0xB3, 0x01, 0x85, 0x71, 0x13, 0x40, 0x25, 0xF8, 0x65, 0xF5, 0x01,
    0x36, 0x98, 0x1A, 0x2E, 0x78, 0x9C, 0x63, 0x58, 0xF0, 0x9F, 0x9D, 0x81, 0xE1, 0x47, 0x5B, 0x3C,
    0x83, 0x80, 0x0F, 0xC3, 0x36, 0x06, 0x30, 0xF8, 0xFD, 0xFF, 0xFF, 0x7F, 0xFE, 0xDF, 0x6C, 0x20,
    0x16, 0x4E, 0x02, 0xA8, 0x04, 0xBF, 0xAC, 0x3E, 0x00, 0xC7, 0xBD, 0x1B, 0xC7, 0x78, 0x9C, 0x53,
    0x38, 0x27, 0x70, 0x8F, 0x41, 0x01, 0x44, 0x80, 0xC1, 0xEF, 0xFF, 0xFF, 0xFF, 0xF3, 0xFF, 0x66,
    0x03, 0xB1, 0x70, 0x12, 0x40, 0x25, 0xF8, 0x65, 0xF5, 0x01, 0x73, 0x59, 0x1A, 0xEA, 0x78, 0x9C,
    0x63, 0x98, 0xC0, 0xCA, 0xC0, 0xC0, 0xF0, 0x29, 0x1F, 0x48, 0x28, 0xFC, 0x65, 0x07, 0x92, 0x0B,
    0x58, 0x19, 0x3E, 0xFE, 0xFF, 0xFF, 0x7F, 0x3F, 0x03, 0xC3, 0x1F, 0x90, 0x0C, 0x59, 0x04, 0xD8,
    0x00, 0x00, 0x28, 0x0D, 0x19, 0x26, 0x78, 0x9C, 0x63, 0x60, 0x60, 0xF0, 0x62, 0x60, 0x60, 0xD8,
    0xB0, 0x1F, 0x48, 0xFC, 0xE1, 0x04, 0x12, 0xD1, 0x0C, 0x0C, 0x1F, 0xFF, 0xFF, 0xFF, 0x0F, 0xE4,
    0xFF, 0x61, 0x65, 0x20, 0x93, 0x00, 0x1B, 0x00, 0x00, 0xF1, 0x8C, 0x18, 0x80, 0x78, 0x9C, 0x63,
    0x70, 0xF8, 0xCF, 0xC3, 0xC0, 0xF0, 0xD9, 0x7B, 0x1F, 0x03, 0xC3, 0x4C, 0x86, 0x43, 0xCC, 0x0C,
    0x20, 0xF0, 0xF1, 0xFF, 0xFF, 0xFF, 0xFB, 0x19, 0x18, 0xFE, 0xB0, 0x32, 0x90, 0x49, 0x80, 0x0D,
    0x00, 0x00, 0x7A, 0x21, 0x1A, 0x0C, 0x78, 0x9C, 0x63, 0xF8, 0xC5, 0xFC, 0x93, 0x85, 0x01, 0x4C,
    0x80, 0xC0, 0xC7, 0xFF, 0xFF, 0xFF, 0xEF, 0x67, 0x60, 0xF8, 0xC3, 0xCA, 0x40, 0x26, 0x01, 0x36,
    0x00, 0x00, 0x36, 0xEE, 0x19, 0x5B, 0x78, 0x9C, 0x73, 0xF8, 0xFF, 0x7F, 0x1D, 0x0B, 0x83, 0xC3,
    0x7D, 0x86, 0xC5, 0xEB, 0x41, 0x24, 0xC3, 0x2F, 0x0E, 0x10, 0xF9, 0x51, 0x1E, 0x44, 0x1E, 0xC8,
    0x07, 0x91, 0x13, 0xE6, 0xFF, 0xF9, 0xFF, 0x9F, 0xAB, 0x61, 0x3D, 0x88, 0x0D, 0x21, 0x27, 0xF4,
    0x83, 0x65, 0xE3, 0x41, 0xE4, 0x27, 0x79, 0xB8, 0xAE, 0xCD, 0x40, 0x13, 0xFE, 0xFF, 0xDF, 0xC7,
    0xC2, 0x00, 0x00, 0xDE, 0x79, 0x23, 0x1D, 0x78, 0x9C, 0x63, 0x78, 0x6A, 0x2B, 0x60, 0x2B, 0xF0,
    0xFF, 0x7F, 0xB2, 0xBC, 0x81, 0xEF, 0xA4, 0x77, 0x6C, 0x0C, 0x20, 0xF0, 0x55, 0x9F, 0x81, 0xE1,
    0xFF, 0xD7, 0xF9, 0x20, 0xE2, 0x3F, 0x23, 0x90, 0xF8, 0xC5, 0x09, 0x24, 0xAE, 0xCB, 0x03, 0x89,
    0x8C, 0x7E, 0x20, 0xC1, 0xF9, 0x8F, 0xF1, 0xFF, 0x57, 0xAE, 0x6F, 0xEC, 0x40, 0xE2, 0x01, 0x1F,
    0x90, 0x28, 0xC8, 0xFF, 0xF7, 0x95, 0x8B, 0xE1, 0xDE, 0x5F, 0x20, 0xF1, 0x1D, 0xC8, 0x65, 0xF8,
    0x08, 0x22, 0x1A, 0xFE, 0x03, 0x00, 0x55, 0xD4, 0x2D, 0x74, 0x78, 0x9C, 0x63, 0x60, 0x88, 0x64,
    0x00, 0x02, 0x85, 0xFF, 0x6C, 0x20, 0xEA, 0x52, 0x3D, 0x88, 0x64, 0x88, 0x02, 0x89, 0xBC, 0xBA,
    0xCF, 0xCE, 0xC0, 0xF0, 0x45, 0x27, 0xE1, 0x3C, 0x83, 0xC0, 0x3F, 0x46, 0x86, 0xEF, 0x9C, 0x05,
    0xF3, 0x19, 0x18, 0x3E, 0xC8, 0x1F, 0x88, 0x67, 0x60, 0xD8, 0x10, 0xFF, 0x41, 0x9F, 0x81, 0x61,
    0x42, 0x3F, 0x88, 0x6C, 0x58, 0x0F, 0x26, 0xE7, 0x7F, 0xB0, 0x07, 0x89, 0x80, 0x64, 0x0F, 0xC4,
    0x43, 0x54, 0x82, 0x75, 0x71, 0x40, 0x4C, 0x80, 0x98, 0x06, 0x00, 0x3E, 0x86, 0x21, 0x85, 0x78,
    0x9C, 0x63, 0x60, 0x60, 0x58, 0xC0, 0xC2, 0x00, 0x04, 0xBF, 0xB9, 0x81, 0xC4, 0x81, 0xF9, 0x20,
    0xE6, 0x06, 0x56, 0x20, 0xA1, 0xF0, 0xEA, 0x3E, 0x3B, 0x03, 0xC3, 0x17, 0x9D, 0x84, 0xF3, 0x0C,
    0x02, 0xFF, 0x18, 0x19, 0xBE, 0x73, 0x16, 0x00, 0xE5, 0x3E, 0xC8, 0x1F, 0x88, 0x07, 0xCA, 0xC7,
    0x7F, 0xD0, 0x67, 0x60, 0x98, 0xD0, 0x0F, 0x22, 0x1B, 0xD6, 0x83, 0xC9, 0xF9, 0x1F, 0xEC, 0x41,
    0x22, 0x20, 0xD9, 0x03, 0xF1, 0x10, 0x95, 0x60, 0x5D, 0x1C, 0x10, 0x13, 0x20, 0xA6, 0x01, 0x00,
    0x74, 0x46, 0x22, 0x1A, 0x78, 0x9C, 0x63, 0x60, 0xF8, 0x72, 0x9E, 0x81, 0x81, 0xC1, 0x60, 0xFF,
    0x13, 0x6E, 0x06, 0x86, 0x09, 0x9C, 0x0A, 0x36, 0x0C, 0x50, 0xA0, 0xF0, 0xEA, 0x3E, 0x3B, 0x03,
    0xC3, 0x17, 0x9D, 0x84, 0xF3, 0x0C, 0x02, 0xFF, 0x18, 0x19, 0xBE, 0x73, 0x16, 0xCC, 0x67, 0x60,
    0xF8, 0x20, 0x7F, 0x20, 0x9E, 0x81, 0x61, 0x43, 0xFC, 0x07, 0x7D, 0xA0, 0xE2, 0x7E, 0x10, 0xD9,
    0xB0, 0x1E, 0x4C, 0xCE, 0xFF, 0x60, 0x0F, 0x12, 0x01, 0xC9, 0x1E, 0x88, 0x87, 0xA8, 0x04, 0xEB,
    0xE2, 0x80, 0x98, 0x00, 0x31, 0x0D, 0x00, 0xDB, 0x14, 0x22, 0xF2, 0x78, 0x9C, 0x63, 0x68, 0x38,
    0xCF, 0x78, 0x84, 0x81, 0xE1, 0xF3, 0x7F, 0xDD, 0x9B, 0x0C, 0x0C, 0x57, 0x8D, 0x7E, 0xD9, 0x32,
    0x40, 0x81, 0xC2, 0xAB, 0xFB, 0xEC, 0x0C, 0x0C, 0x5F, 0x74, 0x12, 0xCE, 0x33, 0x08, 0xFC, 0x63,
    0x64, 0xF8, 0xCE, 0x59, 0x30, 0x9F, 0x81, 0xE1, 0x83, 0xFC, 0x81, 0x78, 0x06, 0x86, 0x0D, 0xF1,
    0x1F, 0xF4, 0x19, 0x18, 0x26, 0xF4, 0x83, 0xC8, 0x86, 0xF5, 0x60, 0x72, 0xFE, 0x07, 0x7B, 0x90,
    0x08, 0x48, 0xF6, 0x40, 0x3C, 0x44, 0x25, 0x58, 0x17, 0x07, 0xC4, 0x04, 0x88, 0x69, 0x00, 0xE2,
    0xB0, 0x25, 0xA6, 0x78, 0x9C, 0x63, 0x58, 0x60, 0x3F, 0xC1, 0x9F, 0x81, 0x01, 0x42, 0x42, 0x80,
    0xC2, 0xAB, 0xFB, 0xEC, 0x0C, 0x0C, 0x5F, 0x74, 0x12, 0xCE, 0x33, 0x08, 0xFC, 0x63, 0x64, 0xF8,
    0xCE, 0x59, 0x30, 0x9F, 0x81, 0xE1, 0x83, 0xFC, 0x81, 0x78, 0x06, 0x86, 0x0D, 0xF1, 0x1F, 0xF4,
    0x19, 0x18, 0x26, 0xF4, 0x83, 0xC8, 0x86, 0xF5, 0x60, 0x72, 0xFE, 0x07, 0x7B, 0x90, 0x08, 0x48,
    0xF6, 0x40, 0x3C, 0x44, 0x25, 0x58, 0x17, 0x07, 0xC4, 0x04, 0x88, 0x69, 0x00, 0x5E, 0x23, 0x21,
    0xD8, 0x78, 0x9C, 0x2B, 0x66, 0x60, 0xD8, 0xC8, 0xF8, 0x8B, 0x4D, 0xE0, 0x2F, 0xF3, 0x86, 0xFC,
    0x03, 0xFE, 0x0C, 0x0C, 0x7F, 0xFE, 0xB2, 0x32, 0x30, 0x7C, 0x5C, 0xCF, 0xC0, 0xC0, 0xF0, 0x1B,
    0xC8, 0x02, 0x8B, 0xFD, 0x62, 0x07, 0xCA, 0x96, 0x80, 0xD4, 0x01, 0x00, 0x81, 0x38, 0x10, 0x64,
    0x78, 0x9C, 0x63, 0x60, 0x00, 0x02, 0x66, 0x06, 0x85, 0x57, 0xF7, 0xD5, 0xE7, 0x33, 0x7C, 0xD1,
    0x99, 0xF0, 0x5F, 0x5E, 0xE0, 0x1D, 0x23, 0xC3, 0x5F, 0xAE, 0x82, 0x7E, 0x06, 0x83, 0xFF, 0xF2,
    0x07, 0xFC, 0x19, 0x2E, 0xDC, 0x8B, 0xFF, 0xA0, 0xCF, 0xF0, 0x73, 0x49, 0xFF, 0x07, 0xF9, 0x80,
    0xF9, 0x0D, 0xEB, 0x3F, 0xE8, 0x3F, 0xE4, 0x6D, 0x98, 0xFF, 0xC1, 0xFF, 0x37, 0xF3, 0x84, 0xFE,
    0x03, 0xE7, 0xEB, 0x19, 0x36, 0xC4, 0x17, 0xFC, 0xE7, 0x61, 0xF8, 0x20, 0x2F, 0xF0, 0x9F, 0x9D,
    0xE1, 0x1B, 0x67, 0xC3, 0x7F, 0xFF, 0x80, 0xF3, 0x0C, 0x1F, 0xB5, 0x5E, 0xDD, 0x67, 0x67, 0x30,
    0x60, 0x04, 0x19, 0x0D, 0x00, 0x6F, 0xF4, 0x27, 0xB5, 0x78, 0x9C, 0x63, 0x98, 0xC0, 0xCA, 0x00,
    0x04, 0x9F, 0xF2, 0x41, 0xA4, 0xC2, 0x5F, 0x76, 0x10, 0xB5, 0x00, 0x28, 0xF4, 0x8D, 0x9B, 0x81,
    0xE1, 0x3F, 0xC9, 0xE4, 0x57, 0x30, 0xF9, 0x99, 0x87, 0x41, 0xE0, 0x3C, 0xC3, 0x05, 0x79, 0x86,
    0x84, 0x7A, 0x06, 0x87, 0xF3, 0xCC, 0x5F, 0x79, 0x19, 0x18, 0x36, 0xFF, 0x9B, 0xCB, 0xC8, 0x00,
    0x00, 0x1E, 0x6F, 0x1F, 0xCE, 0x78, 0x9C, 0x63, 0x60, 0x60, 0xF0, 0x62, 0x00, 0x82, 0x0D, 0xFB,
    0x41, 0xE4, 0x1F, 0x4E, 0x10, 0x19, 0x0D, 0xC4, 0xDF, 0xB8, 0x19, 0x18, 0xFE, 0x93, 0x4C, 0x7E,
    0x05, 0x93, 0x9F, 0x79, 0x18, 0x04, 0xCE, 0x33, 0x5C, 0x90, 0x67, 0x48, 0xA8, 0x67, 0x70, 0x38,
    0xCF, 0xFC, 0x95, 0x97, 0x81, 0x61, 0xF3, 0xBF, 0xB9, 0x8C, 0x0C, 0x00, 0xDD, 0x50, 0x1F, 0x28,
    0x78, 0x9C, 0x63, 0x70, 0xF8, 0xCF, 0xC3, 0xC0, 0xC0, 0xF0, 0xD9, 0x7B, 0x1F, 0x90, 0x9C, 0xC9,
    0x70, 0x88, 0x99, 0x01, 0x02, 0xBE, 0x71, 0x33, 0x30, 0xFC, 0x27, 0x99, 0xFC, 0x0A, 0x26, 0x3F,
    0xF3, 0x30, 0x08, 0x9C, 0x67, 0xB8, 0x20, 0xCF, 0x90, 0x50, 0xCF, 0xE0, 0x70, 0x9E, 0xF9, 0x2B,
    0x2F, 0x03, 0xC3, 0xE6, 0x7F, 0x73, 0x19, 0x19, 0x00, 0x81, 0x8F, 0x20, 0xB4, 0x78, 0x9C, 0x63,
    0xF8, 0xC5, 0xFC, 0x93, 0x85, 0x81, 0x01, 0x42, 0x82, 0xC1, 0x37, 0x6E, 0x06, 0x86, 0xFF, 0x24,
    0x93, 0x5F, 0xC1, 0xE4, 0x67, 0x1E, 0x06, 0x81, 0xF3, 0x0C, 0x17, 0xE4, 0x19, 0x12, 0xEA, 0x19,
    0x1C, 0xCE, 0x33, 0x7F, 0xE5, 0x65, 0x60, 0xD8, 0xFC, 0x6F, 0x2E, 0x23, 0x03, 0x00, 0x30, 0xB3,
    0x20, 0x03, 0x78, 0x9C, 0x63, 0x60, 0x60, 0x58, 0xC0, 0xC2, 0x00, 0x04, 0xBF, 0xB9, 0x81, 0xC4,
    0x81, 0xF9, 0x20, 0xE6, 0x06, 0x56, 0x06, 0x86, 0x8F, 0xFA, 0x0C, 0x0C, 0x05, 0xEB, 0x1B, 0xD6,
    0x33, 0x30, 0x3C, 0xD0, 0x17, 0xF8, 0xCF, 0xC4, 0xF0, 0x8D, 0x8B, 0xE1, 0x07, 0x27, 0xC3, 0x5F,
    0x26, 0x86, 0x8F, 0xF2, 0x01, 0x40, 0xC1, 0x86, 0xFE, 0x03, 0x40, 0x05, 0x02, 0xEF, 0xBF, 0x72,
    0x01, 0xD5, 0xFF, 0x00, 0xCA, 0x03, 0x75, 0xAC, 0x07, 0xE9, 0x3D, 0x10, 0x8F, 0x9B, 0x04, 0x00,
    0xEC, 0x1C, 0x1B, 0x8C, 0x78, 0x9C, 0xFB, 0x20, 0xCF, 0x00, 0x04, 0x1F, 0x90, 0xC9, 0xFF, 0xFF,
    0xCF, 0xB1, 0x83, 0xD8, 0x93, 0xF6, 0x83, 0x45, 0xFE, 0xB0, 0x80, 0xC8, 0x9F, 0x1C, 0x60, 0x92,
    0x1D, 0x44, 0xFE, 0x65, 0x06, 0x92, 0x9B, 0xE7, 0x83, 0x54, 0xEE, 0x65, 0x45, 0xD5, 0x0B, 0x26,
    0x01, 0x92, 0x22, 0x1A, 0xCC, 0x78, 0x9C, 0x63, 0x38, 0xF2, 0x5F, 0x9B, 0x81, 0x21, 0x61, 0xBF,
    0xE0, 0x1F, 0x46, 0x86, 0x07, 0xF2, 0x0C, 0x5F, 0xD9, 0x19, 0x3E, 0xF3, 0x32, 0x7C, 0xE7, 0x64,
    0xF8, 0xC2, 0x23, 0xF0, 0x8F, 0x0D, 0x48, 0x4E, 0xB8, 0xCF, 0x00, 0x24, 0x3F, 0xD8, 0x83, 0x49,
    0x3E, 0x10, 0xD9, 0x30, 0x1F, 0x44, 0x32, 0x7C, 0xCF, 0x03, 0x91, 0x02, 0x7F, 0xD8, 0x80, 0x24,
    0xC3, 0x27, 0x5E, 0x30, 0xC9, 0xF3, 0x85, 0xA7, 0x91, 0xE9, 0x17, 0x50, 0xE4, 0xC8, 0xBF, 0x5C,
    0x06, 0x00, 0xBA, 0x3E, 0x21, 0x0C, 0x78, 0x9C, 0x63, 0x48, 0x60, 0x67, 0x60, 0x60, 0xF8, 0xE8,
    0x0F, 0x24, 0x12, 0xDE, 0x33, 0x01, 0xC9, 0x6F, 0x3C, 0x20, 0x26, 0x07, 0x03, 0x02, 0x38, 0x9C,
    0xFC, 0xB7, 0x8F, 0x79, 0x42, 0x0C, 0xE3, 0x57, 0x7D, 0x20, 0xA7, 0x61, 0x3D, 0x90, 0x30, 0xB8,
    0xCF, 0x10, 0x70, 0xF2, 0xDF, 0xFB, 0x84, 0xF7, 0x91, 0x46, 0xEF, 0x3F, 0xCB, 0x31, 0x28, 0xBC,
    0xFF, 0xCA, 0xC5, 0xE0, 0xF0, 0xFE, 0xA1, 0x9D, 0xC2, 0x89, 0xF7, 0x06, 0xAF, 0xCF, 0xB3, 0xBE,
    0x05, 0x00, 0x61, 0xA7, 0x1B, 0x69, 0x78, 0x9C, 0x63, 0x60, 0x60, 0xD8, 0xC8, 0x00, 0x04, 0x7F,
    0x38, 0x18, 0x18, 0x26, 0x9C, 0x07, 0x32, 0xBE, 0xF1, 0x00, 0x89, 0xCD, 0x0C, 0x48, 0xC0, 0xE1,
    0xE4, 0xBF, 0x7D, 0xCC, 0x13, 0x62, 0x18, 0xBF, 0xEA, 0x03, 0x39, 0x0D, 0xEB, 0x81, 0x84, 0xC1,
    0x7D, 0x86, 0x80, 0x93, 0xFF, 0xDE, 0x27, 0xBC, 0x8F, 0x34, 0x7A, 0xFF, 0x59, 0x8E, 0x41, 0xE1,
    0xFD, 0x57, 0x2E, 0x06, 0x87, 0xF7, 0x0F, 0xED, 0x14, 0x4E, 0xBC, 0x37, 0x78, 0x7D, 0x9E, 0xF5,
    0x2D, 0x00, 0x79, 0x9D, 0x1B, 0xD0, 0x78, 0x9C, 0x63, 0x60, 0xF8, 0xAD, 0xCF, 0xC0, 0x50, 0x70,
    0xFE, 0x3E, 0x03, 0xC3, 0x67, 0xAE, 0x2F, 0x5C, 0x0C, 0x4B, 0x19, 0x1C, 0xB8, 0x19, 0xE0, 0xC0,
    0xE1, 0xE4, 0xBF, 0x7D, 0xCC, 0x13, 0x62, 0x18, 0xBF, 0x02, 0xD5, 0x30, 0x34, 0xAC, 0x07, 0x12,
    0x06, 0xF7, 0x19, 0x02, 0x4E, 0xFE, 0x7B, 0x9F, 0xF0, 0x3E, 0xD2, 0xE8, 0xFD, 0x67, 0x39, 0x06,
    0x85, 0xF7, 0x5F, 0xB9, 0x18, 0x1C, 0xDE, 0x3F, 0xB4, 0x53, 0x38, 0xF1, 0xDE, 0xE0, 0xF5, 0x79,
    0xD6, 0xB7, 0x00, 0xD5, 0x9B, 0x1D, 0x3A, 0x78, 0x9C, 0x63, 0x60, 0x60, 0x64, 0x60, 0x60, 0xF8,
    0x72, 0x4E, 0x39, 0x9E, 0x61, 0xCE, 0x81, 0xFF, 0xFA, 0x0C, 0x31, 0x02, 0x6F, 0xD8, 0x19, 0xE0,
    0xC0, 0xE1, 0xE4, 0xBF, 0x7D, 0xCC, 0x13, 0x62, 0x18, 0xBF, 0xEA, 0x03, 0x39, 0x0D, 0xEB, 0x81,
    0x84, 0xC1, 0x7D, 0x86, 0x80, 0x93, 0xFF, 0xDE, 0x27, 0xBC, 0x8F, 0x34, 0x7A, 0xFF, 0x59, 0x8E,
    0x41, 0xE1, 0xFD, 0x57, 0x2E, 0x06, 0x87, 0xF7, 0x0F, 0xED, 0x14, 0x4E, 0xBC, 0x37, 0x78, 0x7D,
    0x9E, 0xF5, 0x2D, 0x00, 0xC6, 0x58, 0x1D, 0x35, 0x78, 0x9C, 0x63, 0xF8, 0xCA, 0xFE, 0x88, 0x9B,
    0xE1, 0x17, 0xEF, 0x37, 0x79, 0x06, 0x30, 0x0B, 0x0E, 0x1C, 0x4E, 0xFE, 0xDB, 0xC7, 0x3C, 0x21,
    0x86, 0xF1, 0xAB, 0x3E, 0x90, 0xD3, 0xB0, 0x1E, 0x48, 0x18, 0xDC, 0x67, 0x08, 0x38, 0xF9, 0xEF,
    0x7D, 0xC2, 0xFB, 0x48, 0xA3, 0xF7, 0x9F, 0xE5, 0x18, 0x14, 0xDE, 0x7F, 0xE5, 0x62, 0x70, 0x78,
    0xFF, 0xD0, 0x4E, 0xE1, 0xC4, 0x7B, 0x83, 0xD7, 0xE7, 0x59, 0xDF, 0x02, 0x00, 0xB1, 0xDC, 0x1C,
    0xF5, 0x78, 0x9C, 0x63, 0x10, 0xF8, 0x1D, 0xCB, 0xC0, 0x30, 0x41, 0xE6, 0x1B, 0x94, 0x10, 0xF8,
    0x1D, 0xC7, 0x80, 0x00, 0x0E, 0x27, 0xFF, 0xED, 0x63, 0x9E, 0x10, 0xC3, 0xF8, 0x55, 0x1F, 0xC8,
    0x69, 0x58, 0x0F, 0x24, 0x0C, 0xEE, 0x33, 0x04, 0x9C, 0xFC, 0xF7, 0x3E, 0xE1, 0x7D, 0xA4, 0xD1,
    0xFB, 0xCF, 0x72, 0x0C, 0x0A, 0xEF, 0xBF, 0x72, 0x31, 0x38, 0xBC, 0x7F, 0x68, 0xA7, 0x70, 0xE2,
    0xBD, 0xC1, 0xEB, 0xF3, 0xAC, 0x6F, 0x01, 0xCA, 0x43, 0x1D, 0x1C, 0x78, 0x9C, 0x9B, 0xF8, 0xB7,
    0x2E, 0xE0, 0xAF, 0x34, 0xC3, 0x04, 0x91, 0x2F, 0x3F, 0x59, 0xF6, 0x32, 0x30, 0x30, 0x6C, 0x98,
    0xCF, 0xF0, 0x9D, 0x89, 0x81, 0x61, 0x42, 0x3C, 0xC3, 0x17, 0x56, 0x86, 0x25, 0x7F, 0xF5, 0x19,
    0x3E, 0xB1, 0x6F, 0x98, 0xDF, 0xFC, 0xFF, 0xFF, 0x7F, 0xF6, 0xEF, 0x1C, 0x05, 0xFA, 0x40, 0x05,
    0x3F, 0x59, 0x1C, 0xEA, 0x81, 0xD4, 0x37, 0xAE, 0xC3, 0xBF, 0x44, 0x93, 0x19, 0x1A, 0xFE, 0x69,
    0x15, 0xFC, 0x5D, 0xC7, 0x00, 0x00, 0x0E, 0x6F, 0x1C, 0xE8, 0x78, 0x9C, 0x63, 0x48, 0x78, 0xF3,
    0x3E, 0x9B, 0x41, 0xE0, 0x8F, 0xA6, 0xC2, 0x2C, 0x86, 0x0D, 0xFD, 0x0C, 0x40, 0xF0, 0x89, 0x1F,
    0x44, 0x7E, 0xE5, 0x41, 0x90, 0x10, 0x91, 0x03, 0x60, 0x59, 0x81, 0xBF, 0x92, 0x0A, 0x2F, 0x19,
    0x19, 0x0A, 0xFE, 0xDC, 0xCF, 0x06, 0xF2, 0x0A, 0x78, 0xC1, 0x32, 0x1C, 0x20, 0xF2, 0x63, 0x1E,
    0x88, 0x54, 0x78, 0x0B, 0x22, 0x0D, 0xF6, 0x82, 0xC8, 0xDB, 0x92, 0x0C, 0x0C, 0x00, 0x94, 0x64,
    0x15, 0xA0, 0x78, 0x9C, 0x63, 0x28, 0x60, 0x63, 0x00, 0x82, 0xCF, 0xF6, 0x20, 0xB2, 0xE0, 0x3D,
    0x23, 0x88, 0xFA, 0xC1, 0x0D, 0x22, 0x1B, 0xD8, 0x19, 0x50, 0xC1, 0xC4, 0xBF, 0xEB, 0x98, 0x18,
    0x0C, 0xDE, 0x89, 0x5E, 0xB6, 0x67, 0x78, 0x10, 0xCF, 0xA0, 0x70, 0x9F, 0xE1, 0x1B, 0x2F, 0x03,
    0xC3, 0x1F, 0xA6, 0x9F, 0x9C, 0x0C, 0x0C, 0x3F, 0x59, 0x7F, 0xFE, 0x07, 0x02, 0x96, 0x6F, 0x9C,
    0x20, 0x85, 0x0F, 0xE5, 0x40, 0xA4, 0xC3, 0x7D, 0x51, 0x83, 0x4C, 0x90, 0xAE, 0xFB, 0x51, 0x0C,
    0x00, 0x59, 0x9A, 0x1A, 0xE0, 0x78, 0x9C, 0x63, 0x60, 0x60, 0x58, 0xCC, 0x00, 0x04, 0x02, 0x7F,
    0xD9, 0x80, 0xE4, 0x86, 0xF5, 0x20, 0xF6, 0x77, 0x6E, 0x10, 0xB9, 0x84, 0x01, 0x0D, 0x4C, 0xFC,
    0xBB, 0x8E, 0x89, 0xC1, 0xE0, 0x9D, 0xE8, 0x65, 0x7B, 0x86, 0x07, 0xF1, 0x0C, 0x0A, 0xF7, 0x19,
    0xBE, 0xF1, 0x32, 0x30, 0xFC, 0x61, 0xFA, 0xC9, 0xC9, 0xC0, 0xF0, 0x93, 0xF5, 0xE7, 0x7F, 0x20,
    0x60, 0xF9, 0xC6, 0x09, 0x52, 0xF8, 0x50, 0x0E, 0x44, 0x3A, 0xDC, 0x17, 0x35, 0xC8, 0x04, 0xE9,
    0xBA, 0x1F, 0xC5, 0x00, 0x00, 0x63, 0x98, 0x1B, 0x09, 0x78, 0x9C, 0x63, 0x60, 0xF8, 0x23, 0xC7,
    0xC0, 0xC0, 0x30, 0x61, 0xFF, 0x79, 0x20, 0xF9, 0x95, 0xF3, 0x2B, 0x07, 0x03, 0x43, 0x1B, 0x43,
    0x00, 0x17, 0x03, 0x0A, 0x98, 0xF8, 0x77, 0x1D, 0x13, 0x83, 0xC1, 0x3B, 0xD1, 0xCB, 0xF6, 0x0C,
    0x0F, 0xE2, 0x19, 0x14, 0xEE, 0x33, 0x7C, 0xE3, 0x65, 0x60, 0xF8, 0xC3, 0xF4, 0x93, 0x93, 0x81,
    0xE1, 0x27, 0xEB, 0xCF, 0xFF, 0x40, 0xC0, 0xF2, 0x8D, 0x13, 0xA4, 0xF0, 0x21, 0xC8, 0x2C, 0x06,
    0x87, 0xFB, 0xA2, 0x06, 0x99, 0x20, 0x5D, 0xF7, 0xA3, 0x18, 0x00, 0xCB, 0xCD, 0x1C, 0x61, 0x78,
    0x9C, 0x63, 0xF8, 0xC6, 0xF6, 0x98, 0x93, 0x81, 0xE1, 0x0F, 0xCF, 0x0F, 0x7E, 0x06, 0x06, 0x08,
    0x1B, 0x19, 0x4C, 0xFC, 0xBB, 0x8E, 0x89, 0xC1, 0xE0, 0x9D, 0xE8, 0x65, 0x7B, 0x86, 0x07, 0xF1,
    0x0C, 0x0A, 0xF7, 0x19, 0xBE, 0xF1, 0x02, 0x15, 0x33, 0xFD, 0x04, 0x2A, 0xFB, 0xC9, 0xFA, 0xF3,
    0x3F, 0x10, 0xB0, 0x7C, 0x03, 0x6B, 0x79, 0x28, 0x07, 0x22, 0x1D, 0xEE, 0x8B, 0x1A, 0x64, 0x82,
    0x74, 0xDD, 0x8F, 0x62, 0x00, 0x00, 0xA6, 0xA6, 0x1C, 0x2D, 0x78, 0x9C, 0x63, 0x60, 0xD0, 0x66,
    0x60, 0x68, 0x38, 0xCF, 0xC0, 0xC0, 0xF0, 0x87, 0x8B, 0x81, 0xE1, 0x40, 0x3E, 0x90, 0x61, 0xCD,
    0x00, 0x05, 0x9F, 0xFE, 0xFF, 0xEF, 0x67, 0x60, 0x98, 0x40, 0x10, 0x03, 0x00, 0x1A, 0xF7, 0x11,
    0x81, 0x78, 0x9C, 0x63, 0x60, 0x60, 0x28, 0x60, 0x63, 0x60, 0x60, 0xF8, 0x22, 0xCF, 0xC0, 0xA0,
    0xF0, 0x0F, 0xC8, 0x3A, 0x90, 0x0F, 0xE4, 0x35, 0x80, 0x84, 0x60, 0xE0, 0xD3, 0xFF, 0xFF, 0xFD,
    0x40, 0x6A, 0x02, 0xF1, 0x04, 0x00, 0xC9, 0x3A, 0x11, 0xF9, 0x78, 0x9C, 0x63, 0x60, 0xF8, 0xB4,
    0x9F, 0x81, 0x81, 0xE1, 0xEF, 0x1F, 0x76, 0x86, 0x05, 0xFE, 0x0B, 0xEC, 0x19, 0x36, 0xB0, 0x30,
    0x44, 0x31, 0xC0, 0xC1, 0xA7, 0xFF, 0xFF, 0xFB, 0x81, 0xD4, 0x04, 0xE2, 0x09, 0x00, 0x5E, 0x78,
    0x14, 0x24, 0x78, 0x9C, 0x63, 0xD8, 0xA0, 0x57, 0x10, 0xCF, 0xF0, 0x31, 0xFF, 0xC2, 0x7A, 0x06,
    0x30, 0x0B, 0x0E, 0x3E, 0xFD, 0xFF, 0xDF, 0x0F, 0xA4, 0x26, 0x10, 0x4F, 0x00, 0x00, 0x32, 0x91,
    0x13, 0xD0, 0x78, 0x9C, 0x0D, 0xCA, 0xB1, 0x0D, 0x40, 0x40, 0x00, 0x40, 0xD1, 0xEF, 0x9C, 0x42,
    0x24, 0x62, 0x01, 0xEB, 0xA8, 0xF5, 0x86, 0x50, 0x2B, 0x24, 0x37, 0x01, 0x89, 0x05, 0xD8, 0x40,
    0xA3, 0xD7, 0x69, 0x25, 0xA2, 0xD7, 0x48, 0x0C, 0x80, 0xE6, 0x5C, 0x0E, 0xAF, 0x7E, 0x2C, 0x1E,
    0x09, 0xAC, 0xF3, 0x91, 0x43, 0x64, 0x46, 0x07, 0x8E, 0xCA, 0xBA, 0x50, 0x70, 0x86, 0xFC, 0x54,
    0x0D, 0xD3, 0x9B, 0x6D, 0x74, 0xB5, 0x68, 0x5E, 0x71, 0xFB, 0xA0, 0xDD, 0xE7, 0x0F, 0xDA, 0x33,
    0x02, 0x8C, 0xD4, 0x12, 0x2C, 0x57, 0x40, 0xDA, 0xA2, 0x7A, 0xB1, 0xC7, 0x30, 0xD8, 0x12, 0x3E,
    0x71, 0x33, 0x1E, 0xE6, 0x78, 0x9C, 0x63, 0x60, 0x60, 0x64, 0x00, 0x82, 0x2F, 0xE7, 0x8C, 0xFD,
    0x19, 0x18, 0x7A, 0x2F, 0xFC, 0x97, 0x67, 0x60, 0xF0, 0x15, 0x78, 0xC3, 0xCE, 0x80, 0x0C, 0x3E,
    0x71, 0x5E, 0x7B, 0xCF, 0xC1, 0xF0, 0x69, 0x0D, 0xDB, 0xC6, 0x7A, 0x86, 0x4F, 0xFE, 0x0C, 0x0A,
    0xF7, 0x19, 0x3E, 0xF1, 0x31, 0x30, 0xFC, 0x87, 0x90, 0x8C, 0xF8, 0x49, 0x00, 0xC7, 0xBC, 0x1B,
    0xEC, 0x78, 0x9C, 0x63, 0xD8, 0xC0, 0xC4, 0x00, 0x04, 0x3F, 0x78, 0x41, 0xE4, 0x81, 0xF5, 0x20,
    0x92, 0xE1, 0x0F, 0x1B, 0x88, 0xDC, 0xC0, 0xCC, 0x80, 0x0A, 0x36, 0xFF, 0xEB, 0x65, 0x64, 0x48,
    0xD8, 0xCF, 0xF4, 0x44, 0x8F, 0xE1, 0x33, 0x1F, 0x43, 0xC0, 0x79, 0x86, 0x9F, 0x1C, 0x0C, 0x0C,
    0xFF, 0x98, 0xFF, 0xB0, 0x02, 0x75, 0xB0, 0x82, 0x49, 0x36, 0x88, 0x08, 0x44, 0xB6, 0x60, 0x3D,
    0x48, 0x25, 0x44, 0x17, 0x00, 0x3F, 0x74, 0x1A, 0x09, 0x78, 0x9C, 0x63, 0x60, 0x60, 0x48, 0x67,
    0x00, 0x02, 0x87, 0xFF, 0x4C, 0x40, 0xF2, 0x61, 0x3E, 0x88, 0xFD, 0x87, 0x0D, 0x44, 0x66, 0x30,
    0xA0, 0x81, 0xCD, 0xFF, 0x7A, 0x19, 0x19, 0x12, 0xF6, 0x33, 0x3D, 0xD1, 0x63, 0xF8, 0xCC, 0xC7,
    0x10, 0x70, 0x9E, 0xE1, 0x27, 0x07, 0x03, 0xC3, 0x3F, 0xE6, 0x3F, 0xAC, 0x40, 0x1D, 0xAC, 0x60,
    0x92, 0x0D, 0x22, 0x02, 0x91, 0x2D, 0x58, 0x0F, 0x52, 0x09, 0xD1, 0x05, 0x00, 0x13, 0x06, 0x19,
    0x90, 0x78, 0x9C, 0x63, 0x50, 0xF8, 0xCF, 0xCD, 0xC0, 0xC0, 0x70, 0xE1, 0x7C, 0x3D, 0x90, 0xFC,
    0xC5, 0xF2, 0x8B, 0x99, 0x81, 0xC1, 0x9B, 0x61, 0x01, 0x2B, 0x03, 0x0A, 0xD8, 0xFC, 0xAF, 0x97,
    0x91, 0x21, 0x61, 0x3F, 0xD3, 0x13, 0x3D, 0x86, 0xCF, 0x7C, 0x0C, 0x01, 0xE7, 0x19, 0x7E, 0x72,
    0x30, 0x30, 0xFC, 0x63, 0xFE, 0x03, 0x54, 0xF6, 0x87, 0x15, 0x4C, 0xB2, 0x41, 0x44, 0x20, 0xB2,
    0x05, 0xEB, 0x41, 0x2A, 0x21, 0xBA, 0x00, 0xA3, 0x24, 0x1B, 0x61, 0x78, 0x9C, 0x63, 0x10, 0x60,
    0x00, 0x81, 0x57, 0xF3, 0x27, 0xF2, 0x33, 0x18, 0xE8, 0x7F, 0xF9, 0xCF, 0xCD, 0xE0, 0xC0, 0x1B,
    0x70, 0x8F, 0x89, 0x01, 0x05, 0x6C, 0xFE, 0xD7, 0xCB, 0xC8, 0x90, 0xB0, 0x9F, 0xE9, 0x89, 0x1E,
    0xC3, 0x67, 0x3E, 0x86, 0x80, 0xF3, 0x0C, 0x3F, 0x39, 0x18, 0x18, 0xFE, 0x31, 0xFF, 0x61, 0x65,
    0x60, 0xF8, 0xC3, 0x0A, 0x26, 0xD9, 0x20, 0x22, 0x10, 0xD9, 0x82, 0xF5, 0x20, 0x95, 0x10, 0x5D,
    0x00, 0x88, 0x0F, 0x1B, 0x41, 0x78, 0x9C, 0x63, 0x78, 0xCD, 0xF4, 0x9D, 0x95, 0x41, 0xE0, 0x3F,
    0xFB, 0x5F, 0x2E, 0x06, 0x06, 0x30, 0x1B, 0x05, 0x6C, 0xFE, 0xD7, 0xCB, 0xC8, 0x90, 0xB0, 0x9F,
    0xE9, 0x89, 0x1E, 0xC3, 0x67, 0x3E, 0x86, 0x80, 0xF3, 0x0C, 0x3F, 0x39, 0x18, 0x18, 0xFE, 0x31,
    0xFF, 0x01, 0x2A, 0xFB, 0xC3, 0x0A, 0x26, 0xD9, 0x20, 0x22, 0x10, 0xD9, 0x82, 0xF5, 0x20, 0x95,
    0x10, 0x5D, 0x00, 0x78, 0x2B, 0x1B, 0x1D, 0x78, 0x9C, 0x63, 0x60, 0x78, 0xC9, 0xCC, 0xC0, 0xC0,
    0xF0, 0x9F, 0x03, 0x48, 0x80, 0x59, 0x30, 0xF0, 0xE5, 0xFF, 0xFF, 0xFF, 0xEF, 0x91, 0xF8, 0xA8,
    0xEA, 0x00, 0x29, 0x7C, 0x0A, 0x9F, 0x78, 0x9C, 0x63, 0x60, 0x60, 0x60, 0x50, 0x60, 0x60, 0x58,
    0xFC, 0xAF, 0xF7, 0x07, 0x63, 0xC2, 0x7E, 0xA6, 0x1F, 0xF5, 0x0C, 0x9F, 0xF8, 0x18, 0xBE, 0xEE,
    0x67, 0xF8, 0xC9, 0xE1, 0x30, 0xFF, 0x3F, 0xD3, 0x1F, 0xB6, 0xCF, 0x5C, 0x7F, 0x58, 0xFF, 0xA8,
    0xED, 0x63, 0xF8, 0xC3, 0xFA, 0xF3, 0x36, 0x0F, 0xC3, 0x3F, 0xA6, 0x4F, 0xF7, 0x19, 0x03, 0xCE,
    0x33, 0x5C, 0x78, 0xCF, 0xFC, 0x55, 0x8F, 0xE1, 0xFB, 0xD2, 0x7F, 0xBD, 0x8C, 0x20, 0xDD, 0x40,
    0x00, 0x00, 0x35, 0x52, 0x1D, 0x54, 0x78, 0x9C, 0x63, 0xD8, 0xC8, 0xC8, 0xC0, 0xC0, 0xF0, 0x93,
    0x07, 0x48, 0x1C, 0x9C, 0x0F, 0x24, 0x04, 0xFE, 0xB2, 0x02, 0xC9, 0x8D, 0x4C, 0x0C, 0x08, 0xF0,
    0x9D, 0x93, 0x21, 0x61, 0x3F, 0x4E, 0xE2, 0x1B, 0x17, 0x90, 0xF8, 0xC2, 0xC3, 0xB0, 0x60, 0xFF,
    0x85, 0x7C, 0x85, 0xAE, 0xFD, 0x0A, 0xAF, 0xF7, 0x33, 0xEF, 0x07, 0x00, 0x8B, 0x4C, 0x1B, 0x49,
    0x78, 0x9C, 0x63, 0x60, 0x60, 0x88, 0x60, 0x60, 0x60, 0x08, 0xF8, 0xCF, 0xC8, 0xC0, 0xF0, 0x29,
    0x1E, 0xC8, 0xFA, 0xCB, 0x0A, 0x24, 0x22, 0x19, 0x90, 0xC0, 0x77, 0x4E, 0x86, 0x84, 0xFD, 0x38,
    0x89, 0x6F, 0x5C, 0x40, 0xE2, 0x0B, 0x0F, 0xC3, 0x82, 0xFD, 0x17, 0xF2, 0x15, 0xBA, 0xF6, 0x2B,
    0xBC, 0xDE, 0xCF, 0xBC, 0x1F, 0x00, 0x62, 0x1A, 0x1A, 0xC1, 0x78, 0x9C, 0x63, 0x30, 0xF8, 0xCF,
    0xC5, 0xC0, 0xF0, 0xF0, 0x7C, 0x3E, 0x03, 0xC3, 0x6F, 0xE6, 0xDF, 0x4C, 0x0C, 0xD6, 0x0C, 0x0B,
    0x58, 0x18, 0xE0, 0xE0, 0x3B, 0x27, 0x43, 0xC2, 0x7E, 0x9C, 0xC4, 0x37, 0x2E, 0x20, 0xF1, 0x85,
    0x87, 0x61, 0xC1, 0xFE, 0x0B, 0xF9, 0x0A, 0x5D, 0xFB, 0x15, 0x5E, 0xEF, 0x67, 0xDE, 0x0F, 0x00,
    0xDE, 0x4B, 0x1C, 0x9F, 0x78, 0x9C, 0x63, 0xB8, 0xC3, 0xF8, 0x82, 0x45, 0xE1, 0x3F, 0xEB, 0x3F,
    0x4E, 0x06, 0x10, 0x8B, 0x01, 0x0E, 0xBE, 0x73, 0x32, 0x24, 0xEC, 0xC7, 0x49, 0x7C, 0xE3, 0x02,
    0x12, 0x5F, 0x78, 0x18, 0x16, 0xEC, 0xBF, 0x90, 0xAF, 0xD0, 0xB5, 0x5F, 0xE1, 0xF5, 0x7E, 0xE6,
    0xFD, 0x00, 0xAC, 0x98, 0x1C, 0x2A, 0x78, 0x9C, 0x63, 0x60, 0x60, 0x08, 0xE0, 0x60, 0x00, 0x82,
    0x4F, 0xF6, 0x40, 0x42, 0xE0, 0x2F, 0x88, 0xBD, 0xA1, 0x1F, 0x24, 0x90, 0x00, 0x16, 0x46, 0x80,
    0x03, 0xFE, 0x0C, 0x0C, 0x05, 0xF5, 0x0E, 0xFB, 0x19, 0x18, 0x1E, 0xC8, 0x33, 0xFC, 0x61, 0x62,
    0xF8, 0xC2, 0xC9, 0xF0, 0x99, 0x93, 0xE1, 0x17, 0x33, 0xC3, 0x06, 0x79, 0x81, 0xF3, 0x0C, 0x0C,
    0x06, 0xF5, 0x05, 0xF1, 0x40, 0x55, 0xAF, 0x2F, 0xF0, 0x81, 0x0C, 0xFB, 0x01, 0xD2, 0xBC, 0xE0,
    0x3F, 0x23, 0x90, 0x2C, 0xD8, 0x0F, 0xD3, 0xCD, 0xC0, 0xF0, 0x99, 0x07, 0x48, 0x18, 0xBC, 0x65,
    0x02, 0x9A, 0xFE, 0x5E, 0x0B, 0xC8, 0x04, 0x00, 0xF6, 0x16, 0x1A, 0x92, 0x78, 0x9C, 0xFB, 0xC4,
    0xC7, 0x00, 0x04, 0x9F, 0x70, 0x91, 0x7A, 0xAF, 0xCE, 0xB3, 0x32, 0x7C, 0x3A, 0xCF, 0x72, 0x28,
    0x9F, 0xE1, 0x13, 0x3F, 0x83, 0xC2, 0x7F, 0xB0, 0xF8, 0x5F, 0x16, 0x10, 0xF9, 0x87, 0x0D, 0x4C,
    0xB2, 0x82, 0xC8, 0x7F, 0x4C, 0x40, 0x32, 0xE0, 0x3C, 0xC3, 0xA7, 0xFD, 0xCC, 0x5F, 0xF5, 0x18,
    0x3E, 0xD9, 0xFE, 0x5E, 0xC7, 0x84, 0xD3, 0x4C, 0x00, 0x5D, 0xFC, 0x20, 0xC9, 0x78, 0x9C, 0x63,
    0x98, 0x60, 0x97, 0x90, 0xCF, 0xC0, 0xF0, 0xA1, 0x7F, 0xC3, 0x79, 0x06, 0x06, 0x08, 0x1B, 0x09,
    0x1C, 0xF0, 0x67, 0x60, 0x28, 0xA8, 0x77, 0xD8, 0xCF, 0xC0, 0xF0, 0x40, 0x9E, 0xE1, 0x0F, 0x13,
    0xC3, 0x17, 0x4E, 0x86, 0xCF, 0x9C, 0x0C, 0xBF, 0x98, 0x19, 0x36, 0xC8, 0x0B, 0x00, 0xD5, 0x1B,
    0xD4, 0x17, 0xC4, 0x03, 0x55, 0xBD, 0xBE, 0xC0, 0x07, 0x24, 0x3F, 0xFD, 0xE0, 0x00, 0x92, 0x0B,
    0xFE, 0x33, 0x02, 0xC9, 0x82, 0xFD, 0x30, 0xDD, 0x0C, 0x0C, 0x9F, 0x79, 0x80, 0x84, 0xC1, 0x5B,
    0x26, 0x06, 0x86, 0x84, 0xF7, 0x5A, 0x40, 0x26, 0x00, 0xAC, 0xE7, 0x1C, 0x85,
};
const GFXglyph UiSmallGlyphs[] PROGMEM = {
    { 0, 0, 13, 0, 0, 8, 0 }, // U+0020
    { 4, 14, 13, 4, 14, 35, 8 }, // !
    { 9, 7, 13, 2, 14, 43, 43 }, // "
    { 10, 13, 13, 1, 13, 76, 86 }, // #
    { 10, 18, 13, 1, 16, 69, 162 }, // $
    { 13, 14, 13, 0, 14, 89, 231 }, // %
    { 13, 14, 13, 0, 14, 96, 320 }, // &
    { 4, 7, 13, 4, 14, 23, 416 }, // '
    { 7, 19, 13, 4, 15, 65, 439 }, // (
    { 7, 19, 13, 2, 15, 66, 504 }, // )
    { 10, 10, 13, 1, 12, 54, 570 }, // *
    { 10, 11, 13, 1, 12, 24, 624 }, // +
    { 5, 8, 13, 4, 3, 33, 648 }, // ,
    { 10, 1, 13, 1, 7, 13, 681 }, // -
    { 5, 4, 13, 4, 4, 20, 694 }, // .
    { 10, 18, 13, 1, 15, 77, 714 }, // /
    { 11, 13, 13, 1, 13, 73, 791 }, // 0
    { 11, 13, 13, 1, 13, 33, 864 }, // 1
    { 11, 13, 13, 1, 13, 67, 897 }, // 2
    { 10, 13, 13, 1, 13, 69, 964 }, // 3
    { 12, 13, 13, 0, 13, 53, 1033 }, // 4
    { 11, 13, 13, 1, 13, 71, 1086 }, // 5
    { 11, 13, 13, 1, 13, 81, 1157 }, // 6
    { 11, 13, 13, 1, 13, 59, 1238 }, // 7
    { 11, 13, 13, 1, 13, 89, 1297 }, // 8
    { 11, 13, 13, 1, 13, 82, 1386 }, // 9
    { 5, 11, 13, 4, 11, 25, 1468 }, // :
    { 5, 16, 13, 4, 11, 47, 1493 }, // ;
    { 9, 9, 13, 2, 11, 37, 1540 }, // <
    { 10, 5, 13, 1, 9, 19, 1577 }, // =
    { 9, 9, 13, 2, 11, 38, 1596 }, // >
    { 9, 14, 13, 2, 14, 55, 1634 }, // ?
    { 12, 16, 13, 0, 13, 97, 1689 }, // @
    { 13, 14, 13, 0, 14, 92, 1786 }, // A
    { 11, 14, 13, 1, 14, 67, 1878 }, // B
    { 11, 14, 13, 1, 14, 63, 1945 }, // C
    { 11, 14, 13, 1, 14, 62, 2008 }, // D
    { 10, 14, 13, 2, 14, 25, 2070 }, // E
    { 10, 14, 13, 2, 14, 25, 2095 }, // F
    { 11, 14, 13, 1, 14, 72, 2120 }, // G
    { 11, 14, 13, 1, 14, 22, 2192 }, // H
    { 10, 14, 13, 1, 14, 24, 2214 }, // I
    { 10, 14, 13, 1, 14, 37, 2238 }, // J
    { 12, 14, 13, 1, 14, 78, 2275 }, // K
    { 10, 14, 13, 2, 14, 20, 2353 }, // L
    { 11, 14, 13, 1, 14, 72, 2373 }, // M
    { 10, 14, 13, 1, 14, 64, 2445 }, // N
    { 12, 14, 13, 0, 14, 70, 2509 }, // O
    { 10, 14, 13, 2, 14, 53, 2579 }, // P
    { 12, 17, 13, 0, 14, 95, 2632 }, // Q
    { 11, 14, 13, 1, 14, 69, 2727 }, // R
    { 11, 14, 13, 1, 14, 79, 2796 }, // S
    { 12, 14, 13, 0, 14, 21, 2875 }, // T
    { 11, 14, 13, 1, 14, 45, 2896 }, // U
    { 12, 14, 13, 0, 14, 89, 2941 }, // V
    { 13, 14, 13, 0, 14, 106, 3030 }, // W
    { 12, 14, 13, 0, 14, 88, 3136 }, // X
    { 12, 14, 13, 0, 14, 65, 3224 }, // Y
    { 11, 14, 13, 1, 14, 65, 3289 }, // Z
    { 7, 18, 13, 4, 15, 20, 3354 }, // [
    { 10, 18, 13, 1, 15, 73, 3374 }, // U+005C
    { 6, 18, 13, 2, 15, 19, 3447 }, // ]
    { 9, 8, 13, 2, 14, 48, 3466 }, // ^
    { 11, 1, 13, 1, -2, 12, 3514 }, // _
    { 5, 5, 13, 3, 17, 23, 3526 }, // `
    { 10, 10, 13, 1, 10, 59, 3549 }, // a
    { 11, 15, 13, 1, 15, 64, 3608 }, // b
    { 11, 10, 13, 1, 10, 50, 3672 }, // c
    { 10, 15, 13, 1, 15, 62, 3722 }, // d
    { 11, 10, 13, 1, 10, 65, 3784 }, // e
    { 11, 15, 13, 2, 15, 42, 3849 }, // f
    { 11, 14, 13, 1, 10, 92, 3891 }, // g
    { 11, 15, 13, 1, 15, 40, 3983 }, // h
    { 8, 15, 13, 1, 15, 32, 4023 }, // i
    { 8, 19, 13, 1, 15, 47, 4055 }, // j
    { 11, 15, 13, 2, 15, 58, 4102 }, // k
    { 11, 15, 13, 1, 15, 28, 4160 }, // l
    { 11, 10, 13, 1, 10, 35, 4188 }, // m
    { 11, 10, 13, 1, 10, 36, 4223 }, // n
    { 11, 10, 13, 1, 10, 52, 4259 }, // o
    { 11, 14, 13, 1, 10, 64, 4311 }, // p
    { 10, 14, 13, 1, 10, 59, 4375 }, // q
    { 10, 10, 13, 2, 10, 27, 4434 }, // r
    { 11, 10, 13, 1, 10, 64, 4461 }, // s
    { 11, 13, 13, 1, 13, 48, 4525 }, // t
    { 10, 10, 13, 1, 10, 36, 4573 }, // u
    { 12, 10, 13, 0, 10, 67, 4609 }, // v
    { 13, 10, 13, 0, 10, 81, 4676 }, // w
    { 11, 10, 13, 1, 10, 65, 4757 }, // x
    { 12, 14, 13, 0, 10, 84, 4822 }, // y
    { 11, 10, 13, 1, 10, 55, 4906 }, // z
    { 9, 18, 13, 2, 15, 60, 4961 }, // {
    { 3, 21, 13, 5, 16, 13, 5021 }, // |
    { 9, 18, 13, 2, 15, 52, 5034 }, // }
    { 11, 4, 13, 1, 9, 25, 5086 }, // ~
    { 0, 0, 13, 0, 0, 8, 5111 }, // U+00A0
    { 4, 14, 13, 4, 10, 35, 5119 }, // U+00A1
    { 9, 13, 13, 2, 13, 53, 5154 }, // U+00A2
    { 11, 13, 13, 1, 13, 68, 5207 }, // U+00A3
    { 11, 12, 13, 1, 13, 57, 5275 }, // U+00A4
    { 12, 13, 13, 0, 13, 70, 5332 }, // U+00A5
    { 3, 21, 13, 5, 16, 23, 5402 }, // U+00A6
    { 10, 15, 13, 1, 14, 82, 5425 }, // U+00A7
    { 8, 3, 13, 2, 15, 19, 5507 }, // U+00A8
    { 13, 13, 13, 0, 13, 90, 5526 }, // U+00A9
    { 7, 7, 13, 3, 15, 37, 5616 }, // U+00AA
    { 10, 9, 13, 1, 10, 50, 5653 }, // U+00AB
    { 10, 6, 13, 1, 7, 20, 5703 }, // U+00AC
    { 10, 1, 13, 1, 7, 13, 5723 }, // U+00AD
    { 9, 8, 13, 2, 15, 48, 5736 }, // U+00AE
    { 7, 1, 13, 3, 14, 12, 5784 }, // U+00AF
    { 7, 5, 13, 3, 14, 25, 5796 }, // U+00B0
    { 10, 12, 13, 1, 12, 29, 5821 }, // U+00B1
    { 8, 8, 13, 2, 16, 41, 5850 }, // U+00B2
    { 8, 9, 13, 2, 17, 45, 5891 }, // U+00B3
    { 6, 5, 13, 4, 17, 23, 5936 }, // U+00B4
    { 11, 14, 13, 1, 10, 52, 5959 }, // U+00B5
    { 10, 15, 13, 1, 14, 42, 6011 }, // U+00B6
    { 5, 4, 13, 4, 10, 20, 6053 }, // U+00B7
    { 5, 6, 13, 4, 0, 26, 6073 }, // U+00B8
    { 8, 8, 13, 3, 16, 20, 6099 }, // U+00B9
    { 8, 7, 13, 2, 15, 32, 6119 }, // U+00BA
    { 11, 9, 13, 1, 10, 53, 6151 }, // U+00BB
    { 13, 13, 13, 0, 13, 76, 6204 }, // U+00BC
    { 13, 13, 13, 0, 13, 77, 6280 }, // U+00BD
    { 13, 14, 13, 0, 14, 93, 6357 }, // U+00BE
    { 9, 14, 13, 2, 10, 55, 6450 }, // U+00BF
    { 13, 18, 13, 0, 18, 106, 6505 }, // U+00C0
    { 13, 18, 13, 0, 18, 104, 6611 }, // U+00C1
    { 13, 18, 13, 0, 18, 108, 6715 }, // U+00C2
    { 13, 18, 13, 0, 18, 109, 6823 }, // U+00C3
    { 13, 17, 13, 0, 17, 98, 6932 }, // U+00C4
    { 13, 19, 13, 0, 19, 103, 7030 }, // U+00C5
    { 14, 14, 13, -1, 14, 77, 7133 }, // U+00C6
    { 11, 20, 13, 1, 14, 84, 7210 }, // U+00C7
    { 10, 18, 13, 2, 18, 42, 7294 }, // U+00C8
    { 10, 18, 13, 2, 18, 44, 7336 }, // U+00C9
    { 10, 18, 13, 2, 18, 41, 7380 }, // U+00CA
    { 10, 17, 13, 2, 17, 33, 7421 }, // U+00CB
    { 10, 18, 13, 1, 18, 40, 7454 }, // U+00CC
    { 10, 18, 13, 1, 18, 39, 7494 }, // U+00CD
    { 10, 18, 13, 1, 18, 41, 7533 }, // U+00CE
    { 10, 17, 13, 1, 17, 32, 7574 }, // U+00CF
    { 12, 14, 13, 0, 14, 65, 7606 }, // U+00D0
    { 10, 18, 13, 1, 18, 83, 7671 }, // U+00D1
    { 12, 18, 13, 0, 18, 85, 7754 }, // U+00D2
    { 12, 18, 13, 0, 18, 85, 7839 }, // U+00D3
    { 12, 18, 13, 0, 18, 87, 7924 }, // U+00D4
    { 12, 18, 13, 0, 18, 88, 8011 }, // U+00D5
    { 12, 17, 13, 0, 17, 78, 8099 }, // U+00D6
    { 9, 9, 13, 2, 11, 47, 8177 }, // U+00D7
    { 12, 16, 13, 0, 15, 105, 8224 }, // U+00D8
    { 11, 18, 13, 1, 18, 60, 8329 }, // U+00D9
    { 11, 18, 13, 1, 18, 59, 8389 }, // U+00DA
    { 11, 18, 13, 1, 18, 61, 8448 }, // U+00DB
    { 11, 17, 13, 1, 17, 53, 8509 }, // U+00DC
    { 12, 18, 13, 0, 18, 82, 8562 }, // U+00DD
    { 11, 14, 13, 1, 14, 49, 8644 }, // U+00DE
    { 11, 15, 13, 1, 15, 81, 8693 }, // U+00DF
    { 10, 17, 13, 1, 17, 80, 8774 }, // U+00E0
    { 10, 17, 13, 1, 17, 80, 8854 }, // U+00E1
    { 10, 16, 13, 1, 16, 81, 8934 }, // U+00E2
    { 10, 16, 13, 1, 16, 81, 9015 }, // U+00E3
    { 10, 15, 13, 1, 15, 73, 9096 }, // U+00E4
    { 10, 16, 13, 1, 16, 74, 9169 }, // U+00E5
    { 13, 10, 13, 0, 10, 79, 9243 }, // U+00E6
    { 11, 16, 13, 1, 10, 72, 9322 }, // U+00E7
    { 11, 17, 13, 1, 17, 83, 9394 }, // U+00E8
    { 11, 17, 13, 1, 17, 84, 9477 }, // U+00E9
    { 11, 16, 13, 1, 16, 86, 9561 }, // U+00EA
    { 11, 15, 13, 1, 15, 75, 9647 }, // U+00EB
    { 8, 17, 13, 1, 17, 39, 9722 }, // U+00EC
    { 10, 17, 13, 1, 17, 41, 9761 }, // U+00ED
    { 10, 16, 13, 1, 16, 40, 9802 }, // U+00EE
    { 10, 15, 13, 1, 15, 32, 9842 }, // U+00EF
    { 11, 15, 13, 1, 15, 98, 9874 }, // U+00F0
    { 11, 16, 13, 1, 16, 61, 9972 }, // U+00F1
    { 11, 17, 13, 1, 17, 72, 10033 }, // U+00F2
    { 11, 17, 13, 1, 17, 72, 10105 }, // U+00F3
    { 11, 16, 13, 1, 16, 74, 10177 }, // U+00F4
    { 11, 16, 13, 1, 16, 74, 10251 }, // U+00F5
    { 11, 15, 13, 1, 15, 66, 10325 }, // U+00F6
    { 10, 11, 13, 1, 12, 31, 10391 }, // U+00F7
    { 11, 12, 13, 1, 11, 80, 10422 }, // U+00F8
    { 10, 17, 13, 1, 17, 58, 10502 }, // U+00F9
    { 10, 17, 13, 1, 17, 58, 10560 }, // U+00FA
    { 10, 16, 13, 1, 16, 58, 10618 }, // U+00FB
    { 10, 15, 13, 1, 15, 50, 10676 }, // U+00FC
    { 12, 21, 13, 0, 17, 102, 10726 }, // U+00FD
    { 11, 19, 13, 1, 15, 65, 10828 }, // U+00FE
    { 12, 19, 13, 0, 15, 96, 10893 }, // U+00FF
};
const UnicodeInterval UiSmallIntervals[] PROGMEM = {
    { 0x20, 0x7E, 0x0 },
    { 0xA0, 0xFF, 0x5F },
};
const GFXfont UiSmall PROGMEM = {
    (uint8_t *)UiSmallBitmaps,
    (GFXglyph *)UiSmallGlyphs,
    (UnicodeInterval *)UiSmallIntervals,
    2,
    1,
    26,
    21,
    -6,
};

const uint8_t UiBodyBitmaps[13646] PROGMEM = {
    0x78, 0x9C, 0x03, 0x00, 0x00, 0x00, 0x00, 0x01, 0x78, 0x9C, 0xDB, 0xB0, 0x9F, 0x61, 0xC1, 0x7A,
    0x10, 0x9A, 0x30, 0x1F, 0x84, 0x1A, 0xFA, 0x19, 0x0A, 0xEA, 0x19, 0x0A, 0xF2, 0x19, 0x12, 0xF2,
    0x19, 0x02, 0xE2, 0x19, 0x20, 0x60, 0xC3, 0x7E, 0x86, 0x6F, 0xFF, 0xD9, 0x80, 0x08, 0xC8, 0x00,
    0x00, 0xB1, 0xE2, 0x11, 0x9B, 0x78, 0x9C, 0xFB, 0xF0, 0x9F, 0xF1, 0xE3, 0x7F, 0xC6, 0x0F, 0x20,
    0xC4, 0x00, 0x41, 0x0F, 0xC0, 0xE4, 0x81, 0xFB, 0x0C, 0x17, 0xEE, 0x33, 0x2C, 0xD8, 0xCF, 0xB0,
    0x61, 0x3F, 0xC3, 0x84, 0xF9, 0x20, 0x54, 0xD0, 0xCF, 0x50, 0x50, 0xCF, 0x10, 0x90, 0xCF, 0x10,
    0x10, 0xCF, 0x00, 0x00, 0x70, 0x8A, 0x1B, 0x43, 0x78, 0x9C, 0x63, 0x58, 0xC0, 0xC7, 0xD0, 0xCF,
    0xC0, 0xB0, 0x81, 0x47, 0xA0, 0x9E, 0x81, 0xE1, 0x02, 0x97, 0x41, 0x3C, 0x03, 0xC3, 0x07, 0x8E,
    0x00, 0x7B, 0x06, 0x86, 0x8F, 0xDD, 0x3B, 0xD6, 0x73, 0x7E, 0xFB, 0xFF, 0xEE, 0xDF, 0x7F, 0x79,
    0x86, 0x6F, 0x4C, 0x1B, 0x78, 0x19, 0x18, 0xBE, 0x33, 0x5C, 0xE0, 0x66, 0x60, 0x78, 0xC9, 0xF0,
    0x81, 0x93, 0x81, 0xE1, 0xF5, 0xAA, 0x5F, 0x3D, 0xAC, 0xFF, 0xFE, 0x03, 0x01, 0x27, 0x50, 0xFB,
    0x57, 0x11, 0x06, 0x85, 0x7C, 0x86, 0xEF, 0x8C, 0x0C, 0x0E, 0xFE, 0x0C, 0x3F, 0x19, 0x18, 0x12,
    0xF4, 0x19, 0x6E, 0x33, 0x30, 0x34, 0xF0, 0x33, 0xEC, 0x65, 0x60, 0x00, 0x00, 0x90, 0x4F, 0x22,
    0x4D, 0x78, 0x9C, 0x63, 0x60, 0xF8, 0xCC, 0xC1, 0x00, 0x04, 0x48, 0xE4, 0xE2, 0x7F, 0xEF, 0xB3,
    0x19, 0x0A, 0xDE, 0xB3, 0x24, 0xBE, 0x65, 0xFC, 0x18, 0xCF, 0xC0, 0xA0, 0xC0, 0xF0, 0x45, 0x1F,
    0x24, 0xF7, 0xA9, 0x1F, 0x44, 0x2E, 0xF8, 0x9F, 0xCB, 0x08, 0xA4, 0x7E, 0xFC, 0x5F, 0xCF, 0xCC,
    0xC0, 0x20, 0xF0, 0xE2, 0x3F, 0x58, 0xF0, 0xCA, 0x7F, 0x76, 0x10, 0xF5, 0x87, 0x07, 0x44, 0xFE,
    0xE4, 0x2D, 0x04, 0x92, 0x7F, 0x39, 0x7E, 0xE5, 0x31, 0x4D, 0x3C, 0xCF, 0xD0, 0x7C, 0xFB, 0xFF,
    0x7E, 0x36, 0x54, 0xF3, 0x91, 0x48, 0x00, 0xF5, 0xD1, 0x23, 0x25, 0x78, 0x9C, 0x63, 0x78, 0x71,
    0x9E, 0x99, 0x81, 0xA1, 0x9D, 0x61, 0x82, 0xFF, 0x46, 0x79, 0x06, 0x87, 0xFF, 0x4C, 0x1F, 0xB9,
    0x0C, 0xFA, 0x19, 0x1E, 0xD9, 0x33, 0x7C, 0xE1, 0x10, 0xD8, 0xCF, 0xF0, 0x97, 0x19, 0x4C, 0x6F,
    0xB0, 0x67, 0x60, 0xF8, 0xC8, 0xE5, 0xD0, 0x3F, 0x01, 0xA8, 0x72, 0x82, 0xFF, 0x41, 0x39, 0x06,
    0x10, 0x78, 0xB1, 0x9F, 0x89, 0x01, 0x0A, 0x0E, 0xBF, 0xE7, 0x04, 0x92, 0x93, 0x05, 0xCE, 0x39,
    0xCE, 0x67, 0x60, 0x30, 0xD8, 0xDF, 0x60, 0xCF, 0xF0, 0x8B, 0x91, 0xE1, 0x33, 0xEF, 0x02, 0x79,
    0x86, 0xEF, 0x2C, 0x06, 0xEF, 0x99, 0x80, 0xF4, 0x0F, 0x96, 0x4F, 0xFE, 0x0C, 0x05, 0xFE, 0x40,
    0xF1, 0x06, 0x76, 0x06, 0x88, 0x3A, 0x20, 0xD8, 0xF4, 0x9E, 0x83, 0x01, 0x00, 0xF9, 0xF8, 0x26,
    0x8A, 0x78, 0x9C, 0x63, 0x60, 0xB8, 0x7A, 0x9F, 0x9D, 0x01, 0x08, 0x12, 0xFA, 0x1B, 0xEA, 0x41,
    0xF4, 0x07, 0x7E, 0x81, 0xF3, 0x20, 0xFA, 0x13, 0x9F, 0x01, 0x84, 0xE6, 0x5F, 0x90, 0x0F, 0xA2,
    0x1F, 0xC4, 0xFF, 0xE4, 0x04, 0xD1, 0x0D, 0xFF, 0x81, 0xCA, 0x04, 0x80, 0xEA, 0xFF, 0x73, 0x33,
    0x08, 0xFC, 0x67, 0x62, 0xF8, 0xFE, 0x3F, 0x9E, 0x21, 0xE1, 0x3C, 0x43, 0xC0, 0xFF, 0xED, 0xFF,
    0x99, 0x0F, 0xD4, 0x33, 0x5C, 0xD8, 0x2F, 0xF0, 0xD7, 0xFE, 0x8B, 0x3C, 0xC3, 0x87, 0x78, 0x86,
    0x4B, 0xFF, 0xFF, 0xB2, 0x83, 0x68, 0x81, 0x3F, 0xFF, 0x19, 0x18, 0x16, 0xAC, 0x67, 0x60, 0xF8,
    0xF1, 0x3F, 0x97, 0x41, 0xE0, 0xAF, 0x64, 0xE3, 0xFB, 0x17, 0xFF, 0x59, 0x18, 0x1A, 0xFE, 0x9E,
    0x17, 0x17, 0xB8, 0xC1, 0x00, 0x00, 0x1B, 0xB1, 0x2F, 0x17, 0x78, 0x9C, 0xFB, 0xF8, 0x9F, 0xF1,
    0xC3, 0x7F, 0x06, 0x08, 0xBA, 0x70, 0x9F, 0x61, 0xC3, 0x7E, 0x86, 0x09, 0xF3, 0x19, 0x0A, 0xEA,
    0x19, 0x02, 0xE2, 0x19, 0x00, 0xE4, 0x01, 0x0D, 0xAA, 0x78, 0x9C, 0x63, 0x60, 0x38, 0xC4, 0xCC,
    0xA0, 0xF0, 0x8F, 0x83, 0xE1, 0xC2, 0x7C, 0x06, 0x86, 0x5F, 0x3C, 0x0C, 0x06, 0xFF, 0x19, 0x19,
    0x36, 0xF4, 0x33, 0x30, 0x7C, 0x92, 0x67, 0x60, 0xF8, 0xCE, 0x0D, 0x14, 0x62, 0x67, 0x60, 0xF8,
    0xCB, 0xC2, 0xC0, 0xF0, 0x8F, 0x99, 0x81, 0xE1, 0x3F, 0x13, 0x84, 0x06, 0xF1, 0x41, 0xE2, 0x20,
    0x79, 0x90, 0xBA, 0x0D, 0xF5, 0x0C, 0x60, 0x7D, 0x0C, 0xBF, 0x80, 0x02, 0x20, 0x73, 0x40, 0xE6,
    0x01, 0xCD, 0x05, 0x00, 0x93, 0xD6, 0x18, 0xBB, 0x78, 0x9C, 0x3B, 0xCC, 0xC4, 0xC0, 0xF0, 0x53,
    0x8F, 0x81, 0x61, 0xC1, 0x7D, 0x06, 0x06, 0x86, 0x3F, 0x5C, 0x0C, 0x0C, 0x9F, 0xEC, 0x19, 0x18,
    0x1A, 0xF6, 0x33, 0x30, 0x08, 0xFC, 0x07, 0xCA, 0xFC, 0x66, 0x67, 0x60, 0xF8, 0x0E, 0x14, 0xFC,
    0xCA, 0xCB, 0xC0, 0xF0, 0x99, 0x0F, 0x28, 0xC9, 0x0F, 0xA1, 0x41, 0x7C, 0x90, 0x38, 0x50, 0x1E,
    0xA4, 0x0E, 0xA4, 0x1E, 0xA4, 0x0F, 0xA8, 0x7F, 0xC2, 0x7D, 0x88, 0x79, 0x87, 0x81, 0xBA, 0x01,
    0x8B, 0x45, 0x18, 0xE2, 0x78, 0x9C, 0x63, 0x60, 0x10, 0x10, 0x63, 0x00, 0x01, 0x07, 0x7B, 0x08,
    0xE5, 0x0F, 0xA6, 0x02, 0xE2, 0x81, 0xC4, 0x86, 0xEC, 0xC4, 0xFC, 0xC4, 0xDD, 0x0C, 0x09, 0xAF,
    0xDE, 0xBF, 0x7F, 0x9F, 0x05, 0xE4, 0x7F, 0xFD, 0xCF, 0x0A, 0x92, 0xFB, 0xFB, 0x9D, 0x17, 0x48,
    0x36, 0xD4, 0x17, 0xF4, 0x03, 0xA9, 0xCF, 0x5C, 0x0C, 0xBF, 0x98, 0x19, 0x18, 0x8E, 0x30, 0x30,
    0x1C, 0x60, 0x61, 0x00, 0x00, 0x67, 0x2F, 0x12, 0xE6, 0x78, 0x9C, 0x63, 0x60, 0xB8, 0xCA, 0xCA,
    0x00, 0x04, 0xDF, 0xD9, 0xB1, 0x91, 0xFF, 0x41, 0x80, 0x1F, 0x97, 0x2C, 0x03, 0x58, 0x2F, 0x00,
    0xF2, 0xFE, 0x0E, 0xAF, 0x78, 0x9C, 0x63, 0xF8, 0xA5, 0xC3, 0x50, 0xF0, 0x7F, 0x3F, 0x10, 0xFF,
    0x67, 0x60, 0xF8, 0xFD, 0x9F, 0x91, 0x41, 0x00, 0x48, 0x07, 0x9C, 0x67, 0x60, 0x78, 0xE4, 0xCF,
    0x90, 0xF0, 0x8F, 0x93, 0xE1, 0x41, 0x3D, 0x03, 0x83, 0x01, 0x23, 0x03, 0x03, 0x00, 0x50, 0x73,
    0x0E, 0x14, 0x78, 0x9C, 0xFB, 0xFF, 0x1F, 0x08, 0xF8, 0x01, 0x14, 0x01, 0x05, 0x0B, 0x78, 0x9C,
    0xDB, 0xB8, 0x9F, 0xE1, 0xC7, 0x7F, 0x8E, 0xDF, 0xFF, 0xB9, 0x81, 0xE4, 0xC6, 0xFD, 0x8C, 0x00,
    0x4B, 0x5A, 0x08, 0xE5, 0x78, 0x9C, 0x63, 0x60, 0x60, 0x60, 0xF8, 0xC5, 0x0E, 0x24, 0x18, 0xFE,
    0x33, 0x02, 0x89, 0x84, 0xFD, 0x20, 0xE6, 0x81, 0x78, 0x10, 0xF9, 0x89, 0x1F, 0x44, 0xFE, 0xE0,
    0x04, 0x91, 0xFF, 0x98, 0x81, 0x84, 0xC3, 0x7D, 0x10, 0x73, 0x41, 0x3F, 0x88, 0xFC, 0xA0, 0x0F,
    0x22, 0xBF, 0xF1, 0x80, 0xC8, 0x3F, 0x6C, 0x40, 0x42, 0xE1, 0x3F, 0x88, 0xD9, 0xB0, 0x1E, 0x44,
    0x5E, 0xF0, 0x07, 0x91, 0x5F, 0xF8, 0x40, 0xE4, 0x4F, 0x0E, 0xB0, 0xE1, 0x4C, 0x40, 0x22, 0xE0,
    0x3C, 0x88, 0xB9, 0x21, 0x1F, 0x44, 0x7E, 0x04, 0x1B, 0xFE, 0x9D, 0x0B, 0x44, 0x02, 0x00, 0x1E,
    0xFC, 0x17, 0x64, 0x78, 0x9C, 0x63, 0x50, 0x78, 0xF5, 0x5E, 0x8B, 0x81, 0x81, 0xE1, 0x8B, 0xAD,
    0xC1, 0x5F, 0x16, 0x06, 0x81, 0xFF, 0x8C, 0x0C, 0x1F, 0xE5, 0x19, 0x26, 0xCC, 0x67, 0x00, 0xE1,
    0x07, 0xFE, 0x0C, 0x0C, 0x0E, 0xEF, 0x41, 0x02, 0x20, 0x89, 0x2F, 0xFC, 0x0A, 0x6A, 0x0C, 0xFF,
    0x59, 0xBE, 0xF0, 0x3F, 0x78, 0x0F, 0xA6, 0x3E, 0xFE, 0x67, 0xFC, 0xCF, 0xF2, 0x99, 0x1F, 0xA8,
    0xEE, 0x3F, 0x33, 0x48, 0x89, 0xC2, 0x7F, 0x46, 0x90, 0x86, 0x80, 0xF7, 0x0C, 0x0D, 0x20, 0xED,
    0xFD, 0x0C, 0x02, 0xFF, 0x18, 0x19, 0x3E, 0xC9, 0xC1, 0x8C, 0x66, 0x50, 0x78, 0xF9, 0x5E, 0x93,
    0x81, 0x01, 0x00, 0xEF, 0xFB, 0x28, 0x4B, 0x78, 0x9C, 0x63, 0x30, 0xF8, 0xE9, 0xCF, 0xC0, 0x30,
    0xE1, 0xFF, 0x7F, 0x10, 0x79, 0xE6, 0x2F, 0x90, 0x64, 0x60, 0xF8, 0x44, 0x15, 0xF2, 0xD7, 0x7F,
    0x20, 0x88, 0x07, 0x00, 0xFB, 0x3F, 0x1B, 0x5F, 0x78, 0x9C, 0x13, 0x38, 0xFE, 0xEF, 0xBE, 0x04,
    0x03, 0xC3, 0xA7, 0xF5, 0xCC, 0x8D, 0xEF, 0x19, 0x19, 0x02, 0xD8, 0x19, 0x18, 0x7E, 0x71, 0x33,
    0x80, 0xC0, 0x17, 0x79, 0x30, 0xF5, 0xC9, 0x1F, 0x4C, 0x7D, 0xD6, 0x07, 0x53, 0x3F, 0xF8, 0x40,
    0xA4, 0xC2, 0x7F, 0x36, 0x10, 0x75, 0xE0, 0x3C, 0x58, 0xEC, 0x97, 0x1C, 0x88, 0x5C, 0xF0, 0x9F,
    0x19, 0x44, 0xFD, 0xB6, 0x07, 0x91, 0x07, 0xDF, 0x83, 0x38, 0x02, 0x7F, 0x75, 0x41, 0x9C, 0x47,
    0xFF, 0xDF, 0xFD, 0xFF, 0xFF, 0x9F, 0xE9, 0xCB, 0x7F, 0x10, 0x60, 0x02, 0x00, 0x1C, 0xD7, 0x21,
    0x0E, 0x78, 0x9C, 0x53, 0x38, 0xFE, 0xEF, 0xBE, 0x26, 0x03, 0xC3, 0x86, 0xF5, 0xCC, 0x89, 0xFF,
    0x59, 0x19, 0x18, 0x58, 0x18, 0x18, 0xBE, 0xCB, 0x33, 0x80, 0xC0, 0xC7, 0x7C, 0x30, 0xF5, 0xA1,
    0x1E, 0x4C, 0x7D, 0xF6, 0x07, 0x53, 0x7F, 0x78, 0x80, 0x84, 0xC2, 0xB5, 0xFD, 0x8C, 0x40, 0xEA,
    0xFF, 0x7F, 0x29, 0x90, 0x90, 0x40, 0xF3, 0x3F, 0x0E, 0xB0, 0xDC, 0xC3, 0x7E, 0x30, 0xD5, 0xF0,
    0x1F, 0x46, 0x35, 0x30, 0x31, 0x30, 0x5C, 0x58, 0xCF, 0xF0, 0xAD, 0x9F, 0xD9, 0x11, 0xA8, 0x2F,
    0xE0, 0xE4, 0xBF, 0xF7, 0xD1, 0x0C, 0x0C, 0x00, 0x4B, 0x45, 0x1D, 0xF0, 0x78, 0x9C, 0x63, 0x60,
    0x60, 0x60, 0xF8, 0x13, 0x0F, 0x24, 0x18, 0x1A, 0xFE, 0x83, 0xA9, 0x2F, 0xAF, 0x41, 0x94, 0xC0,
    0xBF, 0x47, 0x20, 0x6A, 0x43, 0xFD, 0x07, 0x10, 0xF5, 0x83, 0x07, 0x44, 0x39, 0xBC, 0x67, 0x04,
    0x51, 0x0F, 0xE3, 0x19, 0x40, 0xD4, 0x6F, 0x4E, 0x10, 0x55, 0x70, 0x9F, 0x01, 0x44, 0x7D, 0xF8,
    0x0F, 0x02, 0xFB, 0x41, 0xFA, 0xC1, 0x1A, 0x70, 0x53, 0x00, 0x08, 0xCF, 0x23, 0xCC, 0x78, 0x9C,
    0x63, 0xF8, 0xF7, 0xFF, 0xFF, 0xFF, 0x78, 0x06, 0x86, 0xFF, 0x50, 0x8A, 0x85, 0x01, 0x08, 0x04,
    0xFE, 0x33, 0x81, 0x28, 0x85, 0xFF, 0x8C, 0x20, 0xCA, 0xE0, 0x3F, 0x88, 0x64, 0x70, 0xF8, 0xFF,
    0xE6, 0x7F, 0x0E, 0x88, 0xD2, 0x72, 0xF8, 0xCB, 0xC3, 0xC0, 0xA0, 0xCC, 0xC0, 0xF0, 0x70, 0x3E,
    0x58, 0x62, 0x02, 0x44, 0x3E, 0x01, 0xA2, 0x3A, 0x01, 0xC2, 0x5B, 0x70, 0x9E, 0xA1, 0x01, 0x68,
    0xC8, 0x67, 0x7F, 0x86, 0x6F, 0xF5, 0x4C, 0x89, 0xFF, 0xD9, 0x18, 0x02, 0x4E, 0xFD, 0xBB, 0xAF,
    0xC9, 0xC0, 0x00, 0x00, 0x15, 0x1D, 0x22, 0x82, 0x78, 0x9C, 0x63, 0x60, 0x58, 0xF2, 0xEF, 0x7E,
    0x16, 0x03, 0xC3, 0x84, 0xF5, 0xCC, 0x85, 0xFD, 0x0C, 0x0C, 0x3F, 0xB8, 0x18, 0x18, 0x18, 0x19,
    0x14, 0xFE, 0x33, 0x32, 0x00, 0x41, 0xC3, 0x7A, 0x10, 0xC9, 0x70, 0x21, 0x1F, 0x4C, 0x7D, 0xB0,
    0x07, 0x53, 0x1F, 0xED, 0xB7, 0xFD, 0xDB, 0xC7, 0xC2, 0xF0, 0xE9, 0xBD, 0xBA, 0xC0, 0xB3, 0x7C,
    0x86, 0x8F, 0xFE, 0x0C, 0x0C, 0x01, 0xFF, 0x19, 0x3F, 0x80, 0x94, 0xFC, 0x67, 0x3D, 0x30, 0x1F,
    0x44, 0xB1, 0x25, 0xBC, 0x67, 0x60, 0x10, 0xF8, 0xCF, 0xC2, 0xF0, 0x97, 0x8D, 0xA1, 0xE1, 0x3E,
    0x03, 0xC3, 0xA5, 0x7C, 0x81, 0xEF, 0xBA, 0x40, 0x89, 0xEB, 0xFF, 0x73, 0x18, 0x18, 0x00, 0x47,
    0x82, 0x22, 0xD3, 0x78, 0x9C, 0xFB, 0xF2, 0x1F, 0x04, 0x58, 0xBF, 0x80, 0x29, 0x66, 0x06, 0x20,
    0x38, 0x50, 0x0F, 0x22, 0x19, 0x7E, 0x70, 0x83, 0x48, 0x83, 0xF7, 0x8C, 0x60, 0xB1, 0x7C, 0xB0,
    0xD8, 0x57, 0x5E, 0x30, 0xF5, 0x97, 0x1D, 0x2C, 0xF5, 0x1F, 0x2C, 0x35, 0xE1, 0x3C, 0x58, 0xEC,
    0x42, 0x3F, 0x98, 0xFA, 0x18, 0x0F, 0xA6, 0x3E, 0xDB, 0x43, 0xD4, 0xEB, 0x83, 0xA9, 0xEF, 0xF2,
    0x10, 0x13, 0xF9, 0x81, 0x04, 0x00, 0x12, 0x77, 0x1C, 0x2F, 0x78, 0x9C, 0x63, 0x30, 0x78, 0xF5,
    0x3F, 0x87, 0x81, 0x81, 0xE1, 0x87, 0x96, 0xC2, 0x0F, 0x6E, 0x06, 0x85, 0xF7, 0x0C, 0x0C, 0x1B,
    0xF2, 0x19, 0x12, 0xEE, 0x33, 0x30, 0x34, 0xCC, 0x67, 0x70, 0xF8, 0xCF, 0xCE, 0x70, 0xA0, 0x9E,
    0x81, 0xE1, 0xF7, 0x7D, 0xB1, 0x5F, 0xB2, 0x0C, 0x0C, 0x13, 0xFE, 0xFF, 0x3F, 0xCF, 0xC8, 0xC0,
    0xB0, 0xE9, 0xFF, 0xFF, 0xFD, 0x4C, 0x0C, 0x06, 0xFF, 0x34, 0x9F, 0xFF, 0xB7, 0x67, 0xB8, 0xB0,
    0x9E, 0x81, 0xE1, 0xFB, 0x7D, 0x86, 0xCF, 0xF2, 0x0C, 0x0C, 0x05, 0xFF, 0x99, 0xBF, 0xF2, 0x31,
    0x30, 0x08, 0xFC, 0x67, 0xF9, 0xC4, 0x0F, 0xA2, 0x98, 0x0F, 0xE4, 0x33, 0x30, 0x24, 0x9C, 0x67,
    0x10, 0xF8, 0xAB, 0xA1, 0xF0, 0x5D, 0x17, 0xC8, 0x7C, 0xFD, 0xBE, 0x86, 0x81, 0x01, 0x00, 0x83,
    0x48, 0x2A, 0xBD, 0x78, 0x9C, 0x63, 0x28, 0xF8, 0x73, 0x9E, 0x9D, 0x81, 0x41, 0xE1, 0xAF, 0x78,
    0xE1, 0x7D, 0x26, 0x86, 0x0B, 0xF5, 0x0C, 0x0C, 0xDF, 0x79, 0x19, 0xBE, 0xC8, 0x33, 0x30, 0x3C,
    0xC8, 0x67, 0xF8, 0xC6, 0xCF, 0xC0, 0x30, 0xE1, 0x3C, 0xC3, 0x57, 0x20, 0x95, 0xF0, 0x9F, 0xE1,
    0x63, 0x3C, 0x03, 0x83, 0xC3, 0x7F, 0xA6, 0x84, 0xF7, 0xA2, 0x0A, 0xCF, 0xFF, 0x33, 0x31, 0x6C,
    0xF9, 0x77, 0xCE, 0x0C, 0x48, 0x01, 0x81, 0xC1, 0x7F, 0x10, 0xC9, 0x90, 0x70, 0x1F, 0x4C, 0x2D,
    0x98, 0x0F, 0xA6, 0x3E, 0xEA, 0x33, 0x30, 0x30, 0x32, 0x30, 0xFC, 0xE2, 0x60, 0x68, 0xA8, 0x67,
    0x5C, 0x0C, 0x14, 0x0B, 0xB8, 0xF5, 0x7F, 0x1D, 0x0B, 0x03, 0x03, 0x00, 0x3F, 0xFA, 0x22, 0xE6,
    0x78, 0x9C, 0xDB, 0xB8, 0x9F, 0xE1, 0xC7, 0x7F, 0x8E, 0xDF, 0xFF, 0xB9, 0x81, 0xE4, 0xC6, 0xFD,
    0x8C, 0x0C, 0x48, 0x60, 0x23, 0xAA, 0x14, 0x00, 0x86, 0xDB, 0x11, 0xC9, 0x78, 0x9C, 0x13, 0xF8,
    0xCD, 0xCD, 0xD0, 0xF0, 0xBF, 0x9F, 0x61, 0xC3, 0xFF, 0xFD, 0x60, 0x5A, 0xE0, 0xB7, 0x34, 0x03,
    0x56, 0xF0, 0x4B, 0x87, 0xA1, 0x00, 0xA8, 0xA6, 0xE0, 0xFF, 0x7F, 0x06, 0x86, 0xDF, 0xFF, 0x19,
    0x19, 0x04, 0x80, 0x74, 0xC0, 0x79, 0x06, 0x86, 0x47, 0xFE, 0x0C, 0x09, 0xFF, 0x38, 0x19, 0x1E,
    0xD4, 0x33, 0x30, 0x18, 0x30, 0x32, 0x30, 0x00, 0x00, 0xBE, 0xF0, 0x16, 0xDA, 0x78, 0x9C, 0x63,
    0x60, 0x60, 0x60, 0x48, 0x60, 0x05, 0x12, 0x0A, 0x7F, 0xD8, 0x80, 0xE4, 0x8F, 0x7E, 0x20, 0x71,
    0xF9, 0x3C, 0x13, 0x03, 0xC3, 0xC4, 0xF7, 0x40, 0xD1, 0x80, 0x7F, 0x92, 0x40, 0xFE, 0x87, 0x7C,
    0x20, 0x01, 0x65, 0x03, 0xC5, 0x41, 0xEA, 0x18, 0xAE, 0x80, 0xD4, 0x40, 0xD5, 0x43, 0xF5, 0x02,
    0xCD, 0x01, 0x00, 0x93, 0xB4, 0x10, 0x9E, 0x78, 0x9C, 0xFB, 0xFF, 0x1F, 0x08, 0xF8, 0x19, 0xF0,
    0x82, 0xFF, 0x60, 0x35, 0x00, 0xDD, 0x88, 0x0A, 0x15, 0x78, 0x9C, 0x4B, 0x65, 0x00, 0x81, 0x6F,
    0x3A, 0x20, 0xB2, 0xE1, 0x3F, 0x07, 0x88, 0x3A, 0x74, 0x9F, 0x19, 0x44, 0x3D, 0x9B, 0xCF, 0x08,
    0x24, 0x05, 0x7E, 0xC6, 0x81, 0x38, 0x09, 0xFF, 0xE1, 0xEC, 0xA7, 0x20, 0xF1, 0x43, 0xF7, 0x59,
    0x60, 0xEA, 0x21, 0x7A, 0x53, 0xC1, 0xE6, 0x00, 0x00, 0x9D, 0x23, 0x10, 0x9E, 0x78, 0x9C, 0x73,
    0xB8, 0xF5, 0x7F, 0x2E, 0x13, 0xC3, 0xC1, 0x7C, 0xC6, 0xAF, 0xFE, 0x0C, 0x0C, 0x8C, 0x0C, 0x05,
    0xEF, 0x19, 0x80, 0x20, 0xE1, 0x3F, 0x88, 0xBC, 0x00, 0x66, 0xFF, 0x06, 0x8A, 0x33, 0x6C, 0xF8,
    0xCF, 0x0A, 0x24, 0x7F, 0x80, 0x98, 0x0C, 0xFF, 0xD9, 0x80, 0x84, 0xC2, 0x7F, 0x46, 0x06, 0x54,
    0x60, 0xF0, 0x16, 0x24, 0x7E, 0xE0, 0xBF, 0x3C, 0x58, 0xB9, 0x3C, 0x4C, 0x04, 0x00, 0xC5, 0x12,
    0x16, 0x08, 0x78, 0x9C, 0x63, 0x60, 0xD8, 0xFA, 0x6F, 0x1D, 0x13, 0x03, 0xC3, 0xC6, 0x7A, 0xA6,
    0xCD, 0xF6, 0x0C, 0x0C, 0x7F, 0x98, 0x19, 0x18, 0xDE, 0x32, 0x14, 0xC4, 0x33, 0x30, 0x30, 0x7C,
    0x63, 0x7D, 0xC0, 0x0B, 0xA4, 0x3E, 0x71, 0x7C, 0x65, 0x07, 0x52, 0x1F, 0xB8, 0x7E, 0x02, 0xA5,
    0x4A, 0x7E, 0x71, 0xFD, 0x66, 0x10, 0xF8, 0xD9, 0xFB, 0x9D, 0xEB, 0x2F, 0xC3, 0xC3, 0x78, 0x86,
    0xCF, 0x5C, 0x6F, 0x19, 0xBE, 0x71, 0x02, 0xA9, 0x3F, 0x0C, 0xDF, 0xD8, 0x19, 0xBE, 0x02, 0xE5,
    0x3E, 0xEA, 0x26, 0xFC, 0xE1, 0xFA, 0xC1, 0x6C, 0xF0, 0xA7, 0xEF, 0x02, 0xD7, 0x17, 0x0E, 0x06,
    0x10, 0xB8, 0xC0, 0x0B, 0xA6, 0x12, 0xF2, 0xC1, 0x14, 0xC3, 0x6F, 0x66, 0x30, 0xB5, 0xA0, 0x9F,
    0xC9, 0x31, 0x07, 0x48, 0x2F, 0xF9, 0x77, 0xCE, 0x92, 0x01, 0x00, 0xB2, 0xD0, 0x2A, 0x77, 0x78,
    0x9C, 0x63, 0x60, 0x50, 0xF8, 0x2F, 0xCF, 0x00, 0x02, 0x05, 0xFF, 0xEB, 0xC1, 0xF4, 0x81, 0xF9,
    0xE7, 0xC1, 0xF4, 0x27, 0xB9, 0xFF, 0x4C, 0x20, 0xFA, 0x3B, 0xD7, 0x6F, 0x76, 0x10, 0xFD, 0x87,
    0xF5, 0x1B, 0x0F, 0x90, 0x52, 0xF8, 0xCF, 0xF0, 0x51, 0x1F, 0xA4, 0x7C, 0x3F, 0xC3, 0x01, 0x90,
    0x86, 0x0B, 0xF1, 0x0C, 0x05, 0xF7, 0x41, 0xCA, 0xFF, 0x03, 0x01, 0x50, 0xC3, 0x77, 0xA0, 0xE2,
    0x9F, 0x40, 0xFC, 0x97, 0x99, 0x81, 0xE1, 0x2B, 0x2F, 0x48, 0x39, 0x03, 0x48, 0x43, 0x03, 0xC8,
    0xD0, 0x07, 0xFD, 0x0C, 0x17, 0xFA, 0x81, 0xF4, 0x82, 0xFB, 0x0C, 0x9F, 0xE2, 0x81, 0x74, 0xC2,
    0x7F, 0x26, 0x00, 0xE4, 0x47, 0x26, 0x1A, 0x78, 0x9C, 0xFB, 0xFD, 0xFF, 0xFF, 0x5E, 0x36, 0x86,
    0xDF, 0x3C, 0x02, 0x9B, 0xCF, 0x03, 0x49, 0x06, 0x86, 0xBF, 0xEC, 0x20, 0xF2, 0x27, 0x0F, 0x98,
    0xE4, 0x05, 0x91, 0xBF, 0xB9, 0x81, 0xA4, 0xC0, 0x7F, 0x56, 0x20, 0x79, 0x64, 0x3E, 0xC3, 0xEF,
    0xFF, 0xFF, 0xFF, 0x6B, 0x82, 0x54, 0x06, 0xFE, 0xE1, 0x04, 0xC9, 0x3E, 0xA8, 0x07, 0x91, 0x1B,
    0xF6, 0x23, 0xC8, 0x4F, 0xF9, 0x40, 0x32, 0xE9, 0x1F, 0x27, 0x50, 0xE5, 0x39, 0x4F, 0x06, 0x00,
    0xC8, 0x56, 0x29, 0xC4, 0x78, 0x9C, 0x63, 0x60, 0x98, 0xF4, 0xF7, 0x3C, 0x3B, 0x03, 0x43, 0xC3,
    0xFF, 0xFF, 0xFF, 0xDF, 0x33, 0x33, 0xFC, 0xDC, 0xCF, 0xE2, 0xF0, 0x96, 0xD1, 0xE1, 0x3F, 0x27,
    0x03, 0x83, 0x02, 0xC3, 0x81, 0xFB, 0x0C, 0x20, 0xF0, 0xB1, 0x1E, 0x4C, 0x7D, 0xF5, 0x07, 0x53,
    0xDF, 0xF4, 0x91, 0x29, 0xA8, 0xE0, 0x27, 0x88, 0x92, 0x0B, 0xEF, 0xC1, 0x54, 0x00, 0x48, 0x7B,
    0x01, 0x03, 0xC3, 0x2F, 0xA0, 0x61, 0x7F, 0xB8, 0x18, 0x16, 0x40, 0x8C, 0x66, 0x58, 0x0C, 0xB2,
    0x08, 0x00, 0x88, 0x6B, 0x22, 0x08, 0x78, 0x9C, 0xFB, 0xF7, 0xFF, 0x7D, 0x35, 0x23, 0xC3, 0x3F,
    0x4E, 0x85, 0x1F, 0xF1, 0x40, 0x92, 0xC1, 0xE1, 0x3F, 0x0B, 0x90, 0x64, 0xF8, 0xC1, 0x07, 0x22,
    0x3F, 0xE5, 0x83, 0xC8, 0x07, 0xEB, 0x41, 0xE4, 0x81, 0xF3, 0x20, 0x72, 0xC3, 0x7D, 0x04, 0x09,
    0x11, 0x79, 0x30, 0x1F, 0xAC, 0x32, 0x1E, 0x44, 0xFE, 0xE4, 0x83, 0x99, 0xA0, 0xF0, 0xC3, 0x8F,
    0xE1, 0xDF, 0xFF, 0xF7, 0x35, 0x8C, 0x0C, 0x00, 0xC3, 0x84, 0x28, 0xA0, 0x78, 0x9C, 0xFB, 0xF2,
    0x1F, 0x08, 0xF8, 0xBF, 0x40, 0x48, 0x7B, 0x06, 0x20, 0xC0, 0x49, 0x02, 0x95, 0xDC, 0x87, 0x91,
    0x04, 0x55, 0xFE, 0xF7, 0x87, 0x90, 0x00, 0x0E, 0x20, 0x2A, 0x1B, 0x78, 0x9C, 0xFB, 0xFB, 0x1F,
    0x08, 0xD8, 0xFE, 0x42, 0x48, 0x2E, 0x06, 0x20, 0xC0, 0x49, 0x02, 0x95, 0xD8, 0xC3, 0x48, 0xFC,
    0x2A, 0x91, 0x48, 0x00, 0x4C, 0xA9, 0x1E, 0xC5, 0x78, 0x9C, 0x63, 0x60, 0xD8, 0xFA, 0x6F, 0x1F,
    0x0B, 0x03, 0xC3, 0xC1, 0xFF, 0xFF, 0xFF, 0xAF, 0x67, 0x10, 0xF8, 0xDB, 0xCF, 0x54, 0x38, 0x9F,
    0x61, 0xC2, 0x7F, 0xA0, 0x08, 0x13, 0xC3, 0xC7, 0xF9, 0x0C, 0x20, 0xF0, 0xCD, 0x1E, 0x4C, 0xFD,
    0xE4, 0x07, 0x53, 0xBF, 0x78, 0x61, 0xD4, 0x83, 0xFF, 0xFF, 0xD9, 0xC0, 0x82, 0xFF, 0xD8, 0xBE,
    0xE9, 0x83, 0xA9, 0x4F, 0xFD, 0x60, 0x6A, 0xC1, 0x7F, 0x66, 0x10, 0x25, 0xF0, 0xAF, 0x9E, 0xA9,
    0xE9, 0x3F, 0x1B, 0xC3, 0x25, 0xA0, 0xD1, 0xEF, 0x99, 0x18, 0x18, 0xB6, 0xFD, 0xDB, 0xC7, 0xC6,
    0x00, 0x00, 0x57, 0x10, 0x27, 0x93, 0x78, 0x9C, 0xFB, 0x94, 0xCF, 0xC0, 0x90, 0xF0, 0x9F, 0xE9,
    0x13, 0xF1, 0xD4, 0x7F, 0x10, 0x80, 0x53, 0xA4, 0x6A, 0x07, 0x00, 0x3D, 0x02, 0x32, 0x7B, 0x78,
    0x9C, 0xFB, 0xF3, 0x1F, 0x08, 0x78, 0xFE, 0x80, 0x49, 0x06, 0x86, 0x3F, 0x40, 0x4C, 0x39, 0xF9,
    0x07, 0xC9, 0x4C, 0x00, 0x34, 0xF2, 0x20, 0x71, 0x78, 0x9C, 0x63, 0xF8, 0xF3, 0xFF, 0xFF, 0xFF,
    0x7A, 0x06, 0x08, 0x09, 0x04, 0x1F, 0xC8, 0x22, 0x3F, 0xE6, 0x1B, 0xF0, 0x30, 0x30, 0x7C, 0xB3,
    0x7F, 0x70, 0x9F, 0x25, 0xF1, 0x1F, 0xAF, 0xC1, 0xBF, 0xFF, 0xFF, 0xDF, 0x33, 0x33, 0x34, 0xFE,
    0xBD, 0x2F, 0xC1, 0x00, 0x00, 0x99, 0xDE, 0x22, 0x6B, 0x78, 0x9C, 0xFB, 0xC3, 0xC3, 0xC0, 0xF0,
    0x79, 0x3E, 0xC3, 0x1F, 0x1E, 0x06, 0x85, 0x7F, 0x3C, 0x20, 0xEA, 0xC2, 0x7D, 0x46, 0x10, 0xF5,
    0x5B, 0x9F, 0x01, 0x48, 0x35, 0xFC, 0x67, 0x01, 0x51, 0xDF, 0xEA, 0x19, 0x80, 0x94, 0xCD, 0x7F,
    0x7D, 0x10, 0xF5, 0xF6, 0xFF, 0x7A, 0x10, 0xF5, 0x3F, 0x17, 0x2C, 0xF7, 0x9F, 0xE9, 0x0F, 0x2F,
    0x90, 0xF2, 0x67, 0xF8, 0x92, 0x0F, 0x52, 0xC9, 0xB0, 0xE1, 0x3D, 0x58, 0xBB, 0xC2, 0x7F, 0x4E,
    0x10, 0xC5, 0xF0, 0x53, 0x1F, 0x4C, 0x7D, 0xDC, 0x0F, 0xA6, 0x0A, 0xFE, 0xB3, 0x00, 0x00, 0x6F,
    0xBB, 0x2A, 0x16, 0x78, 0x9C, 0xFB, 0xCB, 0xC5, 0x00, 0x04, 0x7F, 0xA9, 0x4B, 0xFE, 0x07, 0x02,
    0x0E, 0x08, 0x09, 0x00, 0x79, 0xA9, 0x18, 0x65, 0x78, 0x9C, 0xFB, 0x72, 0x9E, 0x81, 0xE1, 0xC0,
    0x7F, 0x96, 0x2F, 0xFF, 0x19, 0x19, 0x3E, 0x82, 0x28, 0x36, 0x86, 0x6F, 0x40, 0xEA, 0x0F, 0x37,
    0xC3, 0xEF, 0x3F, 0x2C, 0x5F, 0x6E, 0xCB, 0x0B, 0x9C, 0x07, 0x52, 0x3D, 0xF9, 0x09, 0xF5, 0x7F,
    0x59, 0xBE, 0xD8, 0xEE, 0xDF, 0xA0, 0xFF, 0x8F, 0xE5, 0x0B, 0xDF, 0xDF, 0x8F, 0x3C, 0x40, 0x25,
    0xFC, 0x3F, 0x7E, 0xB2, 0x81, 0xA8, 0x4F, 0xFF, 0x19, 0x41, 0xD4, 0x81, 0xF5, 0x0C, 0x20, 0x2A,
    0xC0, 0x07, 0x4C, 0x31, 0x30, 0xE0, 0xA2, 0x00, 0x13, 0xD5, 0x34, 0xE7, 0x78, 0x9C, 0x25, 0xC5,
    0xB1, 0x15, 0x80, 0x20, 0x0C, 0x05, 0xC0, 0x5F, 0xD1, 0x31, 0x92, 0x4F, 0x2B, 0x5B, 0xDD, 0x40,
    0x36, 0xC8, 0xA8, 0xB0, 0x01, 0x6C, 0x20, 0x55, 0x3A, 0x8C, 0x2F, 0x3F, 0xD7, 0xDC, 0xEC, 0xC0,
    0x6D, 0x98, 0x96, 0xA2, 0xCC, 0xAA, 0x30, 0xE9, 0x6C, 0x5F, 0x89, 0x69, 0xF6, 0xAE, 0x21, 0xDE,
    0x53, 0xDE, 0xC3, 0xC3, 0x77, 0x32, 0xDD, 0x58, 0x13, 0x56, 0x2A, 0xC3, 0x8A, 0x34, 0x6A, 0x86,
    0x1F, 0x4B, 0x98, 0x37, 0x3E, 0x78, 0x9C, 0x63, 0x30, 0x78, 0xF5, 0xDE, 0x8A, 0x81, 0x81, 0xE1,
    0xFB, 0xFF, 0xFF, 0xFF, 0xD9, 0x19, 0x12, 0xFE, 0x6B, 0x2B, 0xFC, 0x8E, 0x67, 0x78, 0x70, 0x9E,
    0x81, 0xE1, 0xC0, 0x7B, 0x86, 0xAF, 0xFE, 0x0C, 0x0C, 0x0E, 0xFF, 0x59, 0x7F, 0xF2, 0x03, 0xE5,
    0xFF, 0x73, 0xFE, 0xE1, 0x01, 0x52, 0x7F, 0x78, 0xFE, 0x72, 0x03, 0xA9, 0xDF, 0xBC, 0x50, 0x0A,
    0x2A, 0x08, 0x55, 0x02, 0xD5, 0x00, 0xD2, 0x7E, 0xE1, 0x3D, 0x43, 0xC0, 0x7F, 0x6D, 0x03, 0xA0,
    0x61, 0x50, 0xA3, 0x19, 0x20, 0x16, 0x01, 0x00, 0x82, 0x5F, 0x2A, 0xC1, 0x78, 0x9C, 0xFB, 0xF5,
    0xFF, 0xFF, 0x39, 0x4B, 0x86, 0x5F, 0x7C, 0x0C, 0x45, 0xFF, 0xD9, 0x80, 0x24, 0xC3, 0x17, 0x7D,
    0x10, 0xF9, 0xA0, 0x1F, 0x44, 0x5E, 0x58, 0x0F, 0x26, 0xE7, 0x83, 0xC8, 0x0F, 0xF9, 0x20, 0xF2,
    0x9B, 0x1C, 0x48, 0xE5, 0x7B, 0xE6, 0x5F, 0xFF, 0xFF, 0x9F, 0x97, 0x00, 0xE9, 0x02, 0x02, 0xFC,
    0x24, 0x00, 0x91, 0x16, 0x21, 0x1D, 0x78, 0x9C, 0x1D, 0x8C, 0xB1, 0x0D, 0xC2, 0x40, 0x10, 0x04,
    0xC7, 0xC2, 0x08, 0xAC, 0x7F, 0x04, 0x1D, 0xD0, 0x82, 0x63, 0x44, 0x40, 0x09, 0x2E, 0x00, 0xC9,
    0xEE, 0xC0, 0x94, 0x0A, 0x19, 0x19, 0x8E, 0x49, 0x3E, 0x31, 0x02, 0xEB, 0xDF, 0x2C, 0xF7, 0x44,
    0x73, 0x7B, 0xBB, 0x1A, 0xEA, 0x67, 0x38, 0x00, 0x6F, 0x49, 0x2B, 0x1A, 0x1D, 0xEB, 0xD4, 0x32,
    0x3C, 0xE0, 0x1A, 0x18, 0x5B, 0xEC, 0x53, 0x4E, 0x5B, 0xEB, 0xB5, 0x8E, 0x1B, 0xC3, 0xEC, 0x92,
    0x37, 0x24, 0x9F, 0x9C, 0x21, 0xFA, 0xF8, 0x4F, 0x6E, 0xCA, 0xDD, 0xB7, 0x7A, 0xED, 0x61, 0xA7,
    0xE5, 0xD0, 0x43, 0x17, 0xE8, 0xB2, 0xC5, 0xCE, 0x8F, 0x39, 0x2B, 0x38, 0x25, 0x9D, 0x6D, 0xC5,
    0x45, 0x8B, 0x0C, 0xE6, 0xBE, 0x28, 0x0C, 0x37, 0x29, 0x3B, 0xB8, 0xCB, 0xFF, 0x00, 0x22, 0x3B,
    0x2F, 0xB3, 0x78, 0x9C, 0xFB, 0xFD, 0xFF, 0xFF, 0x39, 0x4D, 0x06, 0x86, 0xDF, 0x3C, 0x0C, 0x4D,
    0xFF, 0x59, 0x41, 0x14, 0xC3, 0x37, 0x79, 0x30, 0xF5, 0x31, 0x1E, 0x42, 0xE5, 0x83, 0xA9, 0xCF,
    0xFE, 0x60, 0xEA, 0x27, 0x1F, 0x88, 0x9A, 0xF4, 0x9F, 0x85, 0xE1, 0xF7, 0xFF, 0xFF, 0xFF, 0xB5,
    0x40, 0xFA, 0x1C, 0x80, 0xDA, 0x40, 0x82, 0xBF, 0xF9, 0xC0, 0xD4, 0xE7, 0x7A, 0x30, 0xB5, 0xE0,
    0x3F, 0x23, 0x88, 0x52, 0xF8, 0xCF, 0x09, 0xD1, 0x67, 0x0F, 0x31, 0x6C, 0x3F, 0x03, 0x00, 0x72,
    0x23, 0x29, 0x0D, 0x78, 0x9C, 0x63, 0x30, 0xB8, 0xF9, 0xBF, 0x87, 0x91, 0x81, 0xE1, 0xFB, 0xFF,
    0xFF, 0xFF, 0xEB, 0x19, 0x0C, 0xFE, 0x5B, 0x0B, 0x2C, 0xA9, 0x67, 0x98, 0xF0, 0x9F, 0x81, 0x81,
    0x81, 0x99, 0x61, 0x01, 0x88, 0x62, 0x60, 0x48, 0xF8, 0x2F, 0x05, 0xA6, 0xFF, 0xFC, 0xB7, 0x02,
    0x51, 0x13, 0xFE, 0xFF, 0x8F, 0x01, 0xD1, 0x8D, 0xFF, 0xFE, 0xEB, 0x82, 0xE8, 0x80, 0xBF, 0xF7,
    0x19, 0x20, 0xE2, 0x6C, 0x20, 0x4A, 0xE0, 0x3F, 0x47, 0x00, 0x27, 0x03, 0xD0, 0x24, 0xD6, 0x4F,
    0xF7, 0xD5, 0x04, 0x9E, 0xBE, 0x67, 0x28, 0x00, 0x9A, 0xFC, 0xDF, 0x8E, 0x81, 0xA1, 0xF0, 0xCD,
    0xFF, 0x1A, 0x46, 0x06, 0x00, 0xA1, 0x1C, 0x27, 0xDD, 0x78, 0x9C, 0xFB, 0xF0, 0x1F, 0x0C, 0x18,
    0x3E, 0x40, 0x69, 0x20, 0xF8, 0xC3, 0xC3, 0xC0, 0x40, 0x37, 0x1A, 0x00, 0xC0, 0x29, 0x1C, 0x45,
    0x78, 0x9C, 0xFB, 0x94, 0xCF, 0xC0, 0xE0, 0xF0, 0x9F, 0xE9, 0x13, 0x99, 0xD4, 0x47, 0x30, 0xC5,
    0x08, 0xA2, 0x02, 0xFE, 0x33, 0x7E, 0x98, 0xCF, 0xC0, 0x50, 0xF0, 0x9F, 0x61, 0xC3, 0x7B, 0x06,
    0x86, 0x0B, 0xFB, 0x81, 0xE2, 0x36, 0x06, 0xBF, 0xFD, 0x19, 0x18, 0x7E, 0xFC, 0xFF, 0xFF, 0x9F,
    0x13, 0xA8, 0xEC, 0xF5, 0xFB, 0x68, 0x06, 0x06, 0x00, 0x93, 0x5E, 0x2C, 0x97, 0x78, 0x9C, 0x1D,
    0xCA, 0xC1, 0x0D, 0x82, 0x50, 0x14, 0x44, 0xD1, 0x6B, 0x88, 0x84, 0xA8, 0x44, 0x3A, 0xA0, 0x04,
    0x5B, 0xB0, 0x04, 0x3B, 0xD0, 0x0E, 0xA0, 0x03, 0x5A, 0xA0, 0x03, 0xED, 0xE0, 0xD3, 0x01, 0x76,
    0x20, 0xA5, 0x00, 0x09, 0x7F, 0x01, 0x8B, 0xE1, 0x3D, 0x37, 0x73, 0x92, 0xC9, 0x1D, 0x03, 0xD0,
    0x8A, 0x8F, 0xCC, 0x21, 0xF0, 0x50, 0x02, 0xF3, 0x13, 0x94, 0x41, 0xBC, 0xC2, 0x9A, 0xC3, 0x76,
    0x82, 0xA5, 0xB4, 0xEF, 0x08, 0x63, 0xC5, 0xDD, 0xDB, 0x2E, 0xD0, 0xF6, 0xE6, 0x4B, 0x0C, 0x95,
    0x59, 0x28, 0x99, 0x2D, 0xB1, 0x38, 0x8B, 0x67, 0x37, 0x5E, 0xD6, 0xD4, 0x9D, 0x4A, 0x1D, 0xDC,
    0xEF, 0xFB, 0xE7, 0x50, 0xAB, 0xF9, 0x5B, 0xE8, 0x66, 0xBB, 0x03, 0x1A, 0x96, 0x24, 0x9D, 0x78,
    0x9C, 0xFB, 0xCD, 0xCF, 0x00, 0x04, 0x7F, 0xB9, 0x7F, 0xC8, 0x83, 0xE8, 0xFF, 0x9C, 0xDF, 0xEC,
    0xC1, 0x34, 0xDB, 0x97, 0x78, 0x20, 0xA5, 0xF0, 0x9F, 0xE5, 0x63, 0x3E, 0xC3, 0x73, 0x6E, 0x87,
    0xFF, 0x4C, 0x1F, 0xFA, 0x19, 0xFE, 0xF0, 0x07, 0xFC, 0x67, 0x38, 0xB0, 0x5E, 0xE0, 0xBF, 0x7F,
    0xC1, 0x7D, 0x86, 0x05, 0xFB, 0x03, 0xCE, 0xF7, 0x4F, 0xD8, 0xCF, 0xD0, 0x70, 0x7F, 0x42, 0xFD,
    0xF9, 0x05, 0xF3, 0x19, 0x02, 0xDE, 0x5F, 0x90, 0xFF, 0x7F, 0x20, 0x9F, 0xC1, 0xE0, 0xFF, 0x47,
    0x9E, 0x3F, 0x57, 0xFC, 0x81, 0x46, 0x7C, 0xE3, 0xF8, 0xF1, 0x5D, 0x9F, 0x81, 0xE1, 0xDF, 0x6F,
    0xD6, 0x2F, 0xBF, 0x81, 0x96, 0xFC, 0xF9, 0xCF, 0xF8, 0xF1, 0x3F, 0x2F, 0x03, 0xC3, 0xCF, 0xFB,
    0x0C, 0x17, 0xFE, 0x73, 0x33, 0x30, 0x7C, 0x9F, 0xCF, 0x30, 0xE1, 0x3F, 0x27, 0x03, 0x00, 0x3B,
    0xF5, 0x38, 0xD9, 0x78, 0x9C, 0xFB, 0x52, 0xCF, 0xC0, 0x10, 0xF0, 0x9F, 0x65, 0xC3, 0x7F, 0x46,
    0x86, 0x0B, 0xFB, 0x19, 0x14, 0xFE, 0x73, 0x32, 0x7C, 0xD3, 0x67, 0x60, 0xF8, 0xA1, 0xCF, 0xF0,
    0x8F, 0x83, 0x81, 0xE1, 0xC1, 0xFE, 0x82, 0xF7, 0x0C, 0x20, 0xF9, 0x27, 0xF9, 0x40, 0x8A, 0xE1,
    0xCF, 0x7F, 0x1E, 0x10, 0xF5, 0xF9, 0x3F, 0x0B, 0x88, 0xFA, 0xFE, 0x9F, 0x0D, 0x48, 0x0A, 0xFC,
    0xFF, 0x2D, 0x07, 0xA4, 0x16, 0x9C, 0x7F, 0x38, 0x1F, 0x24, 0x65, 0x5F, 0xF0, 0x9F, 0x19, 0xA8,
    0x90, 0x9B, 0xE1, 0x2F, 0x0F, 0x43, 0xC2, 0x7F, 0x26, 0x86, 0x2F, 0xF9, 0x0C, 0x20, 0x89, 0x0D,
    0xEF, 0x19, 0x7F, 0xCA, 0x33, 0x80, 0x8C, 0x07, 0x00, 0xFE, 0x09, 0x28, 0x08, 0x78, 0x9C, 0x7B,
    0xB0, 0x9F, 0x81, 0x81, 0x61, 0xC1, 0x7B, 0x86, 0x84, 0xFF, 0xCC, 0x0C, 0x0C, 0x9F, 0xF2, 0x19,
    0x18, 0xFE, 0x72, 0x33, 0x30, 0xFC, 0xE4, 0x65, 0x60, 0xF8, 0x6A, 0xCF, 0x20, 0xF0, 0x9F, 0x95,
    0x81, 0xE1, 0xC2, 0x7E, 0x86, 0x09, 0xF7, 0x81, 0x6A, 0x1C, 0xFE, 0x33, 0x7D, 0xF4, 0x07, 0xD2,
    0x0C, 0x7F, 0xB8, 0x7E, 0xF0, 0x80, 0xE8, 0x2F, 0xF6, 0xFF, 0x59, 0x40, 0xF4, 0x86, 0xFF, 0x20,
    0x23, 0x18, 0x18, 0x0C, 0xFE, 0xDB, 0x83, 0x69, 0x86, 0x3F, 0x3C, 0x24, 0xD0, 0x00, 0x32, 0xBE,
    0x1E, 0x13, 0x78, 0x9C, 0x5B, 0xF0, 0x1F, 0x04, 0xD8, 0x16, 0x80, 0x29, 0x16, 0x06, 0x20, 0x78,
    0xB8, 0x1E, 0x44, 0x32, 0xFC, 0x96, 0x03, 0x91, 0x09, 0x10, 0xB1, 0x4F, 0xFD, 0x60, 0xB1, 0x3F,
    0xBC, 0x20, 0xB2, 0xE0, 0x3F, 0x33, 0x88, 0xFA, 0x5C, 0x0F, 0x16, 0xFB, 0xCB, 0x03, 0x22, 0x27,
    0xFC, 0x67, 0x04, 0x51, 0x5F, 0xE2, 0x41, 0xA4, 0xC0, 0x3F, 0x2E, 0x10, 0xB5, 0xE0, 0x3D, 0x44,
    0x0C, 0x6C, 0x34, 0xC7, 0x37, 0x08, 0x05, 0x00, 0x99, 0xD7, 0x27, 0x3F, 0x78, 0x9C, 0xFB, 0xF1,
    0xFF, 0x7F, 0xFF, 0x0F, 0x36, 0x06, 0x06, 0xAA, 0x62, 0xA0, 0x99, 0x00, 0xCB, 0x64, 0x1A, 0xE3,
    0x78, 0x9C, 0xFB, 0xCE, 0xC5, 0x00, 0x04, 0x1F, 0xF9, 0x41, 0xE4, 0x86, 0x7C, 0x10, 0x19, 0x70,
    0x1E, 0x44, 0x32, 0xFC, 0x67, 0x02, 0x91, 0x3F, 0x39, 0x40, 0xE4, 0x17, 0x3E, 0x10, 0x79, 0xC1,
    0x1F, 0x44, 0x36, 0xAC, 0x07, 0x91, 0x0A, 0xFF, 0xC1, 0x8A, 0xFE, 0xB0, 0x81, 0xC8, 0x6F, 0x3C,
    0x20, 0xF2, 0x83, 0x3E, 0x88, 0x5C, 0xD0, 0x0F, 0x22, 0x1D, 0xEE, 0x83, 0xA5, 0xFF, 0x31, 0x83,
    0xC8, 0x1F, 0x9C, 0x20, 0xF2, 0x13, 0xD8, 0x8A, 0x03, 0xF1, 0x20, 0x32, 0x61, 0x3F, 0xC4, 0x0A,
    0x46, 0x10, 0xF9, 0x8B, 0x1D, 0x00, 0x1F, 0x32, 0x17, 0x64, 0x78, 0x9C, 0xFB, 0xF1, 0xFF, 0x7F,
    0x3F, 0x03, 0x43, 0x02, 0x55, 0xF1, 0x0F, 0xA0, 0x99, 0x00, 0x65, 0x70, 0x19, 0xB7, 0x78, 0x9C,
    0x63, 0x60, 0xF8, 0xCD, 0xCD, 0xC0, 0xC0, 0xA0, 0xF0, 0x5F, 0x1F, 0x48, 0x36, 0x9C, 0xEF, 0x07,
    0x92, 0x0F, 0xF4, 0xDF, 0x03, 0xC9, 0x2F, 0xDC, 0xBF, 0x59, 0x18, 0x18, 0x7E, 0xB1, 0x7E, 0xE5,
    0x62, 0x10, 0xF8, 0xCF, 0xF0, 0x41, 0x9E, 0x21, 0x61, 0x3E, 0xC3, 0x82, 0x7C, 0x86, 0x03, 0xFE,
    0x0C, 0x0E, 0xE7, 0x19, 0x3E, 0xF1, 0x31, 0x30, 0xFC, 0x63, 0x02, 0x00, 0x0C, 0xA3, 0x12, 0x77,
    0x78, 0x9C, 0xFB, 0xF1, 0x1F, 0x04, 0x38, 0x00, 0x1A, 0xC3, 0x05, 0xFC, 0x78, 0x9C, 0x13, 0x90,
    0x66, 0x60, 0x38, 0xB0, 0x9F, 0x81, 0xA1, 0xE0, 0x3F, 0x07, 0x03, 0xC3, 0x0F, 0x7F, 0x06, 0x86,
    0x86, 0xF7, 0x0C, 0x0C, 0x0C, 0x19, 0x0C, 0x00, 0x4F, 0x3B, 0x06, 0x40, 0x78, 0x9C, 0x53, 0x58,
    0xF6, 0xF6, 0x7F, 0x2D, 0x83, 0xC1, 0x79, 0x51, 0x85, 0xDF, 0x3C, 0x0C, 0x4C, 0x0C, 0x0C, 0x17,
    0xEA, 0x19, 0x80, 0x60, 0xC2, 0x7D, 0x06, 0x86, 0xE2, 0x53, 0xFF, 0xFE, 0x33, 0x5C, 0xBD, 0xEF,
    0x51, 0xF4, 0x3F, 0xE1, 0x3F, 0x1B, 0x43, 0xC1, 0xFF, 0x07, 0xF3, 0x19, 0x80, 0xE4, 0xC7, 0x78,
    0x10, 0xF9, 0x00, 0xA8, 0xEA, 0xF1, 0xFF, 0x80, 0xF7, 0x2C, 0x4D, 0xBD, 0xFF, 0x19, 0xB6, 0xFC,
    0xAB, 0x11, 0xF8, 0x0F, 0x00, 0x53, 0x88, 0x21, 0x22, 0x78, 0x9C, 0xFB, 0xC3, 0xC5, 0x00, 0x04,
    0x7F, 0xF0, 0x93, 0x92, 0x37, 0xDE, 0x6B, 0x31, 0xFC, 0x79, 0xF3, 0xFF, 0xFF, 0x7F, 0xE6, 0x3F,
    0xB9, 0x4C, 0x89, 0xFF, 0x79, 0x41, 0xE2, 0x3F, 0xFD, 0x41, 0xE4, 0xE7, 0x7A, 0x10, 0xF9, 0x61,
    0x3E, 0x98, 0xEC, 0x07, 0x93, 0xF9, 0x20, 0xF2, 0x8B, 0xFC, 0x1F, 0x1E, 0x06, 0x86, 0xDF, 0x9C,
    0x7F, 0xCE, 0xB0, 0x2C, 0xDA, 0xCF, 0xF0, 0xC7, 0xF8, 0xD5, 0x79, 0x36, 0x06, 0x00, 0x4D, 0x87,
    0x27, 0x70, 0x78, 0x9C, 0x63, 0x60, 0x58, 0xFA, 0xEF, 0x7D, 0x36, 0x03, 0xC3, 0xC1, 0xFD, 0xCC,
    0x81, 0x7B, 0x19, 0x18, 0xFE, 0x72, 0x32, 0x00, 0x41, 0xC3, 0x7B, 0x10, 0xC9, 0xF0, 0x60, 0x3D,
    0x98, 0xFA, 0x50, 0x8F, 0x4C, 0x41, 0x05, 0x27, 0x40, 0x94, 0x08, 0xFC, 0x03, 0x6A, 0x30, 0x60,
    0x60, 0xB8, 0x04, 0xD4, 0xFE, 0x97, 0x89, 0x81, 0x61, 0xDB, 0xBF, 0x7B, 0x59, 0x8C, 0x00, 0xCA,
    0x4E, 0x16, 0xA7, 0x78, 0x9C, 0x63, 0x60, 0x60, 0x60, 0x58, 0x70, 0x9E, 0x01, 0x3F, 0x99, 0xF0,
    0x67, 0xFF, 0xE4, 0xF3, 0x0C, 0xBF, 0xFF, 0xFF, 0xBF, 0x7F, 0x7E, 0xC2, 0x7F, 0x6D, 0x81, 0xC3,
    0xE7, 0x3F, 0x9D, 0x07, 0x89, 0x7F, 0xF3, 0x07, 0x91, 0x3F, 0xF8, 0x11, 0xE4, 0x77, 0x30, 0xF9,
    0xD9, 0x1E, 0x44, 0x1E, 0x98, 0xCF, 0xC0, 0x70, 0xE1, 0xBC, 0xC2, 0x3F, 0x09, 0x87, 0x35, 0xE7,
    0x19, 0x26, 0xFE, 0x9D, 0xE7, 0x78, 0x1E, 0x00, 0x70, 0xB4, 0x2D, 0x2C, 0x78, 0x9C, 0x63, 0x10,
    0xB8, 0xF1, 0xBF, 0x86, 0x81, 0x81, 0xE1, 0x6B, 0xBE, 0xE0, 0x0F, 0x59, 0x06, 0x87, 0xFF, 0xAC,
    0x0C, 0x13, 0xD6, 0x33, 0x5C, 0x38, 0xCF, 0xC0, 0xA0, 0xF0, 0x9F, 0xE9, 0x53, 0x3D, 0x50, 0xE2,
    0x1F, 0xDB, 0x57, 0x7B, 0x20, 0xF5, 0x87, 0xFD, 0xEB, 0x7F, 0x10, 0x60, 0xFF, 0xA4, 0xCF, 0x00,
    0x02, 0x17, 0xEA, 0xC1, 0x94, 0xC3, 0x7B, 0x26, 0x30, 0xFD, 0xB5, 0x8E, 0x29, 0x10, 0x68, 0x8C,
    0xC0, 0x89, 0xFF, 0xF7, 0xA2, 0x18, 0x00, 0x2F, 0x2F, 0x1D, 0xC6, 0x78, 0x9C, 0x63, 0x60, 0x10,
    0xB8, 0xF1, 0xFF, 0x1C, 0x33, 0x03, 0xC3, 0xC5, 0xF9, 0x4C, 0x49, 0x0C, 0x0C, 0x0C, 0x3F, 0x79,
    0x18, 0x40, 0xE0, 0x1F, 0x3B, 0x88, 0x14, 0xF8, 0xCF, 0x8A, 0xA0, 0x7E, 0xFC, 0x07, 0x02, 0x7B,
    0x06, 0x06, 0x05, 0x88, 0x20, 0x55, 0x28, 0x00, 0x62, 0x0A, 0x1A, 0x7E, 0x78, 0x9C, 0x63, 0x08,
    0xF8, 0xFD, 0xFF, 0xFF, 0x7F, 0x7D, 0x86, 0x9F, 0x3A, 0x85, 0xFF, 0xD9, 0x18, 0x1C, 0xFE, 0x33,
    0x32, 0xFC, 0xE4, 0x63, 0x98, 0x70, 0x9E, 0x81, 0xE1, 0x0B, 0x3F, 0xC3, 0x82, 0xFD, 0x40, 0x8A,
    0x8F, 0x21, 0xE1, 0x3D, 0x03, 0xC3, 0x0F, 0x4E, 0x06, 0x86, 0x3F, 0x5C, 0x0E, 0xEF, 0x19, 0x81,
    0xCC, 0xBF, 0xFF, 0xA4, 0x18, 0x18, 0x02, 0xD6, 0x0B, 0x00, 0xD9, 0x0C, 0x0D, 0xF5, 0x0C, 0x20,
    0x60, 0x70, 0x9F, 0x19, 0x4C, 0xFF, 0xFA, 0xF7, 0xFF, 0xFF, 0x5C, 0xA6, 0x03, 0xF1, 0x0C, 0x0C,
    0x0A, 0xBF, 0xF8, 0xBE, 0xF0, 0x02, 0x45, 0xBE, 0xE8, 0x7F, 0xE6, 0x03, 0x49, 0xF0, 0x6E, 0x38,
    0x2F, 0x22, 0xB0, 0xE5, 0x3C, 0x13, 0xC3, 0xD6, 0x7F, 0xFF, 0xE7, 0xB2, 0x30, 0x00, 0x00, 0x2E,
    0x15, 0x2A, 0x54, 0x78, 0x9C, 0xFB, 0xC3, 0xC5, 0x00, 0x04, 0x7F, 0xF0, 0x93, 0x9C, 0x47, 0xFF,
    0xC7, 0x30, 0xFC, 0x59, 0xF9, 0xFF, 0xFF, 0x7F, 0xD6, 0x3F, 0xFB, 0x59, 0x02, 0xFE, 0xF3, 0xFE,
    0xE1, 0x66, 0x60, 0xF8, 0x21, 0x0F, 0x92, 0xFD, 0xAA, 0x0F, 0x22, 0xBF, 0x10, 0x45, 0x02, 0x00,
    0x10, 0x34, 0x24, 0x73, 0x78, 0x9C, 0x63, 0x60, 0x68, 0x38, 0xCF, 0xC0, 0xC0, 0xF0, 0xF1, 0x3F,
    0x1B, 0x94, 0x00, 0x73, 0x61, 0xE0, 0xEF, 0xFF, 0xFF, 0xFF, 0x99, 0x18, 0x18, 0x02, 0xC8, 0x21,
    0x00, 0x7E, 0xA8, 0x19, 0x02, 0x78, 0x9C, 0x63, 0x60, 0x60, 0xF8, 0xC1, 0xC3, 0xC0, 0x20, 0xF0,
    0x3F, 0x1F, 0x4A, 0x80, 0xB9, 0x30, 0x70, 0xE1, 0xFF, 0xFF, 0xFF, 0xFA, 0x40, 0xFA, 0x2B, 0xE9,
    0x84, 0x3C, 0x88, 0xE0, 0x07, 0x12, 0xDF, 0xF9, 0x80, 0xC4, 0x6F, 0xAE, 0x42, 0xA6, 0xC4, 0xF7,
    0x8C, 0x47, 0xFF, 0xDD, 0x97, 0x60, 0x00, 0x00, 0x2D, 0x4D, 0x1D, 0x09, 0x78, 0x9C, 0xFB, 0xC1,
    0xC7, 0x00, 0x02, 0x3F, 0x88, 0xA3, 0xBE, 0xC7, 0x83, 0xA8, 0x86, 0xFF, 0x2C, 0x20, 0xEA, 0xA7,
    0x3D, 0x48, 0x70, 0xC2, 0x7B, 0x66, 0x10, 0xF5, 0xCB, 0x1F, 0xA4, 0x64, 0xFF, 0xFF, 0xFD, 0x20,
    0xEA, 0x7F, 0xDC, 0x7F, 0x76, 0x20, 0xF5, 0x9E, 0xE9, 0x3B, 0x48, 0x89, 0x3D, 0xC3, 0x81, 0xFB,
    0x60, 0xED, 0x0A, 0xFF, 0x39, 0xC1, 0xA6, 0x7C, 0x05, 0x9B, 0xC2, 0xB0, 0xE0, 0x3D, 0x23, 0x00,
    0xF9, 0x34, 0x26, 0x02, 0x78, 0x9C, 0xFB, 0xF2, 0xFF, 0x7F, 0x3E, 0x03, 0x08, 0x7C, 0xA4, 0x1D,
    0xF5, 0x01, 0x42, 0x6D, 0xE8, 0x07, 0x53, 0x06, 0xFF, 0x59, 0x13, 0x41, 0xF4, 0xE6, 0xFF, 0xF7,
    0x99, 0x01, 0x30, 0x07, 0x1C, 0x09, 0x78, 0x9C, 0xFB, 0x9D, 0xF2, 0x8F, 0xF3, 0xCA, 0x7A, 0x86,
    0xDF, 0xBF, 0xFF, 0xD7, 0xFF, 0xFF, 0xCF, 0xF9, 0xDB, 0x6F, 0xC3, 0x7F, 0xD6, 0xDF, 0x7C, 0xBF,
    0xB9, 0x13, 0xCE, 0x33, 0x7C, 0xE3, 0x27, 0x97, 0x02, 0x00, 0x94, 0xFF, 0x2A, 0x75, 0x78, 0x9C,
    0xFB, 0xC3, 0xB2, 0xF5, 0x5F, 0x0C, 0xC3, 0x9F, 0x65, 0xFF, 0xFF, 0xFF, 0x67, 0xFD, 0xB3, 0x9F,
    0x25, 0xE0, 0x3F, 0xEF, 0x1F, 0x6E, 0x06, 0x86, 0x1F, 0xF2, 0x7F, 0xB8, 0x18, 0x18, 0xBE, 0xEA,
    0x83, 0xC8, 0x2F, 0x44, 0x91, 0x00, 0xCE, 0x40, 0x1E, 0x36, 0x78, 0x9C, 0x63, 0x70, 0x78, 0xF5,
    0xDE, 0x8B, 0x81, 0x81, 0xE1, 0xA7, 0xB6, 0xC2, 0x6F, 0x4E, 0x86, 0x86, 0xFB, 0x0C, 0x0C, 0x17,
    0xFA, 0x19, 0x3E, 0xE6, 0x33, 0x30, 0x24, 0xFC, 0x67, 0xFC, 0xA6, 0xCF, 0xC0, 0xA0, 0xF0, 0x9F,
    0xED, 0x07, 0x3F, 0x50, 0xFE, 0x3F, 0x07, 0x94, 0x82, 0x0A, 0x42, 0x95, 0x40, 0x35, 0x40, 0xB5,
    0x33, 0x40, 0x0C, 0x03, 0x00, 0xDF, 0x05, 0x1D, 0x03, 0x78, 0x9C, 0xFB, 0x23, 0x72, 0xE3, 0xBD,
    0x16, 0xC3, 0x9F, 0x5F, 0xFF, 0xFF, 0xFF, 0x67, 0xFE, 0x93, 0xC7, 0x94, 0xF8, 0x9F, 0xF7, 0x0F,
    0x17, 0x03, 0xC3, 0x4F, 0x7F, 0x10, 0xF9, 0xB9, 0x1E, 0x44, 0x7E, 0x98, 0x0F, 0x26, 0xFB, 0xC1,
    0x64, 0x3E, 0x88, 0xFC, 0x22, 0xFF, 0x87, 0x87, 0x81, 0xE1, 0x37, 0xE7, 0x9F, 0xBD, 0xCC, 0x8B,
    0xF6, 0x33, 0xFC, 0xB1, 0x7C, 0x75, 0x9E, 0x8D, 0x01, 0x24, 0xCE, 0x80, 0x93, 0x04, 0x00, 0x57,
    0x50, 0x26, 0x6A, 0x78, 0x9C, 0x63, 0x48, 0xF8, 0xB3, 0xDF, 0xF8, 0x3C, 0xC3, 0xEF, 0xFF, 0xFF,
    0xCF, 0x9F, 0x9F, 0xF0, 0x5F, 0x5B, 0xE0, 0xCA, 0xF9, 0x4F, 0xE7, 0x19, 0x18, 0x16, 0x9C, 0xFF,
    0xE6, 0x0F, 0x22, 0x7F, 0xF0, 0x23, 0xC8, 0xEF, 0x60, 0xF2, 0xB3, 0x3D, 0x88, 0x3C, 0x30, 0x9F,
    0x81, 0xE1, 0xC2, 0x79, 0x85, 0x7F, 0x12, 0x0E, 0xA7, 0xCF, 0x33, 0x4C, 0xFC, 0x3B, 0x6F, 0x22,
    0x50, 0x0F, 0x48, 0x1C, 0x17, 0x09, 0x00, 0x0B, 0x39, 0x2B, 0xCD, 0x78, 0x9C, 0xFB, 0xC1, 0x91,
    0xF0, 0xE6, 0x3E, 0xCB, 0x0F, 0xCD, 0xBF, 0xFF, 0xFF, 0x33, 0xFF, 0xB8, 0xD3, 0xCF, 0xE4, 0xC8,
    0xF0, 0xE3, 0x3D, 0x13, 0x03, 0x03, 0xC3, 0x0F, 0x7B, 0x06, 0x10, 0xC9, 0x47, 0x2C, 0x09, 0x00,
    0xCD, 0x1A, 0x14, 0x3F, 0x78, 0x9C, 0x63, 0x48, 0x78, 0xFD, 0x7F, 0xAF, 0x3A, 0x03, 0xC3, 0x1F,
    0x49, 0x81, 0xA3, 0xFA, 0x0C, 0x09, 0xFF, 0x19, 0x18, 0x18, 0x18, 0x19, 0x1A, 0xFE, 0x33, 0x01,
    0x69, 0x06, 0x87, 0xFF, 0xF3, 0x99, 0x41, 0xF4, 0xB3, 0xFF, 0xFF, 0x6B, 0x18, 0x81, 0xF4, 0xD4,
    0xBF, 0xFF, 0xE3, 0x41, 0x7C, 0x81, 0xEF, 0x20, 0x65, 0x0C, 0x40, 0xD5, 0xCC, 0x06, 0x40, 0x05,
    0x01, 0xFF, 0x19, 0x1F, 0xAE, 0x17, 0x65, 0x78, 0x12, 0xCF, 0xE0, 0xB0, 0xE3, 0xEF, 0xFF, 0xB9,
    0x4C, 0x0C, 0x00, 0x7C, 0xA8, 0x1B, 0xC1, 0x78, 0x9C, 0x63, 0x60, 0xF8, 0xC5, 0xC6, 0x00, 0x02,
    0x7F, 0x20, 0xD4, 0x5F, 0x08, 0xF5, 0x0F, 0x44, 0x7D, 0xFB, 0x0F, 0x02, 0xCC, 0x0C, 0x0C, 0xFF,
    0x21, 0x82, 0xC4, 0x50, 0xEC, 0x10, 0x53, 0x38, 0xC0, 0xD4, 0x0F, 0x1E, 0x30, 0x75, 0xB1, 0x9F,
    0x31, 0x90, 0x89, 0x81, 0x41, 0xE0, 0xE6, 0xFF, 0x7B, 0x6C, 0x00, 0x41, 0x6B, 0x17, 0xAB, 0x78,
    0x9C, 0xFB, 0xE4, 0xCF, 0xC0, 0xB0, 0xE1, 0xFC, 0x27, 0x62, 0xC8, 0x78, 0x10, 0xF9, 0xB1, 0x9F,
    0x81, 0xE1, 0xC0, 0xF9, 0x0B, 0xFF, 0x59, 0x1D, 0x7E, 0x9F, 0x0F, 0xF8, 0xFF, 0xFF, 0x7F, 0xD6,
    0x79, 0x86, 0xA3, 0xFF, 0x63, 0x02, 0xCE, 0x03, 0x00, 0xDE, 0x21, 0x24, 0xC3, 0x78, 0x9C, 0xFB,
    0xC5, 0xCB, 0xC0, 0xC0, 0xF0, 0x9B, 0xEB, 0xB3, 0x3D, 0x03, 0x83, 0xC2, 0x7F, 0xE6, 0x03, 0xEB,
    0x19, 0x18, 0x1A, 0xEE, 0x33, 0x24, 0xFC, 0x67, 0x64, 0x78, 0x90, 0xCF, 0xC0, 0xF0, 0x8F, 0x8D,
    0xE1, 0x0B, 0x3F, 0x03, 0xC3, 0x0F, 0x5E, 0x86, 0xDF, 0x9C, 0x0C, 0x0C, 0x9F, 0xEC, 0x05, 0xFE,
    0x33, 0x33, 0x30, 0x6C, 0x98, 0x5F, 0x70, 0x1E, 0xA8, 0xC7, 0xE1, 0xFD, 0x01, 0xA0, 0x0A, 0xA0,
    0x9A, 0xEF, 0x7C, 0x20, 0xEA, 0xFB, 0x7F, 0x4E, 0x10, 0xF5, 0xF1, 0x3F, 0x13, 0x03, 0x03, 0x00,
    0xAC, 0x99, 0x1B, 0x11, 0x78, 0x9C, 0x01, 0x60, 0x00, 0x9F, 0xFF, 0xFB, 0x0B, 0x00, 0x00, 0x00,
    0x00, 0xF9, 0x0B, 0xF8, 0x0E, 0x00, 0xFA, 0x0C, 0x00, 0xFC, 0x08, 0xF4, 0x1F, 0x00, 0xFE, 0x0F,
    0x00, 0xFF, 0x05, 0xF1, 0x4F, 0x10, 0xDF, 0x3F, 0x20, 0xFF, 0x01, 0xE0, 0x7F, 0x50, 0x8F, 0x7F,
    0x50, 0xEF, 0x00, 0xA0, 0xAF, 0x90, 0x4F, 0xBF, 0x80, 0xBF, 0x00, 0x70, 0xDF, 0xD0, 0x0F, 0xEE,
    0xB0, 0x8F, 0x00, 0x40, 0xFF, 0xF1, 0x0B, 0xFB, 0xD2, 0x5F, 0x00, 0x10, 0xFF, 0xF6, 0x08, 0xF7,
    0xF6, 0x1F, 0x00, 0x00, 0xFD, 0xFC, 0x04, 0xF3, 0xFB, 0x0E, 0x00, 0x00, 0xFA, 0xFF, 0x01, 0xF0,
    0xFF, 0x0B, 0x00, 0x00, 0xF6, 0xDF, 0x00, 0xC0, 0xFF, 0x08, 0x00, 0xEF, 0xAA, 0x2C, 0x59, 0x78,
    0x9C, 0xBB, 0x70, 0x9E, 0x81, 0x61, 0xC3, 0x7D, 0x06, 0x85, 0xFF, 0x1C, 0x0C, 0xDF, 0xEC, 0x19,
    0x18, 0xBE, 0xF9, 0x0B, 0xFC, 0x67, 0x07, 0x89, 0x2C, 0x00, 0x8A, 0x33, 0x08, 0xFC, 0xFB, 0x23,
    0x0F, 0xA4, 0x18, 0xBE, 0xFC, 0x67, 0x05, 0x51, 0x3F, 0xFF, 0xB3, 0x01, 0x49, 0x87, 0xFF, 0x3F,
    0xF5, 0x81, 0xD4, 0xC3, 0xFA, 0x03, 0xF7, 0x81, 0xD4, 0x6F, 0x1E, 0x81, 0x7F, 0x5C, 0x0C, 0x05,
    0xFF, 0x99, 0x18, 0xBE, 0xE4, 0x33, 0x7C, 0xCE, 0x67, 0x60, 0x68, 0xF8, 0xCF, 0x0C, 0x00, 0x13,
    0xDF, 0x1E, 0x40, 0x78, 0x9C, 0xFB, 0xC5, 0xC3, 0xC0, 0xC0, 0xF0, 0x8B, 0xFB, 0x93, 0x3F, 0x03,
    0x83, 0xC0, 0x7F, 0x96, 0x0D, 0xFB, 0x19, 0x18, 0x12, 0xEE, 0x33, 0x18, 0xFC, 0x67, 0x62, 0x38,
    0x50, 0xCF, 0xC0, 0xF0, 0x9B, 0x93, 0xE1, 0xB3, 0x3C, 0x03, 0xC3, 0x17, 0x7E, 0x86, 0x9F, 0x5C,
    0x0C, 0x20, 0x91, 0x7F, 0xCC, 0x0C, 0x0C, 0x01, 0xF7, 0x03, 0xEE, 0x03, 0xF5, 0x30, 0xFC, 0x5D,
    0x92, 0x0F, 0xA2, 0xBE, 0xFE, 0xE6, 0x07, 0x51, 0x17, 0xFE, 0x73, 0x82, 0xA8, 0x02, 0xA0, 0x4E,
    0x20, 0x68, 0x38, 0xCF, 0x00, 0x16, 0xF4, 0x07, 0x53, 0xDF, 0x40, 0x76, 0x08, 0x04, 0xDC, 0x67,
    0x04, 0x52, 0x1F, 0xDF, 0x73, 0x80, 0x84, 0x00, 0x78, 0x57, 0x20, 0x28, 0x78, 0x9C, 0x0B, 0xF8,
    0x0F, 0x04, 0xEF, 0x19, 0x40, 0xE0, 0x8F, 0x3F, 0x88, 0x6C, 0xF8, 0xCF, 0x01, 0xA2, 0x3E, 0x9F,
    0x07, 0x91, 0x02, 0xFF, 0xE4, 0x40, 0xD4, 0x86, 0xFF, 0x2C, 0x20, 0xEA, 0xDB, 0x7C, 0x10, 0x69,
    0xF0, 0x9F, 0x07, 0x44, 0x5D, 0xF8, 0xCF, 0x04, 0xA2, 0x7E, 0xC5, 0x83, 0xC8, 0x80, 0xFF, 0x9C,
    0x20, 0xEA, 0x23, 0xC8, 0xB0, 0xFF, 0xAC, 0x00, 0x40, 0x7E, 0x19, 0xF2, 0x78, 0x9C, 0x63, 0x60,
    0x70, 0x78, 0xFD, 0x9F, 0x83, 0x81, 0xE1, 0xB3, 0x1F, 0x03, 0x10, 0xFC, 0x64, 0x07, 0x91, 0xBF,
    0x59, 0x11, 0xE4, 0x2F, 0x36, 0x04, 0x09, 0x91, 0xFD, 0x01, 0x26, 0x7F, 0x81, 0x64, 0x9B, 0xCE,
    0x03, 0x89, 0x8F, 0xFF, 0xA5, 0x40, 0x02, 0x45, 0xF7, 0x19, 0xE0, 0xE2, 0x50, 0x35, 0x3F, 0x91,
    0xF4, 0x62, 0x9A, 0xF9, 0xD5, 0x16, 0x44, 0x06, 0xBC, 0xF9, 0xCF, 0x01, 0x00, 0xEB, 0x85, 0x1A,
    0x90, 0x78, 0x9C, 0xFB, 0xC9, 0xF9, 0x93, 0x44, 0x08, 0x00, 0x8E, 0x83, 0x19, 0x33, 0x78, 0x9C,
    0xFB, 0xF1, 0xDE, 0x9B, 0x01, 0x08, 0x0C, 0xFE, 0x31, 0x83, 0xA8, 0x6F, 0x9C, 0x20, 0xF2, 0x0B,
    0x37, 0x88, 0xFC, 0x0A, 0x21, 0xB9, 0xC0, 0xE2, 0x5C, 0x08, 0xD9, 0x6F, 0x1C, 0x08, 0xF1, 0x0B,
    0xFD, 0x4C, 0x40, 0x52, 0xE0, 0xD7, 0x7F, 0x46, 0x20, 0xBB, 0x9E, 0x09, 0x2E, 0xFE, 0x9D, 0x03,
    0x49, 0x3D, 0x17, 0xC2, 0x34, 0x88, 0xC9, 0x60, 0x11, 0x83, 0xBF, 0x2C, 0x0C, 0x0C, 0x3F, 0xDE,
    0xC7, 0x00, 0x99, 0x00, 0xEA, 0x95, 0x1A, 0x89, 0x78, 0x9C, 0x63, 0x60, 0x80, 0x80, 0xEB, 0xFB,
    0x99, 0x18, 0x4E, 0x30, 0x4C, 0xF0, 0x2F, 0xA8, 0x77, 0x98, 0xCF, 0x70, 0x80, 0x83, 0x61, 0xD3,
    0x7D, 0x76, 0xA8, 0x0C, 0x03, 0x00, 0x89, 0x4D, 0x07, 0x6E, 0x78, 0x9C, 0x03, 0x00, 0x00, 0x00,
    0x00, 0x01, 0x78, 0x9C, 0xDB, 0xB0, 0x9E, 0xE1, 0xDB, 0x7F, 0x36, 0x20, 0xDA, 0xB0, 0x9F, 0x01,
    0x02, 0x02, 0xE2, 0x19, 0x12, 0xF2, 0x41, 0xA8, 0xA0, 0x9E, 0xA1, 0xA1, 0x1F, 0x84, 0x26, 0xCC,
    0x67, 0x58, 0x00, 0x44, 0xEB, 0x41, 0x08, 0xA8, 0x0C, 0x00, 0xED, 0xD5, 0x12, 0x9A, 0x78, 0x9C,
    0x63, 0x60, 0x50, 0xF0, 0x67, 0x00, 0x02, 0x24, 0xD2, 0xE0, 0xD5, 0xFF, 0x75, 0x4C, 0x0C, 0x3F,
    0x62, 0xE2, 0xB7, 0x31, 0x24, 0xBC, 0x57, 0x04, 0x8A, 0x3C, 0xA8, 0x07, 0x89, 0x7F, 0xF2, 0x07,
    0x91, 0x5F, 0xF4, 0x41, 0xE4, 0x67, 0x30, 0x1B, 0x22, 0x5E, 0x00, 0x56, 0xC3, 0xF0, 0x2B, 0x26,
    0xFE, 0x2A, 0x33, 0x83, 0xC3, 0xEB, 0xFF, 0x6B, 0x99, 0x19, 0x30, 0xCC, 0x04, 0x00, 0x22, 0xA7,
    0x19, 0x51, 0x78, 0x9C, 0x63, 0x60, 0x68, 0xFC, 0xFB, 0x3E, 0x9B, 0x81, 0x41, 0xE1, 0x9F, 0x98,
    0xC3, 0x5E, 0x06, 0x86, 0x0B, 0xF9, 0x0C, 0x20, 0xF0, 0x99, 0x1F, 0x4C, 0x7D, 0xE3, 0x83, 0x50,
    0x10, 0xDE, 0x67, 0x7D, 0x30, 0xF5, 0x00, 0xAC, 0xE4, 0xE3, 0x7F, 0x20, 0x60, 0x02, 0xEA, 0xFB,
    0x0F, 0x16, 0x14, 0xF8, 0xCF, 0x08, 0xA2, 0x1C, 0xDE, 0x83, 0x79, 0x1B, 0xFA, 0xC1, 0xD4, 0x0F,
    0x1E, 0x10, 0x79, 0x00, 0xA4, 0xF2, 0x3F, 0xDB, 0x27, 0x08, 0x05, 0x00, 0x4A, 0x50, 0x22, 0x09,
    0x78, 0x9C, 0x53, 0x60, 0x00, 0x02, 0x05, 0x86, 0x2F, 0xEC, 0x40, 0xEA, 0x3B, 0xCB, 0xE3, 0xFE,
    0x1B, 0xF7, 0x3B, 0xDE, 0x33, 0x29, 0xFC, 0xF3, 0x73, 0xF8, 0xA7, 0xC7, 0xC0, 0xF0, 0x8F, 0x85,
    0xE1, 0x0B, 0x1F, 0x43, 0xC0, 0x7B, 0x06, 0x86, 0x07, 0xF1, 0x0C, 0x05, 0xE7, 0x19, 0x18, 0x0E,
    0xD4, 0xC3, 0x78, 0x02, 0xFF, 0x98, 0x19, 0x3E, 0xF3, 0x31, 0x80, 0x55, 0xEA, 0x32, 0x3C, 0x82,
    0xE8, 0x83, 0x9A, 0xA2, 0x00, 0x31, 0x13, 0x00, 0x9D, 0x9C, 0x1E, 0xEF, 0x78, 0x9C, 0xFB, 0xC1,
    0xC7, 0xC0, 0xC0, 0xF0, 0x8F, 0xE3, 0x41, 0x3D, 0x03, 0x43, 0xC2, 0x7B, 0x86, 0x84, 0xFF, 0x8C,
    0x0C, 0x0F, 0xF2, 0x19, 0x18, 0xFE, 0x72, 0x30, 0x7C, 0xE7, 0x65, 0x60, 0xF8, 0x22, 0xCF, 0xF0,
    0x8F, 0x85, 0x81, 0x61, 0x43, 0x7F, 0xC1, 0x7E, 0xA0, 0x2A, 0x85, 0xFF, 0x0F, 0xF5, 0x19, 0x18,
    0x04, 0x04, 0x7F, 0xFD, 0x95, 0x14, 0x64, 0x78, 0xF4, 0xEE, 0xDF, 0xFF, 0x77, 0xEF, 0x98, 0x18,
    0x18, 0x0E, 0x80, 0xA4, 0x04, 0x04, 0x0F, 0xEE, 0x17, 0x44, 0x17, 0xC4, 0x4A, 0x01, 0x00, 0xEE,
    0x9F, 0x26, 0xFB, 0x78, 0x9C, 0xFB, 0xC9, 0xF9, 0x13, 0x0B, 0x64, 0x00, 0x03, 0x6C, 0x32, 0x3F,
    0x39, 0x01, 0x40, 0x02, 0x16, 0x2D, 0x78, 0x9C, 0x63, 0x68, 0xF8, 0x77, 0xCE, 0x92, 0x81, 0xE1,
    0x0F, 0x6B, 0xA3, 0x1E, 0x83, 0xC3, 0x7B, 0x06, 0x20, 0x08, 0xF8, 0xCF, 0x0A, 0x24, 0x05, 0xFE,
    0xEF, 0x67, 0x66, 0x60, 0x30, 0xF8, 0x07, 0xA2, 0x3E, 0xE5, 0xFF, 0xF8, 0x5F, 0xCF, 0xF0, 0x8B,
    0x8D, 0xE1, 0xF9, 0x7F, 0x96, 0x3F, 0xAC, 0x0C, 0x02, 0x7F, 0xB8, 0x7F, 0xEB, 0x32, 0x30, 0x7C,
    0xE5, 0xF9, 0xF2, 0x5F, 0x93, 0xE1, 0x3B, 0x57, 0xC0, 0xFF, 0xFF, 0x5D, 0xFF, 0x99, 0x19, 0x16,
    0xFD, 0xFF, 0xEF, 0x07, 0xD4, 0xB7, 0xE8, 0x3F, 0x1F, 0xC8, 0x90, 0xAF, 0xFE, 0x20, 0xF2, 0x83,
    0x3D, 0xC3, 0xC1, 0x58, 0x86, 0xEF, 0xDC, 0x0C, 0x05, 0xB7, 0xFF, 0xE7, 0x30, 0x30, 0x00, 0x00,
    0xC9, 0x11, 0x29, 0x58, 0x78, 0x9C, 0x7B, 0xA4, 0xAB, 0xF0, 0x96, 0xE9, 0x47, 0x7D, 0xC1, 0x7F,
    0x8E, 0x47, 0x20, 0x16, 0x00, 0x3C, 0xBF, 0x07, 0x2B, 0x78, 0x9C, 0x63, 0x60, 0x58, 0xFC, 0x6F,
    0x1D, 0x33, 0x03, 0x03, 0xC3, 0x84, 0x3C, 0xC6, 0xC4, 0x79, 0x40, 0xFA, 0x24, 0x23, 0x03, 0xC3,
    0x45, 0x4E, 0x06, 0x07, 0x7D, 0x86, 0x69, 0x9E, 0x0A, 0xFE, 0x0C, 0x1B, 0x38, 0x2F, 0xD6, 0xDD,
    0x60, 0xDA, 0xC9, 0xF0, 0x81, 0xE5, 0x37, 0x13, 0x03, 0xC3, 0x17, 0x86, 0xCF, 0x8A, 0xFB, 0x81,
    0x8A, 0x3E, 0x32, 0x7F, 0x09, 0x98, 0x0F, 0xA4, 0x3F, 0xB0, 0xC0, 0xE8, 0xCF, 0x86, 0x10, 0xF1,
    0x0F, 0x2C, 0x7F, 0x18, 0x41, 0xEA, 0x36, 0x70, 0x7E, 0x8E, 0xB9, 0x06, 0xD4, 0x67, 0xA0, 0x2F,
    0xB0, 0xA3, 0x5A, 0xD1, 0x9E, 0x81, 0xE1, 0x26, 0xC4, 0x5C, 0xB8, 0x3D, 0x50, 0x7B, 0x01, 0x21,
    0x8A, 0x28, 0x02, 0x78, 0x9C, 0x73, 0xB8, 0xF5, 0x5E, 0x8A, 0xC1, 0xC0, 0xD2, 0xE1, 0x3C, 0x03,
    0x10, 0xFC, 0x66, 0x64, 0x68, 0x7E, 0xF3, 0x9F, 0xB9, 0xE0, 0xBC, 0xEA, 0x4F, 0x96, 0x0F, 0xBC,
    0x0C, 0x3F, 0x59, 0x2E, 0xE8, 0x25, 0xFC, 0x67, 0x31, 0xF8, 0xB3, 0xEE, 0x07, 0x0B, 0x50, 0x56,
    0x81, 0x01, 0x00, 0x8B, 0x35, 0x10, 0xBB, 0x78, 0x9C, 0x63, 0x60, 0x88, 0x66, 0x00, 0xA2, 0x03,
    0xF5, 0x0C, 0x07, 0xF2, 0x19, 0xFE, 0x70, 0x09, 0xFC, 0xE1, 0x3A, 0x70, 0x9F, 0xE1, 0xE2, 0x7D,
    0x86, 0xCF, 0xFA, 0x0C, 0x9F, 0xF5, 0xA0, 0x24, 0x48, 0xE4, 0x3C, 0x03, 0x58, 0x96, 0x13, 0xA4,
    0x0C, 0x88, 0xC0, 0xBA, 0x00, 0x95, 0xE5, 0x15, 0x84, 0x78, 0x9C, 0xFB, 0xFF, 0x1F, 0x08, 0xF8,
    0x19, 0x80, 0xE0, 0x03, 0x0E, 0xF2, 0x00, 0x0F, 0x00, 0xF0, 0x57, 0x09, 0xD3, 0x78, 0x9C, 0xFB,
    0xFF, 0x1F, 0x08, 0xF8, 0x01, 0x14, 0x01, 0x05, 0x0B, 0x78, 0x9C, 0x63, 0x68, 0xF8, 0xDB, 0xCB,
    0xC0, 0x20, 0xB0, 0x96, 0x69, 0x91, 0x2C, 0xC3, 0x02, 0xCB, 0x99, 0x6C, 0xB3, 0x18, 0x3E, 0x26,
    0xD6, 0xE6, 0x7D, 0x64, 0xB8, 0x9C, 0xC0, 0x53, 0x73, 0x81, 0xF9, 0x72, 0xC2, 0x7F, 0xD9, 0x0B,
    0xCC, 0x1F, 0x13, 0x65, 0xF4, 0x3E, 0x02, 0x65, 0xD9, 0x42, 0x56, 0x41, 0x55, 0x32, 0x34, 0x82,
    0x74, 0x01, 0x00, 0xBE, 0x5C, 0x16, 0x6C, 0x78, 0x9C, 0xFB, 0xF7, 0xFF, 0x3F, 0xDF, 0x3F, 0x20,
    0x06, 0x00, 0x1E, 0x32, 0x06, 0x15, 0x78, 0x9C, 0x0B, 0xF8, 0x13, 0xC3, 0xF0, 0x85, 0xF5, 0x2B,
    0xCB, 0x29, 0x86, 0x03, 0xDC, 0xA7, 0x18, 0x36, 0x70, 0x03, 0xD9, 0xAC, 0x01, 0x7F, 0x63, 0x19,
    0x00, 0x86, 0x06, 0x0A, 0x52, 0x78, 0x9C, 0x63, 0x60, 0xF8, 0xCE, 0xCE, 0x00, 0x04, 0xD8, 0xC9,
    0xFF, 0x20, 0xC0, 0x8F, 0x4B, 0x16, 0x46, 0x22, 0x00, 0x44, 0x3D, 0x00, 0x1E, 0x01, 0x14, 0x01,
    0x78, 0x9C, 0x0B, 0xF8, 0x73, 0x9E, 0x95, 0xE1, 0x93, 0xC4, 0xC6, 0x78, 0x06, 0x01, 0x06, 0x85,
    0xF5, 0x0C, 0x0C, 0x0C, 0x06, 0xFB, 0x81, 0xC4, 0x06, 0x7F, 0x20, 0xF1, 0x8B, 0x13, 0xC8, 0x98,
    0xCF, 0xC0, 0x20, 0xF0, 0x87, 0x9D, 0x81, 0xE1, 0xC1, 0xFF, 0xFF, 0xFF, 0x99, 0x01, 0x35, 0xC9,
    0x0E, 0x4D, 0x78, 0x9C, 0x73, 0x78, 0x7D, 0x9F, 0x9D, 0x61, 0x83, 0x54, 0xC3, 0x7C, 0x06, 0x06,
    0x06, 0x81, 0xF3, 0x40, 0x62, 0x51, 0x3E, 0x03, 0xC3, 0x81, 0xFF, 0x1C, 0x40, 0x56, 0xD3, 0x7E,
    0x20, 0xC1, 0xF0, 0x87, 0x49, 0x81, 0x81, 0xE1, 0x37, 0xD3, 0x17, 0xC9, 0x84, 0xF5, 0x0C, 0x01,
    0x20, 0xC5, 0x00, 0x82, 0x23, 0x0F, 0x4B, 0x78, 0x9C, 0x63, 0x10, 0x90, 0x66, 0x60, 0xD8, 0x70,
    0x9E, 0x81, 0xE1, 0x47, 0x3D, 0x83, 0xC3, 0x7F, 0x0E, 0x86, 0x07, 0xFD, 0x0C, 0x0C, 0x09, 0x1C,
    0x0C, 0x0C, 0x00, 0x4F, 0xB8, 0x06, 0x40, 0x78, 0x9C, 0xFB, 0x50, 0xCF, 0xC0, 0x70, 0x61, 0x3D,
    0xC3, 0x07, 0x10, 0x35, 0x1F, 0x85, 0xEA, 0xC7, 0x46, 0xD5, 0xC3, 0xA9, 0x7E, 0x06, 0x86, 0x07,
    0x40, 0x6A, 0x3F, 0x03, 0xC3, 0x33, 0x20, 0xF5, 0x5F, 0xAC, 0x31, 0x1B, 0xA4, 0xEF, 0x4F, 0x1F,
    0xC3, 0x1F, 0x9E, 0x0F, 0xFE, 0x0C, 0x20, 0x00, 0xA3, 0xE2, 0x21, 0x54, 0x3E, 0x32, 0x05, 0x00,
    0x46, 0x46, 0x2A, 0x9F, 0x78, 0x9C, 0x63, 0x48, 0x78, 0x33, 0xFF, 0x43, 0xBE, 0xC0, 0xDF, 0xFF,
    0x40, 0x72, 0xC3, 0x7F, 0x10, 0xF9, 0x11, 0x4C, 0x7E, 0x01, 0x93, 0x5F, 0xC1, 0xE4, 0x67, 0x30,
    0xF9, 0x01, 0x4C, 0x36, 0x80, 0x49, 0x86, 0x9F, 0x60, 0xD2, 0xE0, 0x64, 0x1F, 0x90, 0x04, 0x02,
    0xE2, 0x48, 0x00, 0xFB, 0x45, 0x39, 0x9B, 0x78, 0x9C, 0xDB, 0xB8, 0x9F, 0xE1, 0xC7, 0x7F, 0x8E,
    0xDF, 0xFF, 0xB9, 0x81, 0xE4, 0xC6, 0xFD, 0x8C, 0x00, 0x4B, 0x5A, 0x08, 0xE5, 0x78, 0x9C, 0x0B,
    0xB0, 0x67, 0xD8, 0xC0, 0xC7, 0xF0, 0x71, 0x3F, 0xA3, 0xC2, 0x2F, 0x76, 0x85, 0x5F, 0xAC, 0x77,
    0xBD, 0x18, 0x00, 0x3A, 0x82, 0x06, 0x66, 0x78, 0x9C, 0x33, 0xB8, 0xEE, 0xCF, 0xC0, 0xF0, 0xE5,
    0x3F, 0x90, 0x60, 0x58, 0x80, 0x8F, 0xF8, 0xFD, 0xFF, 0xFF, 0x7F, 0x06, 0x00, 0x18, 0x0B, 0x0D,
    0x2B, 0x78, 0x9C, 0x63, 0xB8, 0x76, 0x9F, 0x8D, 0x61, 0x42, 0x7C, 0xC0, 0x7C, 0x86, 0xCF, 0x5C,
    0x0C, 0xBF, 0x98, 0xBF, 0xB3, 0x33, 0x7C, 0x67, 0x07, 0x13, 0x60, 0x2E, 0x58, 0x82, 0xE1, 0xFA,
    0x7D, 0x76, 0x06, 0x00, 0x3D, 0x44, 0x0F, 0x21, 0x78, 0x9C, 0xDB, 0xC2, 0xC0, 0xB0, 0x95, 0x81,
    0xE1, 0x9B, 0x0C, 0xC3, 0x37, 0x1E, 0x86, 0x09, 0xE7, 0x19, 0x17, 0x9C, 0x67, 0x64, 0xF8, 0x23,
    0xCB, 0xF0, 0x57, 0x96, 0xE1, 0xA1, 0x3F, 0xC3, 0x23, 0x7B, 0x28, 0x09, 0x14, 0xF9, 0x23, 0x0B,
    0x94, 0x05, 0xA2, 0xAF, 0x60, 0x95, 0x5B, 0xC1, 0xBA, 0x00, 0x9A, 0xBA, 0x15, 0x92, 0x78, 0x9C,
    0x33, 0xB8, 0xD5, 0xCF, 0xC0, 0xC0, 0xD0, 0xCE, 0xC0, 0x90, 0x00, 0xA4, 0x1D, 0xFE, 0x33, 0x81,
    0xE9, 0x47, 0xF6, 0x10, 0xFE, 0x5F, 0x66, 0x30, 0xBD, 0x01, 0xC8, 0x05, 0xD1, 0x13, 0x98, 0x21,
    0x34, 0x18, 0xC0, 0x68, 0x20, 0x10, 0xF0, 0x05, 0x91, 0x93, 0x19, 0x1A, 0xF4, 0x81, 0x94, 0xC1,
    0x7E, 0x86, 0x8F, 0x9A, 0x62, 0x0C, 0x0C, 0x9F, 0x79, 0x19, 0x7E, 0x14, 0xDA, 0x33, 0x18, 0xBC,
    0x67, 0x12, 0xE8, 0x2F, 0xB0, 0x67, 0xF8, 0xE4, 0xCF, 0x50, 0xF0, 0xFF, 0xFF, 0x7F, 0x8E, 0x06,
    0x76, 0xA0, 0x9A, 0x02, 0x7B, 0x88, 0x46, 0x20, 0x0D, 0x00, 0x36, 0x77, 0x1C, 0xFE, 0x78, 0x9C,
    0x33, 0xB8, 0xD5, 0xCF, 0xC0, 0xC0, 0xD0, 0xCE, 0xC0, 0x90, 0x00, 0xA4, 0x1D, 0xFE, 0x33, 0x81,
    0xE9, 0x47, 0xF6, 0x10, 0xFE, 0x5F, 0x66, 0x30, 0xBD, 0x01, 0xC8, 0x05, 0xD1, 0x13, 0x98, 0x21,
    0x34, 0x18, 0xC0, 0x68, 0x20, 0x38, 0xFA, 0x9E, 0x03, 0x48, 0x4E, 0x66, 0xA8, 0x2A, 0xA8, 0x67,
    0x60, 0x30, 0xD8, 0xCF, 0xC0, 0x20, 0x00, 0xC4, 0x9F, 0x79, 0x81, 0xE6, 0xAD, 0x67, 0x30, 0x78,
    0xCF, 0xC4, 0xC0, 0x70, 0xC1, 0x9E, 0xE1, 0x93, 0x3F, 0x50, 0xC9, 0x1F, 0x76, 0x86, 0x06, 0x76,
    0x06, 0x86, 0x83, 0x50, 0xAD, 0x7F, 0xFE, 0xFF, 0x67, 0x02, 0x00, 0x58, 0x63, 0x1E, 0x3A, 0x78,
    0x9C, 0x2B, 0xF8, 0x33, 0x8F, 0x81, 0x81, 0x61, 0x23, 0x53, 0x02, 0xEB, 0x77, 0x76, 0x06, 0x86,
    0xDF, 0x9C, 0x0C, 0x0C, 0x9F, 0xB8, 0x18, 0x26, 0xAC, 0x67, 0x60, 0x10, 0xF8, 0xC9, 0xC6, 0xF0,
    0x8D, 0x8B, 0x81, 0xE1, 0xC3, 0x79, 0x46, 0x03, 0x20, 0x97, 0x81, 0xE1, 0x33, 0x9F, 0x01, 0x90,
    0xBB, 0x81, 0xF5, 0x11, 0x1F, 0x88, 0x57, 0xF0, 0x67, 0x3F, 0x33, 0x03, 0x14, 0x08, 0xF8, 0x82,
    0xC8, 0x09, 0xCC, 0x0D, 0xFA, 0x20, 0xFA, 0x17, 0xF3, 0x47, 0x4D, 0x31, 0x06, 0x86, 0x05, 0xF9,
    0x0C, 0x3F, 0x0A, 0xED, 0x81, 0x5C, 0x4E, 0x81, 0xFE, 0x02, 0x7B, 0x86, 0x09, 0xFB, 0x19, 0x0A,
    0xFE, 0xFF, 0xFF, 0xCF, 0xA1, 0x20, 0x0D, 0xD2, 0x6C, 0x0F, 0xD1, 0x08, 0xA4, 0x01, 0x78, 0xD0,
    0x20, 0x4D, 0x78, 0x9C, 0x63, 0x60, 0x78, 0x66, 0xCB, 0xC0, 0xC0, 0x20, 0xF0, 0x7F, 0x3F, 0x9C,
    0x64, 0x78, 0x0E, 0x12, 0x41, 0x01, 0x1F, 0xE5, 0x41, 0xE4, 0x57, 0x7E, 0x90, 0x9A, 0x7F, 0x5C,
    0x40, 0xF2, 0xE2, 0x7B, 0x26, 0x20, 0xF3, 0xAF, 0x3D, 0x90, 0xB9, 0xE0, 0x3F, 0x0B, 0x90, 0xFC,
    0x30, 0x1F, 0xA4, 0xE2, 0x43, 0x3C, 0x88, 0x3C, 0xD0, 0xCF, 0xC0, 0xC0, 0xC8, 0x60, 0xF0, 0x9F,
    0x35, 0xF1, 0x1C, 0x23, 0xC3, 0xA4, 0xBF, 0xF7, 0xA3, 0x18, 0x00, 0x14, 0x3E, 0x17, 0x1B, 0x78,
    0x9C, 0x63, 0x60, 0x58, 0xC0, 0xCC, 0x00, 0x06, 0xDF, 0xED, 0x21, 0xF4, 0xC1, 0xFF, 0x2C, 0x10,
    0xC6, 0x4F, 0x7D, 0x08, 0x9D, 0xC0, 0xC5, 0x80, 0x0C, 0x14, 0xFE, 0xCB, 0x83, 0xE9, 0x82, 0xFF,
    0xF5, 0x60, 0xFA, 0xC0, 0xFC, 0xF3, 0x60, 0xFA, 0x93, 0xDC, 0x7F, 0x26, 0xB0, 0x39, 0x5C, 0xBF,
    0xD9, 0x41, 0xF4, 0x1F, 0xD6, 0x6F, 0x3C, 0x60, 0xE5, 0x0C, 0x1F, 0x41, 0x06, 0x15, 0xEC, 0x67,
    0x38, 0x00, 0xD2, 0x70, 0x21, 0x9E, 0xA1, 0xE0, 0x3E, 0x48, 0xF9, 0x7F, 0x20, 0x00, 0x6A, 0xF8,
    0x0E, 0x54, 0xFC, 0x13, 0x88, 0xFF, 0x02, 0x9D, 0xF1, 0x95, 0x17, 0xA4, 0x9C, 0x01, 0xA4, 0xA1,
    0x01, 0x64, 0xE8, 0x83, 0x7E, 0x86, 0x0B, 0xFD, 0x40, 0x7A, 0xC1, 0x7D, 0x86, 0x4F, 0xF1, 0x20,
    0x97, 0xFC, 0x67, 0x02, 0x00, 0x18, 0xA1, 0x2B, 0x49, 0x78, 0x9C, 0x63, 0x60, 0x60, 0x60, 0x58,
    0xCC, 0x00, 0x06, 0x06, 0xFF, 0xD9, 0xC1, 0xF4, 0x97, 0xF3, 0x8C, 0x20, 0x4A, 0xE1, 0x3F, 0x27,
    0x44, 0x3C, 0x8B, 0x01, 0x05, 0x28, 0xFC, 0x97, 0x07, 0xD3, 0x05, 0xFF, 0xEB, 0xC1, 0xF4, 0x81,
    0xF9, 0xE7, 0xC1, 0xF4, 0x27, 0xB9, 0xFF, 0x4C, 0x20, 0xFA, 0x3B, 0xD7, 0x6F, 0xB0, 0x39, 0x7F,
    0x58, 0xBF, 0xF1, 0x80, 0x95, 0x33, 0x7C, 0xD4, 0x07, 0x29, 0xDF, 0xCF, 0x70, 0x00, 0xA4, 0xE1,
    0x42, 0x3C, 0x43, 0xC1, 0x7D, 0x90, 0xF2, 0xFF, 0x40, 0x00, 0xD4, 0xF0, 0x1D, 0xA8, 0xF8, 0x27,
    0x10, 0xFF, 0x65, 0x66, 0x60, 0xF8, 0xCA, 0x0B, 0x52, 0xCE, 0x00, 0xD2, 0xD0, 0x00, 0x32, 0xF4,
    0x41, 0x3F, 0xC3, 0x85, 0x7E, 0x20, 0xBD, 0xE0, 0x3E, 0xC3, 0xA7, 0x78, 0x20, 0x9D, 0xF0, 0x9F,
    0x09, 0x00, 0x14, 0x1C, 0x2B, 0x49, 0x78, 0x9C, 0x63, 0x60, 0x30, 0xF8, 0x6F, 0xCF, 0x00, 0x02,
    0x0F, 0xD7, 0xBF, 0x67, 0x04, 0xD1, 0x7F, 0x58, 0xBF, 0xF2, 0x00, 0x29, 0x01, 0x1F, 0x06, 0x07,
    0x19, 0x06, 0x24, 0xA0, 0xF0, 0x5F, 0x1E, 0x4C, 0x17, 0xFC, 0xAF, 0x07, 0xD3, 0x07, 0xE6, 0x9F,
    0x07, 0xD3, 0x9F, 0xE4, 0xFE, 0x33, 0x81, 0xE8, 0xEF, 0x5C, 0xBF, 0xD9, 0x21, 0xFA, 0xBF, 0xF1,
    0x80, 0x95, 0x33, 0x7C, 0xD4, 0x07, 0x29, 0xDF, 0xCF, 0x70, 0x00, 0xA4, 0xE1, 0x42, 0x3C, 0x43,
    0xC1, 0x7D, 0x90, 0xF2, 0xFF, 0x40, 0x00, 0xD4, 0xF0, 0x1D, 0xA8, 0xF8, 0x27, 0x10, 0xFF, 0x65,
    0x66, 0x60, 0xF8, 0xCA, 0x0B, 0x52, 0xCE, 0x00, 0xD2, 0xD0, 0x00, 0x32, 0xF4, 0x41, 0x3F, 0xC3,
    0x85, 0x7E, 0x20, 0xBD, 0xE0, 0x3E, 0xC3, 0xA7, 0x78, 0x20, 0x9D, 0xF0, 0x9F, 0x09, 0x00, 0xE9,
    0x57, 0x2C, 0xC2, 0x78, 0x9C, 0x63, 0x60, 0xF8, 0x65, 0xCB, 0xB0, 0x83, 0x81, 0x81, 0xA1, 0xE1,
    0xFF, 0x7F, 0xD1, 0x7B, 0x40, 0xFA, 0x82, 0xDC, 0xD7, 0xFF, 0xFD, 0x40, 0xFA, 0x00, 0x87, 0xC1,
    0x5F, 0x2E, 0x06, 0x2C, 0x40, 0xE1, 0xBF, 0x3C, 0x98, 0x2E, 0xF8, 0x5F, 0x0F, 0xA6, 0x0F, 0xCC,
    0x3F, 0x0F, 0xA6, 0x3F, 0xC9, 0xFD, 0x67, 0x02, 0xD1, 0xDF, 0xB9, 0x7E, 0xB3, 0x83, 0xE8, 0x3F,
    0xAC, 0xDF, 0x78, 0xC0, 0xCA, 0x19, 0x3E, 0xEA, 0x83, 0x94, 0xEF, 0x67, 0x38, 0x00, 0xD2, 0x70,
    0x21, 0x9E, 0xA1, 0xE0, 0x3E, 0x48, 0xF9, 0x7F, 0x20, 0x00, 0x6A, 0xF8, 0x0E, 0x54, 0xFC, 0x13,
    0x88, 0xFF, 0x32, 0x33, 0x30, 0x7C, 0xE5, 0x05, 0x29, 0x67, 0x00, 0x69, 0x68, 0x00, 0x19, 0xFA,
    0xA0, 0x9F, 0xE1, 0x02, 0xC8, 0x2D, 0x0B, 0xEE, 0x33, 0x7C, 0x8A, 0x07, 0xD2, 0x09, 0xFF, 0x99,
    0x00, 0xB0, 0xC0, 0x30, 0xEA, 0x78, 0x9C, 0x63, 0x10, 0x78, 0xCB, 0xF4, 0x48, 0x96, 0x81, 0x81,
    0xC1, 0xE1, 0x3F, 0xFB, 0x77, 0x7F, 0x20, 0x0D, 0xE3, 0x63, 0x00, 0x85, 0xFF, 0xF2, 0x60, 0xBA,
    0xE0, 0x7F, 0x3D, 0x98, 0x3E, 0x30, 0xFF, 0x3C, 0x98, 0xFE, 0x24, 0xF7, 0x9F, 0x09, 0x44, 0x7F,
    0xE7, 0xFA, 0xCD, 0x0E, 0xA2, 0xFF, 0xB0, 0x7E, 0xE3, 0x01, 0x2B, 0x67, 0xF8, 0xA8, 0x0F, 0x52,
    0xBE, 0x9F, 0xE1, 0x00, 0x48, 0xC3, 0x85, 0x78, 0x86, 0x82, 0xFB, 0x20, 0xE5, 0xFF, 0x81, 0x00,
    0xA8, 0xE1, 0x3B, 0x50, 0xF1, 0x4F, 0x20, 0xFE, 0xCB, 0xCC, 0xC0, 0xF0, 0x95, 0x17, 0xA4, 0x9C,
    0x01, 0xA4, 0xA1, 0x01, 0x64, 0xE8, 0x83, 0x7E, 0x86, 0x0B, 0xFD, 0x40, 0x7A, 0xC1, 0x7D, 0x86,
    0x4F, 0xF1, 0x40, 0x3A, 0xE1, 0x3F, 0x13, 0x00, 0xE5, 0xDF, 0x2C, 0xA2, 0x78, 0x9C, 0x63, 0x60,
    0x50, 0xF8, 0xA3, 0xC3, 0x00, 0x02, 0x07, 0xB8, 0x4E, 0x81, 0xE9, 0x0F, 0xAC, 0x5F, 0x51, 0xF8,
    0x30, 0x79, 0x18, 0x50, 0xF8, 0x2F, 0x0F, 0xA6, 0x0B, 0xFE, 0xD7, 0x43, 0xD4, 0xCD, 0x3F, 0x0F,
    0xA6, 0x3F, 0xC9, 0xFD, 0x67, 0x02, 0xD1, 0xDF, 0xB9, 0x7E, 0xB3, 0x83, 0xE8, 0x3F, 0xAC, 0xDF,
    0x78, 0xC0, 0xCA, 0x19, 0x3E, 0xEA, 0x83, 0x94, 0xEF, 0x67, 0x38, 0x00, 0xD2, 0x70, 0x21, 0x9E,
    0xA1, 0xE0, 0x3E, 0x48, 0xF9, 0x7F, 0x20, 0x00, 0x6A, 0xF8, 0x0E, 0x54, 0xFC, 0x13, 0x88, 0xFF,
    0x32, 0x33, 0x30, 0x7C, 0xE5, 0x05, 0x29, 0x67, 0x00, 0x69, 0x68, 0x00, 0x19, 0xFA, 0xA0, 0x9F,
    0xE1, 0x42, 0x3F, 0x90, 0x5E, 0x70, 0x9F, 0xE1, 0x53, 0x3C, 0x90, 0x4E, 0xF8, 0xCF, 0x04, 0x00,
    0x92, 0xEB, 0x2D, 0xBC, 0x78, 0x9C, 0x63, 0x60, 0x60, 0x78, 0xF0, 0xFF, 0xFF, 0xFF, 0xF9, 0x0C,
    0x0C, 0x0C, 0x5F, 0xA1, 0xF4, 0xEF, 0x5F, 0xFA, 0x40, 0x92, 0x41, 0xE1, 0xFF, 0x57, 0x30, 0xDD,
    0xF0, 0xFE, 0x23, 0x98, 0x7E, 0xD0, 0x0F, 0xA1, 0xBF, 0xE8, 0x43, 0xE8, 0xDF, 0x3C, 0x1F, 0xFF,
    0xFF, 0xE7, 0x62, 0x10, 0xF8, 0xCF, 0x06, 0xA6, 0x0B, 0xFE, 0x33, 0x82, 0xC5, 0x2F, 0x00, 0x4D,
    0x01, 0xD1, 0x5F, 0xF8, 0x19, 0xC0, 0xFC, 0x5F, 0x5C, 0x60, 0x5A, 0xE0, 0x3F, 0x2B, 0x98, 0x2E,
    0xF8, 0xCF, 0xC0, 0x00, 0x54, 0x7F, 0xFE, 0xC2, 0x7E, 0x08, 0x0D, 0x00, 0xC4, 0xDB, 0x34, 0x65,
    0x78, 0x9C, 0x63, 0x60, 0x98, 0xF4, 0xF7, 0x3C, 0x3B, 0x03, 0x43, 0xC3, 0xFF, 0xFF, 0xFF, 0xDF,
    0x33, 0x33, 0xFC, 0xDC, 0xCF, 0xE2, 0xF0, 0x96, 0xD1, 0xE1, 0x3F, 0x27, 0x03, 0x83, 0x02, 0xC3,
    0x81, 0xFB, 0x0C, 0x20, 0xF0, 0xB1, 0x1E, 0x4C, 0x7D, 0xF5, 0x07, 0x53, 0xDF, 0xF4, 0x91, 0x29,
    0xA8, 0xE0, 0x27, 0x88, 0x92, 0x0B, 0xEF, 0xC1, 0x54, 0x00, 0x48, 0x7B, 0x01, 0x03, 0xC3, 0x2F,
    0xA0, 0x61, 0x7F, 0xB8, 0x18, 0x16, 0x40, 0x8C, 0x66, 0x58, 0x0C, 0xB6, 0x08, 0xA8, 0x98, 0x0D,
    0xAC, 0xEA, 0x3B, 0x23, 0x98, 0xFA, 0x6B, 0x03, 0xA6, 0x0A, 0xF7, 0x83, 0xA9, 0xA2, 0x7E, 0x10,
    0xB9, 0x60, 0x1F, 0x50, 0x09, 0x00, 0xA6, 0x72, 0x28, 0xC6, 0x78, 0x9C, 0x63, 0x10, 0x90, 0x66,
    0x00, 0x82, 0x0D, 0xF7, 0x19, 0x81, 0xA4, 0xC1, 0x3F, 0x59, 0x10, 0xE7, 0xE0, 0x7D, 0x10, 0xC9,
    0x90, 0xC9, 0x00, 0x05, 0x5F, 0xFE, 0x03, 0x01, 0x3F, 0x94, 0xB4, 0x07, 0x8B, 0xE0, 0x22, 0x81,
    0x4A, 0xEE, 0xC3, 0x48, 0x82, 0x2A, 0xFF, 0xFB, 0x43, 0x48, 0x00, 0x5F, 0x8E, 0x2F, 0x2A, 0x78,
    0x9C, 0x63, 0x60, 0x60, 0x28, 0x60, 0x63, 0x00, 0x82, 0xEF, 0xFA, 0x40, 0xA2, 0xE1, 0x3F, 0x27,
    0x90, 0xFC, 0x16, 0x0F, 0x12, 0x38, 0xC8, 0xCC, 0x00, 0x05, 0x5F, 0xFE, 0x03, 0x01, 0x3F, 0x94,
    0xB4, 0x07, 0x8B, 0xE0, 0x22, 0x81, 0x4A, 0xEE, 0xC3, 0x48, 0x82, 0x2A, 0xFF, 0xFB, 0x43, 0x48,
    0x00, 0x70, 0x7A, 0x2F, 0x58, 0x78, 0x9C, 0x63, 0x60, 0xF8, 0x71, 0x9F, 0x91, 0x81, 0xC1, 0xE1,
    0xFD, 0x6F, 0x6E, 0x06, 0x86, 0x4F, 0x7A, 0x13, 0xFA, 0x19, 0x18, 0x0E, 0x33, 0x31, 0xCC, 0x60,
    0x80, 0x80, 0x2F, 0xFF, 0x81, 0x80, 0x1F, 0x4A, 0xDA, 0x83, 0x45, 0x70, 0x91, 0x40, 0x25, 0xF7,
    0x61, 0x24, 0x41, 0x95, 0xFF, 0xFD, 0x21, 0x24, 0x00, 0x80, 0xB0, 0x31, 0xC4, 0x78, 0x9C, 0x63,
    0x78, 0xCC, 0x9D, 0x30, 0x9F, 0x81, 0xE1, 0xA7, 0xFE, 0x86, 0xFF, 0x0C, 0x0C, 0x10, 0x36, 0x12,
    0xF8, 0xF2, 0x1F, 0x08, 0xF8, 0xA1, 0xA4, 0x3D, 0x58, 0x04, 0x17, 0x09, 0x54, 0x72, 0x1F, 0x46,
    0x12, 0x54, 0xF9, 0xDF, 0x1F, 0x42, 0x02, 0x00, 0x20, 0xD6, 0x30, 0xCC, 0x78, 0x9C, 0x63, 0x58,
    0xC0, 0xCC, 0x00, 0x04, 0xDF, 0xED, 0x41, 0xE4, 0xC1, 0xFF, 0x2C, 0x20, 0xEA, 0xA7, 0x3E, 0x88,
    0x4C, 0xE0, 0x62, 0x80, 0x82, 0x3F, 0xFF, 0x81, 0x80, 0x07, 0x42, 0x02, 0x79, 0x3C, 0x60, 0x31,
    0x0A, 0x49, 0x64, 0x33, 0x01, 0x9D, 0xF9, 0x25, 0xA0, 0x78, 0x9C, 0x63, 0x60, 0x60, 0x58, 0xCC,
    0x00, 0x04, 0x06, 0xFF, 0xD9, 0x81, 0xE4, 0x97, 0xF3, 0x8C, 0x0C, 0x0C, 0x0A, 0xFF, 0x39, 0x41,
    0x22, 0x59, 0x0C, 0x30, 0xF0, 0xE7, 0x3F, 0x10, 0xF0, 0x40, 0x48, 0x20, 0x8F, 0x07, 0x2C, 0x46,
    0x21, 0x89, 0x6C, 0x26, 0x00, 0x99, 0x74, 0x25, 0xA0, 0x78, 0x9C, 0x63, 0x30, 0xF8, 0x6F, 0xCF,
    0xC0, 0xC0, 0xF0, 0x70, 0xFD, 0x7B, 0x46, 0x06, 0x86, 0x3F, 0xAC, 0x5F, 0x79, 0x18, 0x04, 0x7C,
    0x18, 0x1C, 0x64, 0x18, 0x20, 0xE0, 0xCF, 0x7F, 0x20, 0xE0, 0x81, 0x90, 0x40, 0x1E, 0x0F, 0x58,
    0x8C, 0x42, 0x12, 0xD9, 0x4C, 0x00, 0x3A, 0x59, 0x27, 0x19, 0x78, 0x9C, 0x13, 0x78, 0xCB, 0xF4,
    0x48, 0x96, 0xC1, 0xE1, 0x3F, 0xFB, 0x77, 0x7F, 0x06, 0x01, 0x30, 0x1B, 0x19, 0xFC, 0xF9, 0x0F,
    0x04, 0x3C, 0x10, 0x12, 0xC8, 0xE3, 0x01, 0x8B, 0x51, 0x48, 0x22, 0x9B, 0x09, 0x00, 0x37, 0xB9,
    0x26, 0xF9, 0x78, 0x9C, 0x63, 0xF8, 0xF7, 0xFF, 0x7D, 0x35, 0x23, 0x03, 0xC3, 0x3F, 0x0E, 0x85,
    0x1F, 0xF1, 0x20, 0x8A, 0xC1, 0xE1, 0x3F, 0x0B, 0x88, 0x62, 0xF8, 0xC9, 0x07, 0xA6, 0x3E, 0xE5,
    0x83, 0xA9, 0x07, 0xEB, 0xC1, 0xD4, 0x81, 0xF3, 0xBF, 0xFF, 0xFF, 0x7F, 0xCF, 0xB0, 0xE1, 0x3E,
    0x98, 0x07, 0xA5, 0x0E, 0x9C, 0x07, 0x53, 0x1F, 0xE6, 0x83, 0xA9, 0xCF, 0xF1, 0x48, 0xDA, 0x03,
    0xC0, 0x86, 0x29, 0xFC, 0xF0, 0x03, 0x1A, 0xFD, 0xFF, 0x7D, 0x0D, 0x23, 0x03, 0x00, 0xA6, 0xAE,
    0x2B, 0x96, 0x78, 0x9C, 0x55, 0xC5, 0xB1, 0x11, 0x40, 0x30, 0x14, 0x06, 0xE0, 0xFF, 0x14, 0xA9,
    0x98, 0xC1, 0x02, 0x4A, 0xAD, 0xA3, 0xD2, 0xCA, 0x06, 0x6C, 0xF0, 0x6C, 0x62, 0x15, 0xC6, 0x50,
    0xC5, 0x06, 0x31, 0x01, 0x0A, 0x97, 0x3B, 0x85, 0x3C, 0x97, 0x97, 0xCA, 0xD7, 0x7C, 0x18, 0x0F,
    0xA5, 0x0B, 0xE0, 0xE6, 0x69, 0xCE, 0x81, 0xA7, 0xF4, 0x9C, 0x02, 0x2B, 0x16, 0x93, 0xE0, 0xEF,
    0xB2, 0x80, 0x66, 0x5C, 0xAC, 0x62, 0x99, 0x64, 0x48, 0x22, 0x2B, 0xD5, 0xAF, 0x92, 0x5C, 0x16,
    0xEA, 0x76, 0x0A, 0xF5, 0xC3, 0xD9, 0x84, 0xE0, 0x5B, 0xC9, 0x55, 0xD2, 0x46, 0xD2, 0x60, 0x24,
    0xBC, 0x31, 0x17, 0xDB, 0x18, 0x1F, 0x2B, 0xB5, 0x41, 0xF0, 0x78, 0x9C, 0x63, 0x60, 0xB0, 0x62,
    0x00, 0x81, 0x82, 0xFF, 0xCC, 0x20, 0x4A, 0xE0, 0x8F, 0x3F, 0x98, 0x3B, 0xE1, 0x3F, 0x13, 0x98,
    0x5E, 0xC6, 0x80, 0x00, 0x06, 0xAF, 0xDE, 0x83, 0xD4, 0x7E, 0xFF, 0xFF, 0xFF, 0x3F, 0x3B, 0x43,
    0xC2, 0x7F, 0x6D, 0x85, 0xDF, 0xF1, 0x0C, 0x0F, 0xCE, 0x33, 0x30, 0x1C, 0x78, 0xCF, 0xF0, 0x15,
    0xA8, 0xCB, 0xE1, 0x3F, 0xEB, 0x4F, 0x7E, 0xA0, 0xFC, 0x7F, 0xCE, 0x3F, 0x3C, 0x40, 0xEA, 0x0F,
    0xCF, 0x5F, 0x6E, 0x20, 0xF5, 0x9B, 0x17, 0x4A, 0x41, 0x05, 0xA1, 0x4A, 0xA0, 0x1A, 0x40, 0xDA,
    0x2F, 0xBC, 0x67, 0x08, 0xF8, 0xAF, 0x6D, 0x00, 0x34, 0x0C, 0x6A, 0x34, 0xD4, 0x22, 0x00, 0x4D,
    0xE6, 0x2F, 0xFF, 0x78, 0x9C, 0x63, 0x60, 0x60, 0x30, 0xE0, 0x62, 0x00, 0x81, 0xCF, 0xF5, 0x20,
    0xD2, 0xE1, 0xBF, 0x0C, 0x88, 0xFA, 0x34, 0x1F, 0x2C, 0xB6, 0x80, 0x8D, 0x01, 0x01, 0x0C, 0x5E,
    0xBD, 0xB7, 0x02, 0x52, 0xDF, 0xFF, 0xFF, 0xFF, 0xCF, 0xCE, 0x90, 0xF0, 0x5F, 0x5B, 0xE1, 0x77,
    0x3C, 0xC3, 0x83, 0xF3, 0x0C, 0x0C, 0x07, 0xDE, 0x33, 0x7C, 0xF5, 0x07, 0xE9, 0x64, 0xFD, 0xC9,
    0x0F, 0x94, 0xFF, 0xCF, 0xF9, 0x87, 0x07, 0x48, 0xFD, 0xE1, 0xF9, 0xCB, 0x0D, 0xA4, 0x7E, 0xF3,
    0x42, 0x29, 0xA8, 0x20, 0x54, 0x09, 0x54, 0x03, 0x48, 0xFB, 0x85, 0xF7, 0x0C, 0x01, 0xFF, 0xB5,
    0x0D, 0x80, 0x86, 0x41, 0x8D, 0x86, 0x5A, 0x04, 0x00, 0x4B, 0x50, 0x2F, 0xFF, 0x78, 0x9C, 0x63,
    0x60, 0xF8, 0xFC, 0x9F, 0x99, 0x81, 0x81, 0x41, 0xE0, 0xDF, 0x2F, 0x39, 0x20, 0x75, 0x20, 0x3E,
    0xE0, 0x3C, 0x90, 0x3A, 0xC8, 0xC2, 0x70, 0x84, 0x91, 0x01, 0x06, 0x0C, 0x5E, 0xBD, 0xB7, 0x02,
    0x52, 0xDF, 0xFF, 0xFF, 0xFF, 0xCF, 0xCE, 0x90, 0xF0, 0x5F, 0x5B, 0xE1, 0x77, 0x3C, 0xC3, 0x03,
    0xA0, 0xB2, 0x03, 0xEF, 0x19, 0xBE, 0xFA, 0x33, 0x30, 0x38, 0xFC, 0x67, 0xFD, 0xC9, 0x0F, 0x94,
    0xFF, 0xCF, 0xF9, 0x87, 0x07, 0x48, 0xFD, 0xE1, 0xF9, 0xCB, 0x0D, 0xA4, 0x7E, 0xF3, 0x42, 0x29,
    0xA8, 0x20, 0x54, 0x09, 0x54, 0x03, 0x48, 0xFB, 0x85, 0xF7, 0x0C, 0x01, 0xFF, 0xB5, 0x0D, 0x80,
    0x86, 0x41, 0x8D, 0x86, 0x5A, 0x04, 0x00, 0xA7, 0x6E, 0x32, 0xA4, 0x78, 0x9C, 0x63, 0x58, 0x70,
    0x9F, 0xB9, 0x81, 0x9B, 0x81, 0xE1, 0xC7, 0xFF, 0xF8, 0x87, 0xBC, 0x0C, 0x0C, 0x6F, 0x03, 0xFF,
    0xFF, 0xE7, 0x60, 0x60, 0xE8, 0x61, 0xB8, 0xBC, 0x9E, 0x01, 0x1D, 0x18, 0xBC, 0x7A, 0x6F, 0x05,
    0xA4, 0xBE, 0xFF, 0xFF, 0xFF, 0x9F, 0x9D, 0x21, 0xE1, 0xBF, 0xB6, 0xC2, 0xEF, 0x78, 0x86, 0x07,
    0xE7, 0x19, 0x18, 0x0E, 0xBC, 0x67, 0xF8, 0xEA, 0xCF, 0xC0, 0xE0, 0xF0, 0x9F, 0xF5, 0x27, 0x3F,
    0x50, 0xFE, 0x3F, 0xE7, 0x1F, 0x1E, 0x20, 0xF5, 0x87, 0xE7, 0x2F, 0xD0, 0x58, 0x86, 0xDF, 0xBC,
    0x50, 0x0A, 0x2A, 0x08, 0x55, 0x02, 0xD5, 0x00, 0xD2, 0x7E, 0xE1, 0x3D, 0x43, 0xC0, 0x7F, 0x6D,
    0x03, 0xA0, 0x61, 0x50, 0xA3, 0xA1, 0x16, 0x01, 0x00, 0x5E, 0x50, 0x35, 0x64, 0x78, 0x9C, 0x63,
    0xB8, 0xA8, 0xA7, 0x70, 0x8F, 0x91, 0x81, 0xE1, 0x4B, 0x7D, 0xC1, 0x7F, 0x16, 0x06, 0x06, 0x28,
    0x0F, 0x15, 0x18, 0xBC, 0x7A, 0x6F, 0x05, 0xA4, 0xBE, 0xFF, 0xFF, 0xFF, 0x9F, 0x9D, 0x21, 0xE1,
    0xBF, 0xB6, 0xC2, 0xEF, 0x78, 0x86, 0x07, 0xE7, 0x19, 0x18, 0x0E, 0xBC, 0x67, 0xF8, 0xEA, 0xCF,
    0xC0, 0xE0, 0xF0, 0x9F, 0xF5, 0x27, 0x3F, 0x50, 0xFE, 0x3F, 0xE7, 0x1F, 0x1E, 0x20, 0xF5, 0x87,
    0xE7, 0x2F, 0x37, 0x90, 0xFA, 0xCD, 0x0B, 0xA5, 0xA0, 0x82, 0x50, 0x25, 0x50, 0x0D, 0x20, 0xED,
    0x17, 0xDE, 0x33, 0x04, 0xFC, 0xD7, 0x36, 0x00, 0x1A, 0x06, 0x35, 0x1A, 0x6A, 0x11, 0x00, 0x34,
    0xF0, 0x31, 0xA3, 0x78, 0x9C, 0x63, 0x60, 0x00, 0x81, 0x87, 0x6C, 0x0C, 0x0C, 0x5B, 0x18, 0x3E,
    0xE7, 0x33, 0x38, 0xFC, 0x67, 0x31, 0xF8, 0xCF, 0xF6, 0x35, 0x9E, 0x81, 0xE1, 0xCB, 0xFC, 0xFF,
    0x2C, 0x0C, 0x40, 0xBE, 0x3F, 0x50, 0x3A, 0xE0, 0x3F, 0x50, 0x80, 0xE1, 0x6B, 0xFD, 0x7F, 0x56,
    0x20, 0x93, 0xE5, 0x4B, 0x3E, 0xC3, 0x97, 0x78, 0x90, 0xCA, 0x8B, 0xAC, 0x20, 0x5D, 0x10, 0x00,
    0x00, 0x2C, 0x0E, 0x15, 0xEA, 0x78, 0x9C, 0x1D, 0x8E, 0xC1, 0x0D, 0x82, 0x50, 0x10, 0x44, 0x9F,
    0x7E, 0xB9, 0x18, 0x42, 0xBC, 0x78, 0x35, 0x76, 0xE0, 0xC1, 0x46, 0xEC, 0x00, 0x4A, 0xB0, 0x03,
    0x2C, 0x81, 0x0E, 0x38, 0x78, 0x57, 0x42, 0x03, 0xD0, 0x01, 0x76, 0xF0, 0xED, 0x00, 0x63, 0x88,
    0x9A, 0x48, 0xFE, 0xB8, 0xB8, 0xC9, 0xDB, 0x39, 0x4C, 0x76, 0x67, 0x60, 0x9A, 0xB5, 0x71, 0x0E,
    0x97, 0xBD, 0x87, 0xA3, 0xA4, 0x3E, 0x85, 0x57, 0x33, 0xAF, 0xB5, 0x84, 0x10, 0x93, 0x29, 0xE1,
    0xA0, 0x05, 0x4F, 0xA5, 0x14, 0x82, 0xF1, 0x5D, 0xD2, 0x76, 0x9C, 0xAE, 0xB6, 0x6E, 0x0D, 0xC3,
    0xA6, 0xF2, 0xA6, 0xAB, 0xE0, 0x4C, 0x5B, 0x5F, 0xE5, 0x93, 0x59, 0xE8, 0x13, 0xF3, 0x28, 0xED,
    0xAE, 0x9F, 0x31, 0xD8, 0xBF, 0x60, 0x8C, 0x09, 0x7C, 0x3B, 0x57, 0x2B, 0x22, 0xEB, 0x2D, 0x27,
    0x87, 0xFB, 0xCE, 0x72, 0x1D, 0x6C, 0xA3, 0x7F, 0x11, 0x7E, 0x52, 0x61, 0x3C, 0xD7, 0x78, 0x9C,
    0x63, 0x60, 0xB0, 0x62, 0x00, 0x81, 0x82, 0xFF, 0xCC, 0x20, 0x4A, 0xE0, 0x8F, 0x3F, 0x98, 0x3B,
    0xE1, 0x3F, 0x13, 0x98, 0x5E, 0xC6, 0x00, 0x07, 0x9F, 0xF2, 0x19, 0x18, 0x1C, 0xFE, 0x33, 0x91,
    0x4B, 0x7D, 0x04, 0x53, 0x8C, 0x20, 0x2A, 0xE0, 0x3F, 0xE3, 0x87, 0xF9, 0x20, 0x2B, 0x19, 0x36,
    0xBC, 0x67, 0x60, 0xB8, 0xB0, 0x1F, 0x28, 0x6E, 0x63, 0xF0, 0x1B, 0x68, 0xF1, 0x8F, 0xFF, 0xFF,
    0xFF, 0x73, 0x02, 0x95, 0xBD, 0x7E, 0x1F, 0xCD, 0xC0, 0x00, 0x00, 0x5E, 0xE5, 0x31, 0xD5, 0x78,
    0x9C, 0x63, 0x60, 0x60, 0x30, 0xE0, 0x62, 0x00, 0x81, 0xCF, 0xF5, 0x20, 0xD2, 0xE1, 0xBF, 0x0C,
    0x88, 0xFA, 0x34, 0x1F, 0x2C, 0xB6, 0x80, 0x8D, 0x01, 0x0E, 0x3E, 0xE5, 0x83, 0x64, 0x99, 0xC8,
    0xA5, 0x3E, 0x82, 0x29, 0x46, 0x10, 0x15, 0xF0, 0x9F, 0xF1, 0x03, 0xD0, 0xFC, 0x82, 0xFF, 0x0C,
    0x1B, 0xDE, 0x33, 0x30, 0x5C, 0xD8, 0x0F, 0x14, 0xB7, 0x31, 0xF8, 0xED, 0xCF, 0xC0, 0xF0, 0xE3,
    0xFF, 0xFF, 0xFF, 0x9C, 0x40, 0x65, 0xAF, 0xDF, 0x47, 0x33, 0x30, 0x00, 0x00, 0x5C, 0x4F, 0x31,
    0xD5, 0x78, 0x9C, 0x63, 0x60, 0xF8, 0xFC, 0x9F, 0x99, 0x81, 0x81, 0x41, 0xE0, 0xDF, 0x2F, 0x39,
    0x20, 0x75, 0x20, 0x3E, 0xE0, 0x3C, 0x90, 0x3A, 0xC8, 0xC2, 0x70, 0x84, 0x91, 0x01, 0x0A, 0x3E,
    0xE5, 0x33, 0x30, 0x38, 0xFC, 0x67, 0x22, 0x97, 0xFA, 0x08, 0xA6, 0x18, 0x41, 0x54, 0xC0, 0x7F,
    0xC6, 0x0F, 0xF3, 0x19, 0x18, 0x0A, 0xFE, 0x33, 0x6C, 0x78, 0xCF, 0xC0, 0x70, 0x61, 0x3F, 0x50,
    0xDC, 0xC6, 0xE0, 0xB7, 0x3F, 0x03, 0xC3, 0x8F, 0xFF, 0xFF, 0xFF, 0x73, 0x02, 0x95, 0xBD, 0x7E,
    0x1F, 0xCD, 0xC0, 0x00, 0x00, 0xB8, 0x6D, 0x34, 0x7A, 0x78, 0x9C, 0x63, 0xB8, 0xA8, 0xA7, 0x70,
    0x8F, 0x91, 0x81, 0xE1, 0x4B, 0x7D, 0xC1, 0x7F, 0x16, 0x06, 0x06, 0x28, 0x0F, 0x05, 0x7C, 0xCA,
    0x67, 0x60, 0x70, 0xF8, 0xCF, 0x44, 0x2E, 0xF5, 0x11, 0x4C, 0x31, 0x82, 0xA8, 0x80, 0xFF, 0x8C,
    0x1F, 0xE6, 0x33, 0x30, 0x14, 0xFC, 0x67, 0xD8, 0xF0, 0x9E, 0x81, 0xE1, 0xC2, 0x7E, 0xA0, 0xB8,
    0x8D, 0xC1, 0x6F, 0x7F, 0x06, 0x86, 0x1F, 0xFF, 0xFF, 0xFF, 0xE7, 0x04, 0x2A, 0x7B, 0xFD, 0x3E,
    0x9A, 0x81, 0x01, 0x00, 0x45, 0xEF, 0x33, 0x79, 0x78, 0x9C, 0x63, 0x60, 0x60, 0x60, 0x58, 0xCC,
    0x00, 0x06, 0x06, 0xFF, 0xD9, 0xC1, 0xF4, 0x97, 0xF3, 0x8C, 0x20, 0x4A, 0xE1, 0x3F, 0x27, 0x44,
    0x3C, 0x8B, 0x01, 0x09, 0x3C, 0xD8, 0x0F, 0x24, 0x16, 0xBC, 0x67, 0x48, 0xF8, 0xCF, 0xCC, 0xC0,
    0xF0, 0x29, 0x9F, 0x81, 0xE1, 0x2F, 0x37, 0x03, 0xC3, 0x4F, 0x5E, 0x06, 0x86, 0xAF, 0xF6, 0x0C,
    0x02, 0xFF, 0x59, 0x19, 0x18, 0x2E, 0xEC, 0x67, 0x98, 0x70, 0x1F, 0xA8, 0xC6, 0xE1, 0x3F, 0xD3,
    0x47, 0x7F, 0x90, 0x8E, 0x3F, 0x5C, 0x3F, 0x78, 0xC0, 0xC6, 0xDA, 0xFF, 0x67, 0x01, 0xD1, 0x1B,
    0xFE, 0xEF, 0x87, 0x5A, 0x67, 0x0F, 0x31, 0xF2, 0x0F, 0x0F, 0x09, 0x34, 0x00, 0x62, 0x84, 0x23,
    0x42, 0x78, 0x9C, 0xFB, 0xC5, 0xCB, 0x00, 0x04, 0xBF, 0x20, 0xE4, 0xFF, 0xFF, 0xE7, 0x2C, 0x41,
    0xEC, 0xA4, 0x7F, 0xEC, 0x20, 0x91, 0xCF, 0xF6, 0x20, 0xF2, 0xC2, 0x7C, 0x10, 0xB9, 0x61, 0x3F,
    0x88, 0x3C, 0x00, 0x26, 0x1F, 0xF4, 0x83, 0xC8, 0xAF, 0xF2, 0x40, 0xB2, 0xF0, 0x3F, 0x0B, 0x50,
    0xD7, 0x79, 0x09, 0x98, 0x09, 0x18, 0x24, 0x00, 0xCA, 0x3F, 0x21, 0x2E, 0x78, 0x9C, 0x63, 0x38,
    0xFA, 0x3F, 0x97, 0x81, 0x81, 0x61, 0xC1, 0x7E, 0xA1, 0x1F, 0x9C, 0x0C, 0x0C, 0x5F, 0xF9, 0x18,
    0x3E, 0xE8, 0x33, 0x30, 0xFC, 0xE6, 0x62, 0x78, 0x90, 0xCF, 0xC0, 0xF0, 0x8F, 0x83, 0xE1, 0x33,
    0x90, 0xFA, 0xCF, 0xC1, 0xF0, 0x47, 0x1F, 0x44, 0x25, 0xFC, 0xE7, 0x04, 0x51, 0x07, 0xDE, 0x33,
    0x82, 0xA8, 0x07, 0xFD, 0x0C, 0x20, 0x6A, 0x03, 0x84, 0x12, 0x00, 0x2A, 0x06, 0xA9, 0x9C, 0xF8,
    0x9E, 0x0D, 0x44, 0x31, 0x7C, 0xA9, 0x07, 0x53, 0x01, 0xFF, 0xC1, 0x94, 0xC1, 0x7F, 0x26, 0x10,
    0x95, 0x00, 0xE2, 0x6D, 0x10, 0xBD, 0x94, 0x0F, 0xA4, 0x36, 0xFF, 0x3B, 0xCF, 0xC2, 0x00, 0x00,
    0xB1, 0x80, 0x2C, 0x46, 0x78, 0x9C, 0x63, 0x60, 0x28, 0x63, 0x00, 0x82, 0x80, 0xFF, 0x2C, 0x40,
    0x52, 0xE0, 0xAF, 0x1C, 0x88, 0xF3, 0xE8, 0x3C, 0x88, 0x54, 0xF8, 0xC7, 0x0E, 0xA2, 0x36, 0x31,
    0x32, 0x20, 0x03, 0x85, 0x65, 0x6F, 0xFF, 0xD7, 0x32, 0x18, 0x9C, 0x17, 0x55, 0xF8, 0xCD, 0xC3,
    0xC0, 0xC4, 0xC0, 0x70, 0xA1, 0x1E, 0x24, 0x3A, 0xE1, 0x3E, 0x03, 0x43, 0xF1, 0xA9, 0x7F, 0xFF,
    0x19, 0xAE, 0xDE, 0xF7, 0x28, 0xFA, 0x9F, 0xF0, 0x9F, 0x8D, 0xA1, 0xE0, 0xFF, 0x83, 0xF9, 0x0C,
    0x40, 0xF2, 0x63, 0x3C, 0x88, 0x7C, 0x00, 0x54, 0xF5, 0xF8, 0x7F, 0xC0, 0x7B, 0x96, 0xA6, 0xDE,
    0xFF, 0x0C, 0x5B, 0xFE, 0xD5, 0x08, 0xFC, 0x07, 0x00, 0xEA, 0x49, 0x27, 0x9F, 0x78, 0x9C, 0x63,
    0x60, 0x60, 0x60, 0x48, 0x07, 0x62, 0x06, 0x87, 0xFF, 0xAC, 0x40, 0xF2, 0xE1, 0x7D, 0x46, 0x20,
    0xF9, 0x47, 0x0F, 0x48, 0x14, 0xBC, 0x67, 0x02, 0x92, 0x02, 0xDA, 0x0C, 0x28, 0x40, 0x61, 0xD9,
    0xDB, 0xFF, 0xB5, 0x0C, 0x06, 0xE7, 0x45, 0x15, 0x7E, 0xF3, 0x30, 0x00, 0x15, 0x5C, 0xA8, 0x07,
    0x89, 0x4E, 0xB8, 0xCF, 0xC0, 0x50, 0x7C, 0xEA, 0xDF, 0x7F, 0x86, 0xAB, 0xF7, 0x3D, 0x8A, 0xFE,
    0x27, 0xFC, 0x67, 0x63, 0x28, 0xF8, 0xFF, 0x60, 0x3E, 0xD0, 0x8C, 0xFF, 0x1F, 0xE3, 0x41, 0xE4,
    0x03, 0xA0, 0xAA, 0xC7, 0xFF, 0x03, 0xDE, 0xB3, 0x34, 0xF5, 0xFE, 0x67, 0xD8, 0xF2, 0xAF, 0x46,
    0xE0, 0x3F, 0x00, 0xCD, 0x15, 0x27, 0x54, 0x78, 0x9C, 0x63, 0x60, 0x58, 0xF0, 0x9F, 0x8B, 0x81,
    0x81, 0xE1, 0xE7, 0xDD, 0xF9, 0x0C, 0x0C, 0x05, 0xFB, 0x19, 0x7E, 0xB3, 0x33, 0x4C, 0xE0, 0x60,
    0x68, 0xE0, 0x64, 0x40, 0x02, 0x0A, 0xCB, 0xDE, 0xFE, 0xAF, 0x65, 0x30, 0x38, 0x2F, 0xAA, 0xF0,
    0x9B, 0x87, 0x81, 0x89, 0x81, 0xE1, 0x42, 0x3D, 0x48, 0x74, 0xC2, 0x7D, 0x06, 0x86, 0xE2, 0x53,
    0xFF, 0xFE, 0x33, 0x5C, 0xBD, 0xEF, 0x51, 0xF4, 0x3F, 0xE1, 0x3F, 0x1B, 0x43, 0xC1, 0xFF, 0x07,
    0x20, 0x43, 0xFE, 0x7F, 0x8C, 0x07, 0x91, 0x0F, 0x80, 0xAA, 0x1E, 0xFF, 0x0F, 0x78, 0xCF, 0xD2,
    0xD4, 0xFB, 0x9F, 0x61, 0xCB, 0xBF, 0x1A, 0x81, 0xFF, 0x00, 0x25, 0x89, 0x28, 0x92, 0x78, 0x9C,
    0x63, 0x60, 0x50, 0x64, 0x00, 0x82, 0x84, 0xFF, 0xDC, 0x06, 0xF1, 0x0C, 0x1F, 0xDE, 0x9F, 0x9F,
    0x68, 0xCF, 0xF0, 0x85, 0xFD, 0xD7, 0x7F, 0x3E, 0x86, 0x2B, 0xCC, 0x0D, 0xF7, 0x59, 0x18, 0x90,
    0x80, 0xC2, 0xB2, 0xB7, 0xFF, 0x6B, 0x19, 0x0C, 0xCE, 0x8B, 0x2A, 0xFC, 0xE6, 0x61, 0x60, 0x62,
    0x60, 0xB8, 0x50, 0x0F, 0x12, 0x9D, 0x70, 0x9F, 0x81, 0xA1, 0xF8, 0xD4, 0xBF, 0xFF, 0x0C, 0x57,
    0xEF, 0x7B, 0x14, 0xFD, 0x4F, 0xF8, 0xCF, 0xC6, 0x50, 0xF0, 0xFF, 0xC1, 0x7C, 0x06, 0x20, 0xF9,
    0x31, 0x1E, 0x44, 0x3E, 0x00, 0xAA, 0x7A, 0xFC, 0x3F, 0xE0, 0x3D, 0x4B, 0x53, 0xEF, 0x7F, 0x86,
    0x2D, 0xFF, 0x6A, 0x04, 0xFE, 0x03, 0x00, 0x68, 0xD2, 0x2B, 0xF6, 0x78, 0x9C, 0x63, 0x98, 0xD0,
    0xCF, 0xF0, 0x83, 0x93, 0xE1, 0xC3, 0x7F, 0x86, 0xFF, 0xFC, 0x0C, 0x10, 0x36, 0x06, 0x50, 0x58,
    0xF6, 0xF6, 0x7F, 0x2D, 0x83, 0xC1, 0x79, 0x51, 0x85, 0xDF, 0x3C, 0x0C, 0x4C, 0x0C, 0x0C, 0x17,
    0xEA, 0x41, 0xA2, 0x13, 0xEE, 0x33, 0x30, 0x14, 0x9F, 0xFA, 0xF7, 0x9F, 0xE1, 0xEA, 0x7D, 0x8F,
    0xA2, 0xFF, 0x09, 0xFF, 0xD9, 0x18, 0x0A, 0xFE, 0x3F, 0x98, 0xCF, 0x00, 0x24, 0x3F, 0xC6, 0x83,
    0xC8, 0x07, 0x40, 0x55, 0x8F, 0xFF, 0x07, 0xBC, 0x67, 0x69, 0xEA, 0xFD, 0xCF, 0xB0, 0xE5, 0x5F,
    0x8D, 0xC0, 0x7F, 0x00, 0x23, 0x7C, 0x28, 0x5F, 0x78, 0x9C, 0x63, 0x60, 0x58, 0xF8, 0x4E, 0x8A,
    0x81, 0x81, 0xE1, 0xA5, 0xD2, 0x3C, 0x20, 0xB9, 0x97, 0xE1, 0x36, 0x9C, 0x0D, 0x11, 0x47, 0x00,
    0x85, 0x65, 0x6F, 0xFF, 0xD7, 0x32, 0x18, 0x9C, 0x17, 0x55, 0xF8, 0xCD, 0xC3, 0xC0, 0xC4, 0xC0,
    0x70, 0xA1, 0x1E, 0x24, 0x3A, 0xE1, 0x3E, 0x03, 0x43, 0xF1, 0xA9, 0x7F, 0xFF, 0x19, 0xAE, 0xDE,
    0xF7, 0x28, 0xFA, 0x9F, 0xF0, 0x9F, 0x8D, 0xA1, 0xE0, 0xFF, 0x83, 0xF9, 0x0C, 0x40, 0xF2, 0x63,
    0x3C, 0x88, 0x7C, 0x00, 0x54, 0xF5, 0xF8, 0x7F, 0xC0, 0x7B, 0x96, 0xA6, 0xDE, 0xFF, 0x0C, 0x5B,
    0xFE, 0xD5, 0x08, 0xFC, 0x07, 0x00, 0x84, 0x99, 0x29, 0x5E, 0x78, 0x9C, 0x6B, 0x78, 0x73, 0x9F,
    0x6D, 0xC2, 0x3B, 0x29, 0x86, 0x09, 0x9A, 0x0D, 0xF1, 0x67, 0x14, 0xCF, 0x31, 0x00, 0xC1, 0x5F,
    0x7B, 0x86, 0x1F, 0x2C, 0x40, 0xFA, 0x27, 0x2F, 0xC3, 0x17, 0x2E, 0x20, 0xFD, 0x83, 0x8B, 0xE1,
    0x13, 0x0F, 0x43, 0xC2, 0xAD, 0xFF, 0x1C, 0x0C, 0x1F, 0xF9, 0x02, 0xFE, 0x59, 0xFC, 0xF8, 0xFF,
    0xFF, 0x3F, 0xEF, 0x27, 0x7F, 0x86, 0x6F, 0x1C, 0x20, 0x49, 0x1E, 0x86, 0x2F, 0xDC, 0x40, 0xFA,
    0x3B, 0x37, 0xC3, 0x17, 0x7D, 0x20, 0xFD, 0xC9, 0x3F, 0xC0, 0xF7, 0x9C, 0xF0, 0x14, 0x06, 0x87,
    0x3F, 0x7D, 0x0C, 0x0B, 0xFF, 0xED, 0x63, 0x06, 0x00, 0xD1, 0xD6, 0x24, 0x25, 0x78, 0x9C, 0x63,
    0x60, 0x58, 0xFA, 0xEF, 0x7D, 0x36, 0x03, 0xC3, 0xC1, 0xFD, 0xCC, 0x81, 0x7B, 0x19, 0x18, 0xFE,
    0x72, 0x32, 0x00, 0x41, 0xC3, 0x7B, 0x10, 0xC9, 0xF0, 0x60, 0x3D, 0x98, 0xFA, 0x50, 0x8F, 0x4C,
    0x41, 0x05, 0x27, 0x40, 0x94, 0x08, 0xFC, 0x03, 0x6A, 0x30, 0x60, 0x60, 0xB8, 0x04, 0xD4, 0xFE,
    0x97, 0x89, 0x81, 0x61, 0xDB, 0xBF, 0x7B, 0x59, 0x8C, 0x40, 0xF1, 0xCF, 0xAC, 0x60, 0xE9, 0x9F,
    0x60, 0x92, 0xE1, 0x9F, 0x0E, 0x98, 0x6A, 0x9C, 0x0F, 0xA6, 0x9A, 0xC0, 0x06, 0x6D, 0xD8, 0x07,
    0x54, 0x02, 0x00, 0x08, 0x74, 0x1D, 0x56, 0x78, 0x9C, 0x63, 0x60, 0x88, 0x60, 0x00, 0x81, 0x82,
    0xFF, 0x4C, 0x20, 0x4A, 0xE1, 0x1F, 0x2F, 0x98, 0xFB, 0x79, 0x3D, 0x98, 0x32, 0xF8, 0xCF, 0x0A,
    0xA6, 0x37, 0x33, 0x60, 0x00, 0x81, 0x1B, 0xFF, 0x6B, 0x80, 0xD4, 0xD7, 0x7C, 0xC1, 0x1F, 0xB2,
    0x0C, 0x0E, 0x40, 0x75, 0x13, 0xD6, 0x33, 0x5C, 0x38, 0x0F, 0x34, 0xE1, 0x3F, 0xD3, 0xA7, 0x7A,
    0xA0, 0xC4, 0x3F, 0xB6, 0xAF, 0xF6, 0x40, 0xEA, 0x0F, 0xFB, 0xD7, 0xFF, 0x20, 0xC0, 0xFE, 0x49,
    0x1F, 0xAC, 0xED, 0x42, 0x3D, 0x98, 0x72, 0x78, 0x0F, 0xB6, 0x8E, 0xE1, 0x6B, 0x1D, 0x53, 0x20,
    0xD0, 0x18, 0x81, 0x13, 0xFF, 0xEF, 0x45, 0x31, 0x00, 0x00, 0x36, 0x28, 0x24, 0x43, 0x78, 0x9C,
    0x63, 0x60, 0x60, 0x60, 0xF0, 0x64, 0x00, 0x81, 0x80, 0xFF, 0xCC, 0x20, 0xEA, 0xD3, 0x79, 0x30,
    0xEF, 0xAF, 0x2C, 0x88, 0x9C, 0x70, 0x9F, 0x11, 0x44, 0x29, 0x48, 0x33, 0x60, 0x00, 0x81, 0x1B,
    0xFF, 0x6B, 0x80, 0xD4, 0xD7, 0x7C, 0xC1, 0x1F, 0xB2, 0x0C, 0x0E, 0xFF, 0x59, 0x19, 0x26, 0xAC,
    0x67, 0xB8, 0x00, 0xD4, 0xAB, 0xF0, 0x9F, 0xE9, 0x53, 0x3D, 0x50, 0xE2, 0x1F, 0xDB, 0x57, 0x7B,
    0x20, 0xF5, 0x87, 0xFD, 0xEB, 0x7F, 0x10, 0x60, 0xFF, 0xA4, 0x0F, 0xD6, 0x76, 0xA1, 0x1E, 0x4C,
    0x39, 0xBC, 0x67, 0x02, 0xD3, 0x5F, 0xEB, 0x98, 0x02, 0x81, 0xC6, 0x08, 0x9C, 0xF8, 0x7F, 0x2F,
    0x8A, 0x01, 0x00, 0x0C, 0x73, 0x23, 0xE7, 0x78, 0x9C, 0x63, 0x60, 0x38, 0xF0, 0x9F, 0x93, 0x01,
    0x08, 0x7E, 0xBF, 0xA9, 0x07, 0x92, 0x13, 0xE6, 0x0B, 0xFC, 0x61, 0x65, 0x60, 0xD8, 0xC0, 0xCE,
    0xB0, 0x80, 0x9D, 0x01, 0x0D, 0x08, 0xDC, 0xF8, 0x5F, 0x03, 0xA4, 0xBE, 0xE6, 0x0B, 0xFE, 0x90,
    0x65, 0x70, 0xF8, 0xCF, 0xCA, 0x30, 0x61, 0x3D, 0xC3, 0x85, 0xF3, 0x0C, 0x0C, 0x0A, 0xFF, 0x99,
    0x3E, 0x81, 0xF4, 0xFE, 0x63, 0xFB, 0x6A, 0x0F, 0xA4, 0xFE, 0xB0, 0x7F, 0xFD, 0x0F, 0x02, 0xEC,
    0x9F, 0xF4, 0xC1, 0xDA, 0x2E, 0xD4, 0x83, 0x29, 0x87, 0xF7, 0x4C, 0x60, 0xFA, 0x6B, 0x1D, 0x53,
    0x20, 0xD0, 0x18, 0x81, 0x13, 0xFF, 0xEF, 0x45, 0x31, 0x00, 0x00, 0xA4, 0x2F, 0x25, 0x92, 0x78,
    0x9C, 0x63, 0xD8, 0x50, 0xCF, 0xF0, 0x8B, 0x9D, 0x81, 0xE1, 0xD3, 0x7D, 0x81, 0xFF, 0x7C, 0x0C,
    0x0C, 0x50, 0x1E, 0x56, 0x20, 0x70, 0xE3, 0x7F, 0x0D, 0x90, 0xFA, 0x9A, 0x2F, 0xF8, 0x43, 0x96,
    0xC1, 0xE1, 0x3F, 0x2B, 0xC3, 0x84, 0xF5, 0x0C, 0x17, 0xCE, 0x33, 0x30, 0x28, 0xFC, 0x67, 0xFA,
    0x54, 0x0F, 0x94, 0xF8, 0xC7, 0xF6, 0xD5, 0x1E, 0x48, 0xFD, 0x61, 0xFF, 0xFA, 0x1F, 0x04, 0xD8,
    0x3F, 0xE9, 0x83, 0xB5, 0x5D, 0xA8, 0x07, 0x53, 0x0E, 0xEF, 0x99, 0xC0, 0xF4, 0xD7, 0x3A, 0xA6,
    0x40, 0xA0, 0x31, 0x02, 0x27, 0xFE, 0xDF, 0x8B, 0x62, 0x00, 0x00, 0x82, 0x34, 0x25, 0x14, 0x78,
    0x9C, 0x63, 0x60, 0xD0, 0x62, 0x60, 0x60, 0x58, 0x70, 0x1F, 0x48, 0x04, 0xFC, 0xE7, 0x02, 0x92,
    0x5F, 0xEB, 0x81, 0x44, 0xC2, 0x7F, 0x26, 0x20, 0x39, 0x8D, 0x01, 0x01, 0xFE, 0xFE, 0xFF, 0x0F,
    0x12, 0x0B, 0x20, 0x87, 0x00, 0x00, 0x93, 0x8E, 0x18, 0xE5, 0x78, 0x9C, 0x63, 0x60, 0x60, 0x60,
    0xD0, 0x02, 0x62, 0x86, 0x09, 0xEF, 0x19, 0x81, 0xE4, 0xD7, 0xF5, 0x40, 0x42, 0xE1, 0x3F, 0x17,
    0x90, 0x3C, 0xB0, 0x1F, 0x24, 0xEC, 0x00, 0x62, 0x22, 0x81, 0xBF, 0xFF, 0xFF, 0xFF, 0x67, 0x02,
    0xD2, 0x01, 0x14, 0x92, 0x00, 0x77, 0x3C, 0x18, 0xB8, 0x78, 0x9C, 0x63, 0x60, 0x78, 0xF4, 0x9F,
    0x95, 0x81, 0x41, 0xE0, 0xEF, 0x6F, 0x7F, 0x06, 0x86, 0x03, 0xF5, 0x06, 0xFF, 0x98, 0x19, 0x0E,
    0xB2, 0x80, 0x10, 0x12, 0xF8, 0xFB, 0xFF, 0xFF, 0x7F, 0x26, 0x20, 0x1D, 0x40, 0x21, 0x09, 0x00,
    0x15, 0xCD, 0x1A, 0xAF, 0x78, 0x9C, 0x63, 0xB8, 0xE8, 0x27, 0xF0, 0x86, 0x85, 0xE1, 0xEB, 0xFA,
    0x80, 0xFF, 0x5C, 0x0C, 0x10, 0x36, 0x06, 0xF8, 0xFB, 0xFF, 0xFF, 0x7F, 0x26, 0x20, 0x1D, 0x40,
    0x21, 0x09, 0x00, 0xCA, 0x19, 0x19, 0xB3, 0x78, 0x9C, 0x63, 0x08, 0xF0, 0x61, 0x60, 0x50, 0x63,
    0x60, 0xD8, 0xF0, 0x5F, 0xFB, 0xDA, 0x7C, 0x06, 0x06, 0x86, 0x2B, 0xFF, 0xEF, 0xB3, 0x02, 0xA9,
    0xE7, 0xFF, 0xE3, 0x81, 0xE4, 0xE3, 0xF3, 0xA5, 0xFF, 0x59, 0x80, 0x72, 0x2C, 0x0C, 0x3F, 0x79,
    0x19, 0x40, 0xE0, 0x41, 0x3D, 0x03, 0x43, 0xC1, 0x9F, 0xF3, 0x6D, 0xF7, 0x19, 0x04, 0xFE, 0x6A,
    0x28, 0x1C, 0xFF, 0xCF, 0x74, 0xA0, 0x9F, 0x81, 0x41, 0xE1, 0x3F, 0xEB, 0x67, 0x79, 0xA0, 0xE4,
    0x5F, 0xB6, 0xEF, 0x20, 0x55, 0x7F, 0xD9, 0x7F, 0x70, 0x03, 0xA9, 0x7F, 0x6C, 0xDF, 0x79, 0x18,
    0x18, 0x04, 0xFE, 0x33, 0x7F, 0xD2, 0x67, 0x60, 0x48, 0x78, 0xCF, 0x30, 0x61, 0x3D, 0x03, 0xC3,
    0x05, 0xA0, 0xA1, 0xBF, 0xB4, 0x15, 0x7E, 0xB3, 0x33, 0x30, 0x04, 0xBC, 0x7E, 0x6F, 0xC5, 0xC0,
    0x00, 0x00, 0x83, 0xFF, 0x2A, 0x43, 0x78, 0x9C, 0x63, 0x10, 0x60, 0x62, 0x00, 0x82, 0xEF, 0xEB,
    0x19, 0xBE, 0xB2, 0x08, 0xFC, 0xFF, 0x27, 0xFD, 0x8B, 0x29, 0x20, 0x7F, 0xC3, 0xFF, 0xFB, 0x0C,
    0x01, 0xB2, 0x0C, 0x3F, 0x6D, 0x19, 0x90, 0xC1, 0x1F, 0x96, 0xAD, 0xFF, 0x62, 0x18, 0xFE, 0x2C,
    0xFB, 0xFF, 0xFF, 0x3F, 0xEB, 0x9F, 0xFD, 0x2C, 0x01, 0xFF, 0x79, 0xFF, 0x70, 0x33, 0x30, 0xFC,
    0x90, 0xFF, 0xC3, 0xC5, 0xC0, 0xF0, 0x55, 0x1F, 0x44, 0x7E, 0x21, 0x8A, 0x04, 0x00, 0xE8, 0x71,
    0x28, 0xFB, 0x78, 0x9C, 0x63, 0x10, 0x90, 0x66, 0x00, 0x81, 0x03, 0xFB, 0xC1, 0x54, 0xC1, 0x7F,
    0x0E, 0x30, 0xFD, 0xC3, 0x1F, 0x4C, 0x35, 0xBC, 0x07, 0x53, 0x0C, 0x19, 0x0C, 0x18, 0xC0, 0xE1,
    0xD5, 0x7B, 0x2F, 0x20, 0xF5, 0x53, 0x5B, 0xE1, 0x37, 0x27, 0x43, 0xC3, 0x7D, 0x06, 0x86, 0x0B,
    0xFD, 0x0C, 0x1F, 0xF3, 0x19, 0x18, 0x12, 0xFE, 0x33, 0x7E, 0xD3, 0x67, 0x60, 0x50, 0xF8, 0xCF,
    0xF6, 0x83, 0x1F, 0x28, 0xFF, 0x9F, 0x03, 0x4A, 0x41, 0x05, 0xA1, 0x4A, 0xA0, 0x1A, 0xA0, 0xDA,
    0xA1, 0x86, 0x01, 0x00, 0xCC, 0xC8, 0x23, 0x42, 0x78, 0x9C, 0x63, 0x60, 0x60, 0x10, 0x90, 0x66,
    0x00, 0x81, 0x0D, 0xE7, 0xC1, 0xD4, 0x8F, 0x7A, 0x10, 0xE9, 0xF0, 0x9F, 0x03, 0x44, 0x3D, 0xE8,
    0x07, 0x8B, 0x25, 0x80, 0x39, 0xA8, 0xC0, 0xE1, 0xD5, 0x7B, 0x2F, 0x20, 0xF5, 0x53, 0x5B, 0xE1,
    0x37, 0x27, 0x43, 0xC3, 0x7D, 0x06, 0x86, 0x0B, 0xFD, 0x0C, 0x1F, 0xF3, 0x81, 0x6A, 0xFF, 0x33,
    0x7E, 0xD3, 0x67, 0x60, 0x50, 0xF8, 0xCF, 0xF6, 0x83, 0x1F, 0x28, 0xFF, 0x9F, 0x03, 0x4A, 0x41,
    0x05, 0xA1, 0x4A, 0xA0, 0x1A, 0xA0, 0xDA, 0xA1, 0x86, 0x01, 0x00, 0xC7, 0x06, 0x23, 0x42, 0x78,
    0x9C, 0x63, 0x60, 0xF8, 0xFC, 0x9F, 0x99, 0x81, 0x81, 0x41, 0xE1, 0xDF, 0x6F, 0x3D, 0x20, 0xF5,
    0x30, 0x3E, 0xE0, 0x3D, 0x23, 0x03, 0xC3, 0x61, 0x26, 0x86, 0x43, 0x20, 0x51, 0x14, 0xE0, 0xF0,
    0xEA, 0xBD, 0x17, 0x90, 0xFA, 0xA9, 0xAD, 0xF0, 0x9B, 0x93, 0xA1, 0xE1, 0x3E, 0x03, 0xC3, 0x85,
    0x7E, 0x86, 0x8F, 0xF9, 0x0C, 0x0C, 0x09, 0xFF, 0x19, 0xBF, 0xE9, 0x03, 0x4D, 0xF8, 0xCF, 0xF6,
    0x83, 0x1F, 0x28, 0xFF, 0x9F, 0x03, 0x4A, 0x41, 0x05, 0xA1, 0x4A, 0xA0, 0x1A, 0xA0, 0xDA, 0xA1,
    0x86, 0x01, 0x00, 0x89, 0xBA, 0x25, 0x49, 0x78, 0x9C, 0x63, 0x60, 0x60, 0x62, 0x00, 0x81, 0x8B,
    0xFF, 0x59, 0x36, 0xF0, 0x32, 0x30, 0x7C, 0xFF, 0x17, 0xFF, 0x89, 0x9B, 0x81, 0xE1, 0x8D, 0xC1,
    0xBF, 0xFF, 0x6C, 0x0C, 0x0C, 0xB3, 0x19, 0x0E, 0xAD, 0x67, 0x40, 0x07, 0x0E, 0xAF, 0xDE, 0x7B,
    0x01, 0xA9, 0x9F, 0xDA, 0x0A, 0xBF, 0x39, 0x19, 0x1A, 0xEE, 0x33, 0x30, 0x5C, 0xE8, 0x67, 0xF8,
    0x98, 0xCF, 0xC0, 0x90, 0xF0, 0x9F, 0xF1, 0x9B, 0x3E, 0x03, 0x83, 0xC2, 0x7F, 0xB6, 0x1F, 0xFC,
    0x40, 0xF9, 0xFF, 0x1C, 0x50, 0x0A, 0x2A, 0x08, 0x55, 0x02, 0xD5, 0x00, 0xD5, 0x0E, 0x35, 0x0C,
    0x00, 0xC7, 0x20, 0x28, 0x12, 0x78, 0x9C, 0x63, 0x78, 0xA4, 0xAB, 0xF0, 0x96, 0x89, 0x81, 0xE1,
    0x47, 0x7D, 0xC1, 0x7F, 0x0E, 0x06, 0x06, 0x28, 0x0F, 0x2B, 0x70, 0x78, 0xF5, 0xDE, 0x0B, 0x48,
    0xFD, 0xD4, 0x56, 0xF8, 0xCD, 0xC9, 0xD0, 0x70, 0x9F, 0x81, 0xE1, 0x42, 0x3F, 0xC3, 0xC7, 0x7C,
    0x06, 0x86, 0x84, 0xFF, 0x8C, 0xDF, 0xF4, 0x19, 0x18, 0x14, 0xFE, 0xB3, 0xFD, 0xE0, 0x07, 0xCA,
    0xFF, 0xE7, 0x80, 0x52, 0x50, 0x41, 0xA8, 0x12, 0xA8, 0x06, 0xA8, 0x76, 0xA8, 0x61, 0x00, 0x21,
    0xD3, 0x24, 0x2D, 0x78, 0x9C, 0x63, 0x60, 0xF8, 0xC9, 0xC9, 0x00, 0x04, 0xFF, 0xF9, 0x41, 0x24,
    0x84, 0x8D, 0x00, 0xFF, 0x41, 0x80, 0x1F, 0x55, 0x0C, 0x5D, 0x3D, 0x00, 0x7B, 0xFE, 0x0B, 0x2F,
    0x78, 0x9C, 0x63, 0x60, 0x00, 0x02, 0x03, 0x06, 0x06, 0x87, 0x57, 0xF7, 0xAD, 0x7E, 0x32, 0x33,
    0xFC, 0xD4, 0x0E, 0xF8, 0xBF, 0x9E, 0xA1, 0xE0, 0x3E, 0x03, 0xC3, 0xCF, 0x7E, 0x86, 0x8F, 0xF1,
    0x0C, 0x01, 0xFF, 0xFF, 0x33, 0x7E, 0xD3, 0x67, 0xF8, 0xEC, 0xFB, 0x9F, 0xED, 0x07, 0xBF, 0xC2,
    0x7B, 0xA6, 0xFF, 0x1C, 0x3F, 0xF8, 0x1F, 0xE9, 0x31, 0xFC, 0xE7, 0xF8, 0xE6, 0xFF, 0x97, 0x59,
    0xE1, 0x3F, 0xDB, 0xC7, 0xFF, 0xFE, 0x40, 0x35, 0x8C, 0x0D, 0xFF, 0x39, 0x19, 0x2E, 0xF4, 0x33,
    0x2C, 0xF8, 0x1F, 0xAF, 0xF0, 0x9B, 0x93, 0xE1, 0xB3, 0xE5, 0xAD, 0xF7, 0x5E, 0x60, 0x53, 0x41,
    0x00, 0x00, 0xA3, 0x0D, 0x27, 0x20, 0x78, 0x9C, 0x63, 0x10, 0xE0, 0x66, 0x00, 0x82, 0x0B, 0xEB,
    0x41, 0xE4, 0x84, 0xFF, 0x6C, 0x20, 0xEA, 0xA7, 0x3D, 0x88, 0x5C, 0x70, 0x1F, 0x44, 0x32, 0x44,
    0x31, 0xA0, 0x80, 0x4F, 0xFE, 0x0C, 0x0C, 0x1B, 0xCE, 0x13, 0x45, 0xC6, 0x83, 0xC8, 0x8F, 0xFD,
    0x0C, 0x0C, 0x07, 0xCE, 0x5F, 0xF8, 0xCF, 0xEA, 0xF0, 0xFB, 0x7C, 0xC0, 0xFF, 0xFF, 0xFF, 0xB3,
    0xCE, 0x33, 0x1C, 0xFD, 0x1F, 0x13, 0x70, 0x1E, 0x00, 0x5F, 0x96, 0x2B, 0x03, 0x78, 0x9C, 0x63,
    0x60, 0x60, 0x50, 0xE0, 0x66, 0x00, 0x82, 0x03, 0xFB, 0x41, 0xE4, 0xCF, 0x7C, 0x20, 0x91, 0xF0,
    0x9F, 0x0D, 0x48, 0x7E, 0xAC, 0x07, 0x09, 0x14, 0xB0, 0x33, 0xA0, 0x80, 0x4F, 0xFE, 0x0C, 0x0C,
    0x1B, 0xCE, 0x13, 0x45, 0xC6, 0x83, 0xC8, 0x8F, 0xFD, 0x40, 0xA3, 0xCF, 0x5F, 0xF8, 0xCF, 0xEA,
    0xF0, 0xFB, 0x7C, 0xC0, 0xFF, 0xFF, 0xFF, 0xB3, 0xCE, 0x33, 0x1C, 0xFD, 0x1F, 0x13, 0x70, 0x1E,
    0x00, 0x64, 0x90, 0x2B, 0x21, 0x78, 0x9C, 0x63, 0x60, 0xF8, 0xF2, 0x9E, 0x89, 0x81, 0xC1, 0xE0,
    0xFF, 0x6F, 0x39, 0x06, 0x86, 0x47, 0x7E, 0x09, 0xF7, 0x19, 0x19, 0x8E, 0x30, 0x31, 0x1C, 0x06,
    0x0A, 0x21, 0xC0, 0x27, 0x7F, 0x06, 0x86, 0x0D, 0xE7, 0x89, 0x22, 0xE3, 0x41, 0xE4, 0xC7, 0x7E,
    0x06, 0x86, 0x03, 0xE7, 0x2F, 0xFC, 0x67, 0x75, 0xF8, 0x7D, 0x3E, 0xE0, 0xFF, 0xFF, 0xFF, 0x59,
    0xE7, 0x19, 0x8E, 0xFE, 0x8F, 0x09, 0x38, 0x0F, 0x00, 0xF4, 0x4B, 0x2C, 0xEB, 0x78, 0x9C, 0x63,
    0x78, 0x2C, 0x6B, 0x70, 0x8F, 0x91, 0xE1, 0x67, 0xFE, 0x84, 0xFF, 0x6C, 0x0C, 0x10, 0x36, 0x06,
    0xF8, 0xE4, 0xCF, 0xC0, 0xB0, 0xE1, 0x3C, 0x51, 0x64, 0x3C, 0x88, 0xFC, 0xD8, 0xCF, 0xC0, 0x70,
    0xE0, 0xFC, 0x85, 0xFF, 0xAC, 0x0E, 0xBF, 0xCF, 0x07, 0xFC, 0xFF, 0xFF, 0x3F, 0xEB, 0x3C, 0xC3,
    0xD1, 0xFF, 0x31, 0x01, 0xE7, 0x01, 0xA1, 0x3F, 0x2B, 0xDE, 0x78, 0x9C, 0x63, 0x60, 0x60, 0x60,
    0xD0, 0x66, 0x00, 0x81, 0x09, 0xF7, 0x19, 0x41, 0xD4, 0xB7, 0xF9, 0x20, 0xD2, 0xE0, 0x3F, 0x17,
    0x88, 0xBA, 0xB0, 0x1E, 0x2C, 0xE5, 0x00, 0xE6, 0xA0, 0x80, 0x5F, 0x3C, 0x20, 0x82, 0xFB, 0x93,
    0x3F, 0x03, 0x83, 0xC0, 0x7F, 0x96, 0x0D, 0xFB, 0x19, 0x18, 0x12, 0xEE, 0x03, 0x75, 0x31, 0x31,
    0x1C, 0xA8, 0x67, 0x60, 0xF8, 0xCD, 0xC9, 0xF0, 0x59, 0x9E, 0x81, 0xE1, 0x0B, 0x3F, 0xC3, 0x4F,
    0xA0, 0x4E, 0xA0, 0xC8, 0x3F, 0x66, 0x06, 0x86, 0x80, 0xFB, 0x01, 0xF7, 0x41, 0x3A, 0xFF, 0x2E,
    0xC9, 0x07, 0x51, 0x5F, 0x7F, 0xF3, 0x83, 0x6D, 0xF8, 0xCF, 0x09, 0xA2, 0x0A, 0x80, 0x3A, 0x81,
    0xA0, 0xE1, 0x3C, 0xD8, 0xF0, 0x0B, 0xFE, 0x60, 0xEA, 0x1B, 0xC8, 0x0E, 0x81, 0x00, 0xB0, 0xBB,
    0x3E, 0xBE, 0xE7, 0x00, 0x09, 0x01, 0x00, 0x34, 0x09, 0x26, 0x5A, 0x78, 0x9C, 0xFB, 0xC3, 0xC5,
    0x00, 0x04, 0x7F, 0xF0, 0x93, 0x92, 0x37, 0xDE, 0x6B, 0x31, 0xFC, 0x79, 0xF3, 0xFF, 0xFF, 0x7F,
    0xE6, 0x3F, 0xB9, 0x4C, 0x85, 0xFF, 0x79, 0x41, 0xE2, 0x3F, 0xFD, 0x41, 0xE4, 0xE7, 0x7A, 0x10,
    0xF9, 0x61, 0x3E, 0x98, 0xEC, 0x07, 0x93, 0xF9, 0x20, 0xF2, 0x8B, 0xFC, 0x1F, 0x1E, 0xA0, 0x4E,
    0x8E, 0x3F, 0x7B, 0x99, 0x37, 0xED, 0x67, 0xF8, 0xA3, 0xF9, 0xEA, 0x3C, 0x1B, 0x01, 0x5B, 0x00,
    0x4C, 0xD0, 0x2C, 0x94, 0x78, 0x9C, 0x63, 0xB8, 0x68, 0x27, 0xF0, 0x96, 0x85, 0x81, 0xE1, 0xDB,
    0xFC, 0x80, 0xFF, 0x5C, 0x0C, 0x0C, 0x50, 0x1E, 0x36, 0xF0, 0x8B, 0x07, 0x44, 0x70, 0x7F, 0xF2,
    0x67, 0x60, 0x10, 0xF8, 0xCF, 0xB2, 0x61, 0x3F, 0x03, 0x43, 0xC2, 0x7D, 0x06, 0x83, 0xFF, 0x4C,
    0x0C, 0x07, 0xEA, 0x19, 0x18, 0x7E, 0x73, 0x32, 0x7C, 0x96, 0x67, 0x60, 0xF8, 0xC2, 0xCF, 0xF0,
    0x13, 0x68, 0x0A, 0x50, 0xE4, 0x1F, 0x33, 0x03, 0x43, 0xC0, 0xFD, 0x80, 0xFB, 0x20, 0x9D, 0x7F,
    0x97, 0xE4, 0x83, 0xA8, 0xAF, 0xBF, 0xF9, 0x41, 0xD4, 0x85, 0xFF, 0x9C, 0x20, 0xAA, 0x00, 0xA8,
    0x13, 0x08, 0x1A, 0xCE, 0x83, 0x0D, 0xBF, 0xE0, 0x0F, 0xA6, 0xBE, 0x81, 0xEC, 0x10, 0x08, 0xB8,
    0xCF, 0x08, 0xA4, 0x3E, 0xBE, 0xE7, 0x00, 0x09, 0x01, 0x00, 0xA5, 0x4D, 0x27, 0x36,
};
const GFXglyph UiBodyGlyphs[] PROGMEM = {
    { 0, 0, 15, 0, 0, 8, 0 }, // U+0020
    { 5, 16, 15, 5, 16, 45, 8 }, // !
    { 11, 9, 15, 2, 17, 51, 53 }, // "
    { 12, 16, 15, 2, 16, 105, 104 }, // #
    { 11, 21, 15, 2, 18, 90, 209 }, // $
    { 15, 16, 15, 0, 16, 118, 299 }, // %
    { 15, 16, 15, 0, 16, 121, 417 }, // &
    { 5, 9, 15, 5, 17, 31, 538 }, // '
    { 7, 23, 15, 5, 18, 79, 569 }, // (
    { 7, 23, 15, 3, 18, 76, 648 }, // )
    { 13, 11, 15, 1, 14, 69, 724 }, // *
    { 11, 11, 15, 2, 14, 27, 793 }, // +
    { 7, 10, 15, 4, 4, 46, 820 }, // ,
    { 11, 1, 15, 2, 9, 12, 866 }, // -
    { 5, 5, 15, 5, 5, 22, 878 }, // .
    { 11, 22, 15, 2, 18, 95, 900 }, // /
    { 13, 16, 15, 1, 16, 100, 995 }, // 0
    { 12, 16, 15, 2, 16, 33, 1095 }, // 1
    { 13, 16, 15, 1, 16, 89, 1128 }, // 2
    { 13, 16, 15, 1, 16, 91, 1217 }, // 3
    { 14, 16, 15, 0, 16, 66, 1308 }, // 4
    { 13, 16, 15, 1, 16, 90, 1374 }, // 5
    { 13, 16, 15, 1, 16, 107, 1464 }, // 6
    { 13, 16, 15, 1, 16, 71, 1571 }, // 7
    { 13, 16, 15, 1, 16, 121, 1642 }, // 8
    { 13, 16, 15, 1, 16, 109, 1763 }, // 9
    { 5, 14, 15, 5, 14, 28, 1872 }, // :
    { 7, 20, 15, 4, 14, 65, 1900 }, // ;
    { 11, 13, 15, 2, 15, 58, 1965 }, // <
    { 11, 7, 15, 2, 12, 18, 2023 }, // =
    { 11, 13, 15, 2, 15, 52, 2041 }, // >
    { 11, 16, 15, 2, 16, 69, 2093 }, // ?
    { 13, 19, 15, 1, 16, 125, 2162 }, // @
    { 15, 16, 15, 0, 16, 104, 2287 }, // A
    { 12, 16, 15, 2, 16, 77, 2391 }, // B
    { 13, 16, 15, 1, 16, 82, 2468 }, // C
    { 12, 16, 15, 2, 16, 70, 2550 }, // D
    { 12, 16, 15, 2, 16, 31, 2620 }, // E
    { 11, 16, 15, 3, 16, 29, 2651 }, // F
    { 13, 16, 15, 1, 16, 94, 2680 }, // G
    { 13, 16, 15, 1, 16, 25, 2774 }, // H
    { 11, 16, 15, 2, 16, 25, 2799 }, // I
    { 12, 16, 15, 1, 16, 49, 2824 }, // J
    { 13, 16, 15, 2, 16, 90, 2873 }, // K
    { 11, 16, 15, 3, 16, 21, 2963 }, // L
    { 13, 16, 15, 1, 16, 84, 2984 }, // M
    { 13, 16, 15, 1, 16, 73, 3068 }, // N
    { 13, 16, 15, 1, 16, 87, 3141 }, // O
    { 12, 16, 15, 2, 16, 58, 3228 }, // P
    { 14, 20, 15, 1, 16, 124, 3286 }, // Q
    { 13, 16, 15, 2, 16, 81, 3410 }, // R
    { 13, 16, 15, 1, 16, 102, 3491 }, // S
    { 15, 16, 15, 0, 16, 23, 3593 }, // T
    { 13, 16, 15, 1, 16, 61, 3616 }, // U
    { 15, 16, 15, 0, 16, 114, 3677 }, // V
    { 15, 16, 15, 0, 16, 132, 3791 }, // W
    { 13, 16, 15, 1, 16, 106, 3923 }, // X
    { 15, 16, 15, 0, 16, 85, 4029 }, // Y
    { 13, 16, 15, 1, 16, 74, 4114 }, // Z
    { 8, 22, 15, 5, 18, 20, 4188 }, // [
    { 11, 22, 15, 2, 18, 90, 4208 }, // U+005C
    { 8, 22, 15, 2, 18, 20, 4298 }, // ]
    { 11, 10, 15, 2, 16, 66, 4318 }, // ^
    { 13, 1, 15, 1, -3, 12, 4384 }, // _
    { 7, 6, 15, 3, 20, 32, 4396 }, // `
    { 12, 12, 15, 1, 12, 77, 4428 }, // a
    { 12, 18, 15, 2, 18, 73, 4505 }, // b
    { 13, 12, 15, 1, 12, 65, 4578 }, // c
    { 12, 18, 15, 1, 18, 73, 4643 }, // d
    { 13, 12, 15, 1, 12, 79, 4716 }, // e
    { 13, 18, 15, 2, 18, 49, 4795 }, // f
    { 14, 17, 15, 1, 12, 119, 4844 }, // g
    { 12, 18, 15, 2, 18, 49, 4963 }, // h
    { 9, 18, 15, 2, 18, 33, 5012 }, // i
    { 10, 23, 15, 1, 18, 55, 5045 }, // j
    { 13, 18, 15, 2, 18, 72, 5100 }, // k
    { 13, 18, 15, 1, 18, 34, 5172 }, // l
    { 14, 12, 15, 1, 12, 40, 5206 }, // m
    { 12, 12, 15, 2, 12, 44, 5246 }, // n
    { 13, 12, 15, 1, 12, 63, 5290 }, // o
    { 12, 17, 15, 2, 12, 74, 5353 }, // p
    { 12, 17, 15, 1, 12, 72, 5427 }, // q
    { 11, 12, 15, 3, 12, 41, 5499 }, // r
    { 13, 12, 15, 1, 12, 83, 5540 }, // s
    { 13, 16, 15, 1, 16, 56, 5623 }, // t
    { 12, 12, 15, 1, 12, 46, 5679 }, // u
    { 13, 12, 15, 1, 12, 87, 5725 }, // v
    { 15, 12, 15, 0, 12, 107, 5812 }, // w
    { 13, 12, 15, 1, 12, 84, 5919 }, // x
    { 13, 17, 15, 1, 12, 105, 6003 }, // y
    { 13, 12, 15, 1, 12, 64, 6108 }, // z
    { 11, 22, 15, 2, 18, 69, 6172 }, // {
    { 3, 25, 15, 6, 19, 13, 6241 }, // |
    { 11, 22, 15, 2, 18, 74, 6254 }, // }
    { 13, 5, 15, 1, 11, 34, 6328 }, // ~
    { 0, 0, 15, 0, 0, 8, 6362 }, // U+00A0
    { 5, 17, 15, 5, 12, 44, 6370 }, // U+00A1
    { 11, 17, 15, 2, 17, 68, 6414 }, // U+00A2
    { 13, 16, 15, 1, 16, 78, 6482 }, // U+00A3
    { 13, 13, 15, 1, 15, 76, 6560 }, // U+00A4
    { 13, 16, 15, 1, 16, 87, 6636 }, // U+00A5
    { 3, 25, 15, 6, 19, 19, 6723 }, // U+00A6
    { 11, 18, 15, 2, 17, 110, 6742 }, // U+00A7
    { 9, 3, 15, 3, 18, 21, 6852 }, // U+00A8
    { 15, 16, 15, 0, 16, 106, 6873 }, // U+00A9
    { 9, 9, 15, 3, 18, 52, 6979 }, // U+00AA
    { 12, 10, 15, 1, 11, 50, 7031 }, // U+00AB
    { 11, 6, 15, 2, 9, 20, 7081 }, // U+00AC
    { 11, 1, 15, 2, 9, 12, 7101 }, // U+00AD
    { 11, 10, 15, 2, 18, 62, 7113 }, // U+00AE
    { 7, 2, 15, 4, 17, 15, 7175 }, // U+00AF
    { 7, 6, 15, 4, 17, 31, 7190 }, // U+00B0
    { 11, 14, 15, 2, 14, 27, 7221 }, // U+00B1
    { 9, 9, 15, 3, 19, 50, 7248 }, // U+00B2
    { 9, 10, 15, 3, 19, 53, 7298 }, // U+00B3
    { 7, 6, 15, 5, 20, 32, 7351 }, // U+00B4
    { 13, 17, 15, 1, 12, 61, 7383 }, // U+00B5
    { 12, 18, 15, 1, 16, 51, 7444 }, // U+00B6
    { 5, 5, 15, 5, 12, 22, 7495 }, // U+00B7
    { 5, 6, 15, 5, 0, 26, 7517 }, // U+00B8
    { 9, 9, 15, 4, 19, 26, 7543 }, // U+00B9
    { 9, 8, 15, 3, 18, 39, 7569 }, // U+00BA
    { 12, 10, 15, 2, 11, 54, 7608 }, // U+00BB
    { 15, 16, 15, 0, 16, 96, 7662 }, // U+00BC
    { 15, 16, 15, 0, 16, 97, 7758 }, // U+00BD
    { 15, 16, 15, 0, 16, 115, 7855 }, // U+00BE
    { 11, 17, 15, 2, 12, 77, 7970 }, // U+00BF
    { 15, 22, 15, 0, 22, 122, 8047 }, // U+00C0
    { 15, 22, 15, 0, 22, 125, 8169 }, // U+00C1
    { 15, 21, 15, 0, 21, 125, 8294 }, // U+00C2
    { 15, 22, 15, 0, 22, 130, 8419 }, // U+00C3
    { 15, 21, 15, 0, 21, 119, 8549 }, // U+00C4
    { 15, 22, 15, 0, 22, 120, 8668 }, // U+00C5
    { 16, 16, 15, -1, 16, 92, 8788 }, // U+00C6
    { 13, 22, 15, 1, 16, 106, 8880 }, // U+00C7
    { 12, 22, 15, 2, 22, 53, 8986 }, // U+00C8
    { 12, 22, 15, 2, 22, 54, 9039 }, // U+00C9
    { 12, 21, 15, 2, 21, 56, 9093 }, // U+00CA
    { 12, 21, 15, 2, 21, 47, 9149 }, // U+00CB
    { 11, 22, 15, 2, 22, 45, 9196 }, // U+00CC
    { 11, 22, 15, 2, 22, 48, 9241 }, // U+00CD
    { 11, 21, 15, 2, 21, 49, 9289 }, // U+00CE
    { 11, 21, 15, 2, 21, 40, 9338 }, // U+00CF
    { 14, 16, 15, 0, 16, 80, 9378 }, // U+00D0
    { 13, 22, 15, 1, 22, 104, 9458 }, // U+00D1
    { 13, 22, 15, 1, 22, 105, 9562 }, // U+00D2
    { 13, 22, 15, 1, 22, 106, 9667 }, // U+00D3
    { 13, 21, 15, 1, 21, 110, 9773 }, // U+00D4
    { 13, 22, 15, 1, 22, 114, 9883 }, // U+00D5
    { 13, 21, 15, 1, 21, 102, 9997 }, // U+00D6
    { 11, 12, 15, 2, 14, 66, 10099 }, // U+00D7
    { 15, 18, 15, 0, 17, 137, 10165 }, // U+00D8
    { 13, 22, 15, 1, 22, 81, 10302 }, // U+00D9
    { 13, 22, 15, 1, 22, 82, 10383 }, // U+00DA
    { 13, 21, 15, 1, 21, 88, 10465 }, // U+00DB
    { 13, 21, 15, 1, 21, 79, 10553 }, // U+00DC
    { 15, 22, 15, 0, 22, 105, 10632 }, // U+00DD
    { 12, 16, 15, 2, 16, 59, 10737 }, // U+00DE
    { 13, 18, 15, 2, 18, 104, 10796 }, // U+00DF
    { 12, 20, 15, 1, 20, 105, 10900 }, // U+00E0
    { 12, 20, 15, 1, 20, 106, 11005 }, // U+00E1
    { 12, 18, 15, 1, 18, 103, 11111 }, // U+00E2
    { 12, 19, 15, 1, 19, 109, 11214 }, // U+00E3
    { 12, 18, 15, 1, 18, 93, 11323 }, // U+00E4
    { 12, 19, 15, 1, 19, 98, 11416 }, // U+00E5
    { 15, 12, 15, 0, 12, 99, 11514 }, // U+00E6
    { 13, 18, 15, 1, 12, 90, 11613 }, // U+00E7
    { 13, 20, 15, 1, 20, 103, 11703 }, // U+00E8
    { 13, 20, 15, 1, 20, 105, 11806 }, // U+00E9
    { 13, 18, 15, 1, 18, 104, 11911 }, // U+00EA
    { 13, 18, 15, 1, 18, 96, 12015 }, // U+00EB
    { 9, 20, 15, 2, 20, 43, 12111 }, // U+00EC
    { 11, 20, 15, 2, 20, 47, 12154 }, // U+00ED
    { 11, 18, 15, 2, 18, 43, 12201 }, // U+00EE
    { 11, 18, 15, 2, 18, 35, 12244 }, // U+00EF
    { 13, 18, 15, 1, 18, 127, 12279 }, // U+00F0
    { 12, 19, 15, 2, 19, 76, 12406 }, // U+00F1
    { 13, 20, 15, 1, 20, 86, 12482 }, // U+00F2
    { 13, 20, 15, 1, 20, 87, 12568 }, // U+00F3
    { 13, 18, 15, 1, 18, 88, 12655 }, // U+00F4
    { 13, 19, 15, 1, 19, 94, 12743 }, // U+00F5
    { 13, 18, 15, 1, 18, 78, 12837 }, // U+00F6
    { 11, 11, 15, 2, 14, 29, 12915 }, // U+00F7
    { 13, 14, 15, 1, 13, 102, 12944 }, // U+00F8
    { 12, 20, 15, 1, 20, 71, 13046 }, // U+00F9
    { 12, 20, 15, 1, 20, 72, 13117 }, // U+00FA
    { 12, 18, 15, 1, 18, 72, 13189 }, // U+00FB
    { 12, 18, 15, 1, 18, 61, 13261 }, // U+00FC
    { 13, 25, 15, 1, 20, 129, 13322 }, // U+00FD
    { 12, 23, 15, 2, 18, 73, 13451 }, // U+00FE
    { 13, 23, 15, 1, 18, 122, 13524 }, // U+00FF
};
const UnicodeInterval UiBodyIntervals[] PROGMEM = {
    { 0x20, 0x7E, 0x0 },
    { 0xA0, 0xFF, 0x5F },
};
const GFXfont UiBody PROGMEM = {
    (uint8_t *)UiBodyBitmaps,
    (GFXglyph *)UiBodyGlyphs,
    (UnicodeInterval *)UiBodyIntervals,
    2,
    1,
    31,
    25,
    -7,
};

const uint8_t UiBodyBoldBitmaps[14195] PROGMEM = {
    0x78, 0x9C, 0x03, 0x00, 0x00, 0x00, 0x00, 0x01, 0x78, 0x9C, 0x7B, 0xF0, 0x9E, 0xE1, 0xC1, 0x7B,
    0x86, 0x0B, 0xF7, 0x19, 0x0E, 0x9C, 0x67, 0xD8, 0xB0, 0x1F, 0x84, 0x16, 0xAC, 0x67, 0x98, 0x30,
    0x9F, 0xA1, 0xA1, 0x9F, 0xA1, 0xA0, 0x9E, 0x01, 0x02, 0x36, 0xEE, 0x67, 0xFC, 0xF9, 0x9F, 0x13,
    0x88, 0x80, 0x0C, 0x00, 0x2B, 0xC9, 0x15, 0x1B, 0x78, 0x9C, 0x01, 0x36, 0x00, 0xC9, 0xFF, 0xF5,
    0xFF, 0x02, 0xF2, 0xFF, 0x05, 0xF4, 0xFF, 0x02, 0xF1, 0xFF, 0x04, 0xF4, 0xFF, 0x01, 0xF1, 0xFF,
    0x04, 0xF3, 0xFF, 0x00, 0xF0, 0xFF, 0x03, 0xF1, 0xEF, 0x00, 0xE0, 0xFF, 0x01, 0xF0, 0xCF, 0x00,
    0xC0, 0xFF, 0x00, 0xD0, 0xAF, 0x00, 0xA0, 0xDF, 0x00, 0xB0, 0x8F, 0x00, 0x80, 0xBF, 0x00, 0x90,
    0x6F, 0x00, 0x60, 0x9F, 0x00, 0xA6, 0xB5, 0x1E, 0x5A, 0x78, 0x9C, 0x63, 0x60, 0x78, 0xC3, 0xF0,
    0x91, 0x8B, 0x81, 0x81, 0xE1, 0x1E, 0xC3, 0x67, 0x0E, 0x20, 0xB5, 0x9F, 0xE1, 0x2B, 0x1B, 0x03,
    0x83, 0xC2, 0x7C, 0x86, 0xEF, 0x2C, 0x0C, 0x0D, 0xFF, 0xEF, 0xAF, 0xFA, 0xBB, 0x87, 0xB1, 0xE1,
    0x3F, 0x08, 0x30, 0x31, 0x34, 0xD8, 0x33, 0xBC, 0x55, 0x62, 0x60, 0x58, 0x20, 0xCF, 0x70, 0x1E,
    0xA8, 0xF0, 0x00, 0xBF, 0xC0, 0x7A, 0x06, 0x86, 0x0F, 0xFF, 0xCF, 0xDF, 0xB9, 0x5F, 0x05, 0xA4,
    0x80, 0x00, 0xC8, 0xFD, 0xA4, 0xD5, 0x94, 0xAF, 0xCC, 0xC0, 0xF0, 0x85, 0x7D, 0x82, 0x3E, 0x50,
    0xC9, 0x37, 0xD6, 0x0D, 0xFC, 0x40, 0xEA, 0x07, 0xF3, 0x05, 0x3E, 0x20, 0xF5, 0x8B, 0xF1, 0x03,
    0x0F, 0x03, 0x03, 0x00, 0x87, 0xCE, 0x2A, 0x60, 0x78, 0x9C, 0x63, 0x60, 0x48, 0x58, 0xCF, 0x00,
    0x04, 0x48, 0xA4, 0xC3, 0xEF, 0xFF, 0xF3, 0x18, 0x19, 0x7E, 0xFE, 0xFF, 0xFF, 0xDF, 0xCF, 0xE0,
    0xBF, 0xAD, 0xC0, 0x35, 0xD9, 0x84, 0xFF, 0x6C, 0x0C, 0x0C, 0x8C, 0x01, 0xFF, 0xA5, 0x41, 0x4A,
    0xFE, 0xFE, 0xB7, 0x04, 0x92, 0x07, 0xFF, 0xFF, 0x8F, 0x01, 0x52, 0x5B, 0xFE, 0xFF, 0xE7, 0x06,
    0x52, 0x8D, 0xFF, 0xE7, 0x83, 0xA4, 0x3E, 0xBD, 0x67, 0x00, 0x2A, 0x7C, 0xF0, 0x7E, 0xC2, 0x7D,
    0x35, 0x81, 0x9F, 0xF3, 0x37, 0x00, 0x0D, 0xF8, 0x2F, 0xC3, 0x30, 0xF9, 0xEF, 0xFF, 0x6C, 0x54,
    0xF3, 0x91, 0x48, 0x00, 0x17, 0xE5, 0x2C, 0xA7, 0x78, 0x9C, 0x63, 0x78, 0x7E, 0x9E, 0x99, 0x81,
    0x21, 0x83, 0x61, 0xC2, 0xFF, 0xFF, 0xFA, 0x0C, 0x01, 0xFF, 0x99, 0x3F, 0xFA, 0x2F, 0x58, 0xCF,
    0xF0, 0x39, 0x9F, 0xE1, 0x0B, 0x8F, 0xC1, 0x7D, 0x81, 0x7F, 0x6C, 0x60, 0xFA, 0x40, 0x3C, 0x03,
    0x03, 0x50, 0x7C, 0xFE, 0x02, 0x56, 0x06, 0x86, 0x06, 0x90, 0x3A, 0x10, 0x00, 0xEB, 0x83, 0x80,
    0xC3, 0xEF, 0x39, 0x80, 0xE4, 0x52, 0x85, 0xFF, 0xFF, 0xE7, 0x33, 0x30, 0x04, 0x9C, 0x9F, 0xB0,
    0xDE, 0xE1, 0x3F, 0x23, 0xC3, 0x37, 0xB9, 0x03, 0xFE, 0x0C, 0x7F, 0x58, 0x12, 0xFE, 0x33, 0x81,
    0xE9, 0xCF, 0xF1, 0x0C, 0x13, 0xF6, 0x3B, 0xFE, 0x67, 0x2C, 0x60, 0x67, 0x10, 0xF8, 0xFF, 0xBF,
    0x1F, 0xAC, 0xEF, 0x10, 0x50, 0x1F, 0x00, 0x60, 0x0E, 0x2F, 0xF9, 0x78, 0x9C, 0x63, 0x60, 0x78,
    0x7E, 0x9F, 0x8D, 0x01, 0x08, 0x26, 0xFC, 0xFF, 0x9F, 0x0F, 0xA2, 0x3F, 0xD5, 0x4F, 0x38, 0x0F,
    0xA2, 0xBF, 0xF1, 0x07, 0xBC, 0x07, 0xD1, 0x5F, 0xF9, 0x17, 0x80, 0xF9, 0x9F, 0xF2, 0x7F, 0xFA,
    0x83, 0xE8, 0x0D, 0xFF, 0xFF, 0xB3, 0x33, 0x28, 0x31, 0x02, 0xD5, 0xC7, 0x33, 0x24, 0xFC, 0x67,
    0x66, 0xF8, 0xF5, 0x5F, 0x8F, 0x61, 0xC3, 0x7B, 0x86, 0x86, 0xFF, 0xAF, 0xDE, 0x33, 0x7D, 0xEC,
    0x67, 0xF8, 0x70, 0xDF, 0xE0, 0x7F, 0xFC, 0x4F, 0x79, 0x86, 0x4F, 0xF3, 0x19, 0xBE, 0xFC, 0xFF,
    0xCF, 0xC1, 0xF0, 0xF1, 0x3C, 0x83, 0xC2, 0xBF, 0xFF, 0x2C, 0x0C, 0x07, 0xFE, 0x4B, 0x06, 0xFC,
    0xFB, 0xBF, 0x9F, 0x19, 0xC8, 0xF9, 0xFF, 0xFF, 0x27, 0x50, 0xA0, 0xF1, 0xEF, 0x7D, 0x09, 0x81,
    0x1B, 0x0C, 0x00, 0x74, 0x0B, 0x38, 0xFE, 0x78, 0x9C, 0xFB, 0xFC, 0x9F, 0xF9, 0x33, 0x18, 0x7D,
    0xFA, 0xCF, 0xF4, 0xE1, 0x3F, 0xC3, 0x83, 0xFB, 0x0C, 0x1B, 0xF6, 0x33, 0x4C, 0x98, 0xCF, 0x50,
    0x50, 0xCF, 0x00, 0x00, 0xF1, 0x0F, 0x0F, 0x0E, 0x78, 0x9C, 0x63, 0x60, 0x70, 0x90, 0x61, 0x60,
    0xF8, 0x32, 0x9F, 0x41, 0xE1, 0x3F, 0x37, 0xC3, 0x81, 0xFB, 0x8C, 0x0C, 0xDF, 0xEC, 0x19, 0x18,
    0xFE, 0x71, 0x31, 0x04, 0xFC, 0x67, 0x66, 0x58, 0xF0, 0x9E, 0x81, 0xE1, 0xC2, 0x7A, 0x06, 0x86,
    0x0F, 0xF5, 0x0C, 0x0C, 0x1F, 0xE3, 0x19, 0x18, 0x3E, 0xC5, 0x43, 0x68, 0x10, 0x1F, 0x24, 0x0E,
    0x92, 0x07, 0xA9, 0x03, 0xA9, 0x07, 0xEB, 0x03, 0xE9, 0x07, 0x99, 0x03, 0x32, 0x0F, 0x68, 0x2E,
    0x00, 0x68, 0x98, 0x1D, 0x7C, 0x78, 0x9C, 0x3B, 0xC8, 0xC2, 0xC0, 0xF0, 0xD3, 0x9F, 0x81, 0x61,
    0xC3, 0x7F, 0x26, 0x06, 0x81, 0xBF, 0x3C, 0x0C, 0x0C, 0x9F, 0xF3, 0x19, 0x18, 0x16, 0xBC, 0x67,
    0x60, 0x30, 0xF8, 0x0F, 0x94, 0xF9, 0xC7, 0xC9, 0xC0, 0xF0, 0x8B, 0x97, 0x81, 0xE1, 0x3B, 0x3F,
    0x03, 0xC3, 0x37, 0x79, 0x06, 0x86, 0xAF, 0xFA, 0x10, 0x1A, 0xC4, 0x07, 0x89, 0x03, 0xE5, 0x0D,
    0xFE, 0xB3, 0x82, 0xD5, 0x03, 0xF5, 0x81, 0xF4, 0x83, 0xCC, 0x01, 0x99, 0x77, 0x10, 0xA8, 0x1B,
    0x00, 0xFF, 0x66, 0x1B, 0x6E, 0x78, 0x9C, 0x63, 0x60, 0x10, 0x10, 0x65, 0x00, 0x81, 0x80, 0x78,
    0x30, 0x95, 0x90, 0x0F, 0xA6, 0x0A, 0xEA, 0x81, 0xC4, 0x86, 0xC8, 0x86, 0xFE, 0x80, 0x9D, 0x0C,
    0x07, 0xFE, 0xBF, 0x7F, 0xFF, 0xFF, 0x3C, 0x03, 0xC3, 0xE2, 0xFF, 0xFF, 0xD7, 0x33, 0x03, 0x85,
    0xBF, 0xFF, 0x67, 0x07, 0x92, 0x02, 0xFF, 0x7E, 0xCA, 0x81, 0xD4, 0xF4, 0x37, 0xEC, 0x07, 0x52,
    0xDF, 0xB8, 0x19, 0x7E, 0xB3, 0x32, 0x30, 0x1C, 0x61, 0x64, 0x38, 0xC8, 0xC2, 0x00, 0x00, 0x97,
    0x9F, 0x18, 0x9D, 0x78, 0x9C, 0x63, 0x60, 0x48, 0xC8, 0x66, 0x00, 0x81, 0x09, 0xF3, 0x71, 0x51,
    0x1F, 0xFE, 0x83, 0x00, 0x8C, 0xC2, 0xA7, 0x92, 0x01, 0x62, 0x18, 0x00, 0xD8, 0x3B, 0x16, 0xE5,
    0x78, 0x9C, 0x13, 0xF8, 0x6D, 0xCB, 0xB0, 0xE0, 0xFF, 0x7B, 0x20, 0xFE, 0xCF, 0xAC, 0xF0, 0xE7,
    0x3F, 0x0B, 0x83, 0xC2, 0x7F, 0x66, 0x86, 0x82, 0xFF, 0x0C, 0x0C, 0x5F, 0xFA, 0x19, 0x26, 0xFC,
    0xE7, 0x61, 0xF8, 0x30, 0x9F, 0x81, 0xC1, 0x81, 0x89, 0x81, 0x01, 0x00, 0x7D, 0x06, 0x10, 0x17,
    0x78, 0x9C, 0xFB, 0xF0, 0x1F, 0x04, 0x18, 0x3E, 0x40, 0x28, 0x00, 0x5E, 0x73, 0x0B, 0xD7, 0x78,
    0x9C, 0x3B, 0x74, 0x9E, 0xE9, 0xF7, 0x7F, 0xEE, 0x7F, 0xFF, 0xF9, 0x80, 0xE4, 0xA1, 0xF3, 0x4C,
    0x00, 0x4E, 0x37, 0x09, 0x3C, 0x78, 0x9C, 0x63, 0x60, 0x60, 0x60, 0xF8, 0xCB, 0x05, 0x24, 0x14,
    0xFE, 0xB3, 0x00, 0xC9, 0x86, 0xF7, 0x40, 0x82, 0xE1, 0x41, 0x3F, 0x88, 0xFC, 0xA2, 0x0F, 0x22,
    0x7F, 0xF1, 0x00, 0x09, 0x81, 0xFF, 0x6C, 0x40, 0x32, 0xE1, 0x3F, 0x23, 0x90, 0x3C, 0xB0, 0x1E,
    0x24, 0xFC, 0xC9, 0x1F, 0x44, 0xFE, 0xE0, 0x03, 0x91, 0xFF, 0x38, 0x80, 0x84, 0xC3, 0x7F, 0x26,
    0x20, 0xB9, 0xE0, 0x3C, 0x48, 0xE0, 0x63, 0x3E, 0x88, 0xFC, 0x26, 0x0F, 0x22, 0xFF, 0x10, 0x34,
    0x9C, 0x01, 0x00, 0xFE, 0x35, 0x1A, 0xB8, 0x78, 0x9C, 0x25, 0x8D, 0xB1, 0x11, 0x82, 0x40, 0x00,
    0x04, 0x17, 0xF4, 0x89, 0xED, 0x00, 0x62, 0x13, 0x1F, 0x23, 0x02, 0x19, 0xEC, 0x80, 0x16, 0xEC,
    0xC0, 0x56, 0xE8, 0x00, 0x3A, 0xF8, 0x96, 0x8C, 0x49, 0x90, 0xD7, 0x27, 0x63, 0x8E, 0x57, 0xB2,
    0x9B, 0x9B, 0xBD, 0x3D, 0x8A, 0x71, 0x3A, 0x03, 0x41, 0x92, 0xA1, 0xD0, 0xCD, 0xAE, 0x17, 0x06,
    0x25, 0xCC, 0x8E, 0xB7, 0x23, 0x46, 0x3E, 0x4F, 0x78, 0xE8, 0x10, 0x5A, 0x5B, 0xDD, 0x65, 0x96,
    0x66, 0x56, 0xA9, 0x6C, 0x69, 0xBC, 0xAE, 0x32, 0xA1, 0x1D, 0x5C, 0x2C, 0xFD, 0x1F, 0x49, 0x5F,
    0xBF, 0xC1, 0x44, 0xA7, 0x14, 0xDF, 0x73, 0x52, 0x6D, 0xD7, 0x1C, 0xBE, 0x51, 0x7D, 0x84, 0xFD,
    0x68, 0x03, 0x6C, 0x0C, 0x33, 0x44, 0x78, 0x9C, 0x0B, 0xB8, 0x39, 0xD7, 0x83, 0x81, 0xE1, 0xC1,
    0xFF, 0xFF, 0xFD, 0x0C, 0x0C, 0x09, 0xE5, 0xBF, 0x80, 0x24, 0x03, 0xC3, 0x37, 0x4A, 0xC8, 0xF5,
    0x2E, 0x22, 0x7F, 0xFE, 0x03, 0x41, 0x3E, 0x84, 0x04, 0x00, 0x00, 0x74, 0x23, 0xD9, 0x78, 0x9C,
    0x63, 0x98, 0xFC, 0xF7, 0x3C, 0x3B, 0x03, 0xC3, 0x84, 0xFF, 0xFF, 0xFF, 0xDF, 0x67, 0x64, 0xF8,
    0xBC, 0x9E, 0x79, 0xD2, 0x7F, 0x6E, 0x06, 0x03, 0x36, 0x06, 0x86, 0xDF, 0xFA, 0x0C, 0x20, 0xF0,
    0x3D, 0x1E, 0x42, 0xF9, 0x83, 0xA9, 0xDF, 0xF2, 0x20, 0xD2, 0xE1, 0x3F, 0x17, 0x88, 0x7A, 0xF8,
    0x9F, 0x09, 0x44, 0xFD, 0x01, 0xAB, 0xD8, 0xF0, 0x9F, 0x03, 0xAC, 0x60, 0x3E, 0x88, 0x3C, 0x08,
    0xE6, 0x08, 0xFC, 0xED, 0x07, 0x71, 0x1E, 0xFD, 0x7F, 0x0F, 0x34, 0x9C, 0xF9, 0xDB, 0x7F, 0x10,
    0x60, 0x06, 0x00, 0xA0, 0x50, 0x26, 0x2A, 0x78, 0x9C, 0x63, 0x98, 0xFC, 0xF7, 0xBE, 0x15, 0x03,
    0xC3, 0x86, 0xFF, 0x40, 0xC0, 0xCE, 0x30, 0x61, 0x3D, 0x73, 0xE2, 0x7F, 0x7D, 0x06, 0x06, 0x16,
    0x06, 0x86, 0x1F, 0xF5, 0x0C, 0x20, 0xF0, 0xB5, 0x1F, 0x4C, 0xFD, 0xF6, 0x07, 0x12, 0x02, 0x5B,
    0xFF, 0x73, 0x02, 0xA9, 0xFF, 0xFF, 0x63, 0x19, 0xC0, 0xD4, 0x7A, 0x26, 0x90, 0x60, 0xF1, 0x3F,
    0x7B, 0xB0, 0x92, 0x4F, 0xF7, 0xC1, 0xD4, 0x85, 0xFF, 0x8C, 0x05, 0x40, 0xF1, 0x8F, 0xFF, 0x81,
    0x5A, 0x99, 0x1C, 0xFF, 0xCE, 0x67, 0x78, 0x02, 0x32, 0x9A, 0x9B, 0x81, 0x61, 0xDB, 0xBF, 0xF7,
    0x5E, 0x0C, 0x0C, 0x00, 0x8B, 0xF0, 0x28, 0x4C, 0x78, 0x9C, 0x63, 0x60, 0x60, 0x50, 0xF8, 0xDF,
    0xCF, 0x00, 0x04, 0x17, 0x20, 0xD4, 0x8F, 0x9F, 0x20, 0xCA, 0xE1, 0xFD, 0x27, 0x10, 0xF5, 0x30,
    0xFF, 0x23, 0x88, 0xFA, 0xC5, 0x03, 0xE2, 0x25, 0xFC, 0x67, 0x02, 0x51, 0x9F, 0xEA, 0x19, 0x40,
    0xD4, 0x1F, 0x5E, 0x10, 0xD5, 0xF0, 0x9F, 0x19, 0x44, 0x7D, 0xF8, 0x0F, 0x02, 0xE7, 0x3F, 0x42,
    0x28, 0x90, 0x31, 0x60, 0xED, 0x58, 0x28, 0x00, 0xC9, 0xCD, 0x2D, 0x6E, 0x78, 0x9C, 0x63, 0xF8,
    0x0F, 0x04, 0xF9, 0x0C, 0x0C, 0x10, 0x4A, 0xE0, 0x3F, 0x07, 0x03, 0x10, 0x28, 0xFC, 0x67, 0x03,
    0x51, 0x06, 0xFF, 0x59, 0x41, 0x94, 0xC3, 0x7F, 0x16, 0x10, 0x15, 0xF0, 0xFF, 0xDD, 0xFF, 0x1C,
    0x06, 0x86, 0x04, 0x90, 0x4A, 0x19, 0x06, 0x86, 0x34, 0xC6, 0xC0, 0x7F, 0xF3, 0x41, 0xE2, 0x0C,
    0x9F, 0xFE, 0x83, 0xA9, 0x03, 0xFF, 0x99, 0x20, 0x14, 0x63, 0x02, 0x90, 0xF1, 0xE9, 0x3E, 0xC3,
    0x97, 0x7A, 0xA6, 0xC4, 0x7F, 0xF1, 0x0C, 0x4F, 0x40, 0x1A, 0xD8, 0x19, 0x18, 0x96, 0xFE, 0xBB,
    0xAF, 0xC9, 0xC0, 0x00, 0x00, 0x43, 0xBB, 0x2A, 0x69, 0x78, 0x9C, 0x63, 0x60, 0x58, 0xF2, 0x6F,
    0x1F, 0x1B, 0x03, 0xC3, 0x82, 0xFF, 0xFF, 0xFF, 0xDF, 0x67, 0x60, 0xF8, 0xB9, 0x9E, 0xB9, 0x30,
    0x9E, 0xC1, 0xE0, 0x3F, 0x17, 0x03, 0x03, 0x48, 0x8C, 0x11, 0x44, 0x7D, 0xD8, 0x0F, 0x22, 0x19,
    0x3E, 0xF5, 0x17, 0xFC, 0x5D, 0xC7, 0xCC, 0xF0, 0x79, 0xFE, 0xDF, 0xFF, 0xFF, 0xE3, 0x19, 0xBE,
    0xFC, 0x8F, 0x13, 0xFC, 0xF6, 0x9E, 0xE1, 0xF3, 0x7D, 0x46, 0x86, 0x82, 0xFF, 0xAC, 0x1F, 0xFB,
    0x19, 0x80, 0x9A, 0xD8, 0x1F, 0x9C, 0x67, 0x60, 0x70, 0xF8, 0xCF, 0x56, 0xF0, 0x9F, 0x85, 0x61,
    0xC2, 0x7F, 0x66, 0x86, 0xBF, 0x79, 0x82, 0xDF, 0x81, 0x7A, 0x1F, 0x01, 0x8D, 0x96, 0x01, 0x1A,
    0x70, 0xFD, 0x7F, 0x0D, 0x03, 0x03, 0x00, 0x5A, 0x47, 0x30, 0x2D, 0x78, 0x9C, 0xFB, 0xFA, 0x1F,
    0x04, 0xD8, 0xBE, 0x82, 0x29, 0x66, 0x06, 0x20, 0xF8, 0x54, 0x0F, 0x22, 0x19, 0xFE, 0x72, 0x83,
    0xC8, 0x86, 0xF7, 0x8C, 0x48, 0x62, 0x3F, 0xF9, 0x40, 0xA4, 0xC0, 0x7F, 0x0E, 0x10, 0x55, 0x00,
    0x51, 0x7E, 0xE0, 0x3D, 0x58, 0xEA, 0xC3, 0x7E, 0x30, 0xF5, 0xA5, 0x1F, 0x4C, 0x7D, 0xCB, 0x87,
    0xA8, 0xF7, 0x07, 0x53, 0xBF, 0xEC, 0xC1, 0xD4, 0x6F, 0x7D, 0x20, 0x01, 0x00, 0x92, 0xB6, 0x1E,
    0xC5, 0x78, 0x9C, 0x63, 0x50, 0x78, 0xF5, 0x3E, 0x9A, 0x81, 0x81, 0xE1, 0xFB, 0xFF, 0xFF, 0xFF,
    0x39, 0x19, 0x14, 0xFE, 0xDB, 0x28, 0xFC, 0xF2, 0x67, 0x28, 0xF8, 0xCF, 0xC4, 0xF0, 0x60, 0x3E,
    0x90, 0x62, 0x64, 0x38, 0xB0, 0x9E, 0xC1, 0xE1, 0x3F, 0x17, 0xC3, 0xC7, 0x7A, 0x06, 0x86, 0xDF,
    0xF7, 0xD5, 0x7E, 0xF3, 0x32, 0x30, 0x2C, 0xF8, 0xFF, 0xFF, 0x3E, 0x23, 0x03, 0xC3, 0x65, 0x20,
    0xC5, 0xCC, 0x90, 0xF0, 0x5F, 0x62, 0xDB, 0xFF, 0x7C, 0x86, 0x8F, 0xFD, 0x0C, 0x0C, 0x8F, 0xFF,
    0x33, 0x7E, 0xB5, 0x67, 0x00, 0x8A, 0xB0, 0x7E, 0xCD, 0x67, 0x00, 0xEA, 0x65, 0x7D, 0xF0, 0x5F,
    0x5D, 0xE0, 0xDB, 0x7F, 0x46, 0x83, 0x7F, 0x40, 0xA3, 0xFD, 0x19, 0x18, 0x1A, 0xFF, 0xFC, 0xEF,
    0x61, 0x64, 0x00, 0x00, 0x11, 0x65, 0x33, 0xD4, 0x78, 0x9C, 0x63, 0x28, 0xF8, 0x73, 0x9E, 0x9D,
    0x81, 0x41, 0xE0, 0xEF, 0xFF, 0xFF, 0xEF, 0x99, 0x18, 0x36, 0xFC, 0x17, 0x4F, 0xFC, 0xCF, 0xCB,
    0xF0, 0x79, 0x3E, 0x03, 0xC3, 0x97, 0x7A, 0x86, 0x6F, 0xFE, 0x0C, 0x0C, 0x07, 0xEE, 0x33, 0x7C,
    0xB7, 0x67, 0x60, 0x68, 0xF8, 0xCF, 0xF8, 0xB5, 0x9E, 0x81, 0xE1, 0xE2, 0x7F, 0xE6, 0x8F, 0xFF,
    0xC5, 0x02, 0xFF, 0xFD, 0x67, 0x09, 0xF8, 0xFF, 0xFF, 0xFF, 0xDC, 0xFF, 0xCC, 0x0C, 0x9B, 0xFF,
    0xD5, 0x36, 0xFC, 0x67, 0x62, 0x00, 0x82, 0x0D, 0xEF, 0x41, 0x24, 0xC3, 0xC7, 0xF5, 0x60, 0xEA,
    0x97, 0x3D, 0x43, 0x40, 0x3D, 0xE3, 0xE2, 0xFF, 0x9C, 0x0C, 0x0F, 0x80, 0x2A, 0x41, 0x62, 0xC7,
    0xFF, 0xAD, 0x63, 0x61, 0x60, 0x00, 0x00, 0x13, 0xFB, 0x30, 0x41, 0x78, 0x9C, 0x3B, 0x74, 0x9E,
    0xE9, 0xF7, 0x7F, 0xEE, 0x7F, 0xFF, 0xF9, 0x80, 0xE4, 0xA1, 0xF3, 0x4C, 0x0C, 0x48, 0xE0, 0x10,
    0xAA, 0x14, 0x00, 0x95, 0xC2, 0x12, 0x77, 0x78, 0x9C, 0x53, 0xF8, 0xA3, 0xC3, 0xB0, 0xE1, 0xFF,
    0x7E, 0x86, 0x07, 0xFF, 0xDF, 0x83, 0x69, 0x05, 0x20, 0x1F, 0x1B, 0x10, 0xF8, 0x6D, 0xCB, 0xB0,
    0x00, 0xA8, 0x66, 0xC1, 0xFF, 0xFF, 0xCC, 0x0A, 0x7F, 0xFE, 0xB3, 0x30, 0x28, 0xFC, 0x67, 0x66,
    0x28, 0xF8, 0xCF, 0xC0, 0xF0, 0xA5, 0x9F, 0x61, 0xC2, 0x7F, 0x1E, 0x86, 0x0F, 0xF3, 0x19, 0x18,
    0x1C, 0x98, 0x18, 0x18, 0x00, 0x53, 0x2C, 0x1A, 0x51, 0x78, 0x9C, 0x63, 0x60, 0x60, 0x60, 0x48,
    0x60, 0x03, 0x12, 0x0A, 0x7F, 0xD8, 0x81, 0xE4, 0x8F, 0xF5, 0x8C, 0x0C, 0x0C, 0x97, 0xFF, 0xB3,
    0x32, 0x30, 0x4C, 0xFC, 0x2F, 0xC3, 0xC0, 0x10, 0xF0, 0xAF, 0x1E, 0x28, 0xF8, 0xE1, 0x3E, 0x13,
    0x98, 0x64, 0x66, 0x80, 0x89, 0x40, 0x64, 0xA1, 0x2A, 0xA1, 0xBA, 0xA0, 0x26, 0x00, 0x4D, 0x03,
    0x00, 0x75, 0x17, 0x14, 0xA6, 0x78, 0x9C, 0xFB, 0xF0, 0x1F, 0x04, 0x18, 0x3E, 0x40, 0x28, 0x7C,
    0xE0, 0x03, 0x8A, 0x4A, 0x00, 0xAE, 0x3C, 0x17, 0xAD, 0x78, 0x9C, 0x4B, 0x63, 0x00, 0x81, 0xEF,
    0x3A, 0x20, 0x72, 0xE1, 0x7F, 0x0E, 0x10, 0xF5, 0xF5, 0x3E, 0x33, 0x90, 0x14, 0xF8, 0x33, 0x9F,
    0x11, 0x48, 0x15, 0xFC, 0x8F, 0x03, 0x89, 0x5D, 0xFE, 0x0F, 0x22, 0x2F, 0xFD, 0x87, 0x89, 0x08,
    0xFC, 0x06, 0xC9, 0x82, 0x55, 0x42, 0x74, 0x41, 0x4C, 0x48, 0x03, 0x9B, 0x06, 0x00, 0x7A, 0x18,
    0x14, 0xA5, 0x78, 0x9C, 0x63, 0xD8, 0xF6, 0x6F, 0x1D, 0x13, 0xC3, 0xC5, 0xFF, 0xFF, 0xFF, 0xFB,
    0x33, 0x2C, 0xC8, 0x67, 0xFC, 0xF6, 0x9E, 0x81, 0x81, 0x91, 0x61, 0xC3, 0x7F, 0x26, 0x06, 0x06,
    0x86, 0x05, 0x60, 0xF2, 0xF3, 0x7D, 0x20, 0xA1, 0xF0, 0xCF, 0x1E, 0x48, 0x3E, 0xFC, 0xCF, 0x02,
    0x24, 0x7F, 0xFB, 0x83, 0x04, 0xFE, 0x73, 0x00, 0x49, 0x07, 0xB0, 0x00, 0x32, 0x70, 0xF8, 0x07,
    0x12, 0x7F, 0xF0, 0xDF, 0x1E, 0x4E, 0x82, 0x45, 0x00, 0xBB, 0x8B, 0x1C, 0x59, 0x78, 0x9C, 0x63,
    0x60, 0xD8, 0xFA, 0x6F, 0x1E, 0x23, 0x03, 0xC3, 0xC1, 0xFF, 0xFF, 0xFF, 0xDB, 0x31, 0x30, 0xFC,
    0xAD, 0x67, 0x5C, 0x74, 0x9F, 0xA1, 0xE1, 0x3D, 0x13, 0x03, 0xC3, 0x1F, 0x96, 0x0F, 0xF1, 0x0C,
    0x0C, 0x0C, 0x5F, 0x39, 0xBE, 0xF1, 0x02, 0xA9, 0xCF, 0x5C, 0xBF, 0xD8, 0x19, 0x0C, 0x4E, 0xFC,
    0xE3, 0xFE, 0xCB, 0xA2, 0xF0, 0xE7, 0xFF, 0x7F, 0xEE, 0x7F, 0x4C, 0x0F, 0xDF, 0x9B, 0x7F, 0xE7,
    0xFE, 0xCF, 0xF8, 0x4D, 0x8E, 0xE1, 0x1B, 0x90, 0xFA, 0xC1, 0xC5, 0xF0, 0x13, 0x28, 0xF8, 0x4D,
    0xAF, 0xF1, 0x3F, 0xF7, 0x1F, 0x96, 0x07, 0xFF, 0xFF, 0xFF, 0xE6, 0xFE, 0xC9, 0xA1, 0xF0, 0xBB,
    0xF6, 0x03, 0xF7, 0x17, 0x3E, 0x06, 0x10, 0x78, 0x90, 0x0F, 0xA6, 0x12, 0xFE, 0x33, 0x83, 0xE9,
    0x5F, 0xFD, 0x4C, 0x8E, 0x31, 0x0C, 0x0C, 0x0B, 0x80, 0xD6, 0xAE, 0x07, 0x72, 0x97, 0xFC, 0xDB,
    0xC7, 0xC2, 0x00, 0x00, 0x87, 0x98, 0x3A, 0x08, 0x78, 0x9C, 0x1D, 0x8D, 0xC1, 0x09, 0x80, 0x30,
    0x10, 0x04, 0x57, 0x21, 0x88, 0xE6, 0x91, 0x52, 0x6C, 0x25, 0x1D, 0xA4, 0x24, 0x4B, 0xD0, 0x0E,
    0x92, 0x0E, 0x52, 0x4A, 0x2C, 0x41, 0x90, 0xA0, 0x28, 0x72, 0xDE, 0x66, 0x3F, 0x03, 0xC7, 0x0C,
    0x07, 0x78, 0x09, 0xE0, 0x92, 0xE4, 0xC6, 0x23, 0x4B, 0x63, 0x9D, 0xC5, 0x90, 0xAF, 0xFD, 0x2C,
    0x29, 0xC3, 0xED, 0x14, 0x5E, 0xFA, 0x93, 0x41, 0x2A, 0xD8, 0x23, 0xF5, 0x05, 0x1B, 0x83, 0x2A,
    0x3A, 0x0D, 0x1E, 0x72, 0x52, 0x7D, 0xD4, 0xD4, 0xA9, 0xAE, 0xB7, 0x2B, 0xA8, 0xD3, 0x01, 0x67,
    0xC4, 0x51, 0xD8, 0x08, 0xEA, 0xDA, 0x5E, 0x9A, 0x1F, 0xC0, 0x36, 0x2E, 0xE7, 0x78, 0x9C, 0xFB,
    0xFB, 0xFF, 0xFF, 0x39, 0x71, 0x86, 0xBF, 0xFF, 0xFF, 0xFF, 0x7F, 0xCF, 0xF4, 0x97, 0x9F, 0x61,
    0xF3, 0x7F, 0x6E, 0x20, 0xC9, 0xF0, 0x9F, 0x1F, 0x44, 0xFE, 0x03, 0x91, 0x02, 0x60, 0x91, 0xC3,
    0xFF, 0x99, 0x41, 0x6A, 0xB4, 0xC1, 0x2A, 0xCF, 0x33, 0x03, 0x45, 0x02, 0xFF, 0xDA, 0x83, 0xD4,
    0x7C, 0xDA, 0x0F, 0x22, 0x3F, 0xDC, 0x07, 0x91, 0x5F, 0x40, 0xEC, 0xC4, 0x7F, 0xF1, 0x20, 0x35,
    0xFF, 0x39, 0x80, 0xE4, 0x7D, 0x4B, 0x06, 0x00, 0xD0, 0xC7, 0x34, 0x7E, 0x78, 0x9C, 0x63, 0x60,
    0x98, 0xF4, 0xF7, 0xBE, 0x26, 0x03, 0xC3, 0x84, 0xFF, 0x40, 0xC0, 0xC6, 0xF0, 0xEB, 0x3E, 0xAB,
    0xC3, 0x5D, 0xC6, 0x80, 0xFF, 0xBC, 0x0C, 0x0C, 0x02, 0x0C, 0x17, 0xFE, 0x33, 0x33, 0x00, 0xC1,
    0xA7, 0xFB, 0x20, 0x92, 0xE1, 0xEB, 0x7C, 0x30, 0xF5, 0xBD, 0x1E, 0x42, 0xF5, 0x83, 0xA9, 0x6F,
    0x10, 0x41, 0xA8, 0x12, 0xA8, 0x86, 0x04, 0x90, 0xF6, 0x00, 0x06, 0x86, 0xDF, 0xF7, 0x45, 0x1D,
    0xFE, 0xB0, 0x33, 0x2C, 0x00, 0x19, 0xCD, 0xC1, 0xC0, 0xB0, 0x18, 0x64, 0x11, 0x00, 0x44, 0x68,
    0x25, 0x37, 0x78, 0x9C, 0xFB, 0xF0, 0xFF, 0xFF, 0x3E, 0x71, 0x06, 0x86, 0x0F, 0xFF, 0x81, 0x80,
    0x95, 0xE1, 0xC3, 0x7D, 0x86, 0xA6, 0xFF, 0xF1, 0x20, 0x8A, 0xE1, 0xCB, 0x7B, 0x30, 0xB5, 0xE0,
    0x3F, 0x1B, 0x88, 0x72, 0xF8, 0xCF, 0x05, 0xA2, 0x14, 0xFE, 0xF3, 0x82, 0x28, 0x86, 0xFF, 0x7C,
    0x20, 0x4A, 0x00, 0x42, 0x41, 0x05, 0x03, 0x20, 0x4A, 0x36, 0xFC, 0x67, 0x05, 0x51, 0x5F, 0xC1,
    0xDA, 0x27, 0xFD, 0xF7, 0x87, 0x18, 0xCD, 0x02, 0xA2, 0xCE, 0x01, 0x2D, 0x02, 0x00, 0xC9, 0x8A,
    0x39, 0x30, 0x78, 0x9C, 0xFB, 0xF6, 0x1F, 0x08, 0xF8, 0xBF, 0x41, 0xC8, 0x7A, 0x06, 0x20, 0xC0,
    0x49, 0x02, 0x95, 0xBC, 0x87, 0x91, 0x04, 0x55, 0xFE, 0xF7, 0x87, 0x90, 0x00, 0x97, 0x60, 0x2C,
    0xDB, 0x78, 0x9C, 0xFB, 0xF0, 0x1F, 0x08, 0xF2, 0x3F, 0x40, 0xC8, 0xF7, 0x0C, 0x40, 0x80, 0x93,
    0x04, 0xA9, 0x61, 0x81, 0x92, 0xF8, 0x55, 0x22, 0x91, 0x00, 0x81, 0x0B, 0x2B, 0x0B, 0x78, 0x9C,
    0x63, 0x60, 0xD8, 0xFA, 0xEF, 0x1C, 0x1B, 0x03, 0xC3, 0xC5, 0xFF, 0xFF, 0xFF, 0xDF, 0x67, 0x10,
    0xF8, 0xB7, 0x9E, 0xB9, 0x30, 0x9F, 0x61, 0xC1, 0x7F, 0x4E, 0x06, 0x06, 0x46, 0x86, 0x4F, 0xEF,
    0x19, 0x40, 0xE0, 0x7B, 0x3F, 0x98, 0xFA, 0x15, 0x0F, 0xA6, 0xFE, 0xD8, 0xC3, 0xA8, 0x0F, 0xFF,
    0xFF, 0x73, 0xFC, 0xF2, 0x07, 0x53, 0x20, 0x25, 0x0A, 0xFF, 0x39, 0x3E, 0xDF, 0x07, 0x53, 0x1B,
    0xFE, 0xB3, 0x83, 0x28, 0x81, 0x7F, 0xFD, 0x4C, 0x85, 0xFF, 0x39, 0x18, 0x2E, 0x01, 0x8D, 0x7E,
    0xCF, 0xCC, 0xC0, 0xB0, 0xED, 0xDF, 0x3E, 0x36, 0x06, 0x00, 0x6B, 0xF7, 0x2C, 0xBC, 0x78, 0x9C,
    0xFB, 0xBC, 0x9F, 0x81, 0x61, 0xC3, 0x7F, 0xE6, 0xCF, 0xC4, 0x53, 0xFF, 0x41, 0x00, 0x4E, 0x91,
    0xAA, 0x1D, 0x00, 0x36, 0xF0, 0x3B, 0x5B, 0x78, 0x9C, 0xFB, 0xF7, 0x1F, 0x08, 0xF8, 0xFE, 0x81,
    0x49, 0x06, 0x86, 0xFF, 0xFC, 0x0C, 0x0C, 0x94, 0x93, 0xFF, 0x90, 0xCC, 0x04, 0x00, 0x45, 0x9E,
    0x20, 0xC9, 0x78, 0x9C, 0x63, 0xF8, 0xF7, 0xFF, 0xFF, 0xFF, 0xF5, 0x0C, 0x10, 0x12, 0x08, 0xBE,
    0x90, 0x4A, 0xCE, 0x07, 0x91, 0x5F, 0xFB, 0x05, 0xB8, 0x19, 0x18, 0x7E, 0xC6, 0x5F, 0xB8, 0xCF,
    0x52, 0xF8, 0x9F, 0xAF, 0x01, 0x68, 0xD8, 0x7F, 0x66, 0x86, 0xC5, 0x7F, 0xEF, 0x4B, 0x32, 0x00,
    0x00, 0x27, 0x0C, 0x25, 0x3F, 0x78, 0x9C, 0xFB, 0xCF, 0xCF, 0xC0, 0xF0, 0x7D, 0x3F, 0xC3, 0x7F,
    0x7E, 0x06, 0x87, 0xFF, 0xB2, 0x20, 0xEA, 0xD3, 0x7F, 0x26, 0x10, 0xF5, 0xD7, 0x9F, 0x01, 0x48,
    0x6D, 0xF8, 0xCF, 0x0E, 0xA2, 0x7E, 0xAC, 0x67, 0x00, 0x52, 0xF1, 0xFF, 0xFD, 0x41, 0xD4, 0xFF,
    0xFF, 0xF7, 0xC1, 0xD4, 0xF9, 0xFF, 0x6C, 0x20, 0x4A, 0xEC, 0x3F, 0x1F, 0x90, 0x5A, 0xCF, 0xF0,
    0xA3, 0x1F, 0xA4, 0x92, 0xE1, 0x01, 0x44, 0x7B, 0xC1, 0x7F, 0x2E, 0x10, 0xC5, 0xF0, 0xCF, 0x1E,
    0x4C, 0x7D, 0x3D, 0x0F, 0xA6, 0x0E, 0xFC, 0x67, 0x03, 0x00, 0x4B, 0x2D, 0x2E, 0x19, 0x78, 0x9C,
    0xFB, 0xCF, 0xC7, 0x00, 0x04, 0xFF, 0xA9, 0x4B, 0x82, 0x00, 0x07, 0x84, 0x04, 0x00, 0x8C, 0x49,
    0x18, 0xBD, 0x78, 0x9C, 0xFB, 0xF6, 0x9F, 0x81, 0xE1, 0xC3, 0x7F, 0xB6, 0x6F, 0xFF, 0x59, 0x18,
    0xBE, 0x80, 0x28, 0x4E, 0x86, 0x9F, 0x40, 0xEA, 0x2F, 0x1F, 0xC3, 0xBF, 0xBF, 0x6C, 0xDF, 0xCE,
    0xDA, 0x3B, 0xEC, 0xFF, 0xC7, 0xF6, 0xAD, 0xAF, 0x7F, 0x42, 0x3E, 0x50, 0xD0, 0xFE, 0xFE, 0x05,
    0x7D, 0x20, 0xC5, 0xFF, 0xF7, 0x8B, 0x0C, 0x90, 0x92, 0xFF, 0xF1, 0x57, 0x1D, 0x44, 0x7D, 0xFA,
    0xAF, 0x08, 0xA4, 0xF4, 0x2F, 0xEC, 0x57, 0x00, 0x51, 0x09, 0x31, 0x60, 0x8A, 0x81, 0x01, 0x17,
    0x05, 0x00, 0xCA, 0xA4, 0x38, 0x8F, 0x78, 0x9C, 0xFB, 0xF4, 0x9F, 0x89, 0x61, 0xC1, 0x7F, 0xA6,
    0x4F, 0xFF, 0x39, 0x21, 0x94, 0x3C, 0x84, 0x9A, 0x0F, 0xA6, 0xE6, 0xFF, 0x67, 0x04, 0x51, 0xF9,
    0x7F, 0x39, 0x40, 0x54, 0xFD, 0x77, 0x79, 0x10, 0xD5, 0xFF, 0xA0, 0x7F, 0x02, 0x48, 0xAE, 0xE1,
    0x7D, 0x03, 0x90, 0x5A, 0x2F, 0xF0, 0xBF, 0x1C, 0x44, 0x31, 0xFC, 0xC8, 0x05, 0x53, 0x1F, 0xE7,
    0x83, 0xA9, 0x09, 0xFF, 0xC1, 0x94, 0x00, 0x84, 0x62, 0xF8, 0x05, 0xA1, 0x3E, 0xFD, 0x67, 0x02,
    0x00, 0x39, 0xFF, 0x3F, 0xE8, 0x78, 0x9C, 0x63, 0x30, 0x78, 0xF5, 0xDE, 0x8A, 0x81, 0x81, 0xE1,
    0xC7, 0xFF, 0xFF, 0xFF, 0x39, 0x18, 0x12, 0xFE, 0xDB, 0x1A, 0xFC, 0xCD, 0x67, 0xF8, 0xF0, 0x9F,
    0x91, 0xE1, 0xE3, 0x7F, 0x86, 0x6F, 0xFD, 0x0C, 0x0C, 0x0D, 0xFF, 0xD9, 0x7E, 0xF9, 0x33, 0x30,
    0x38, 0xFC, 0xE7, 0xFA, 0xAB, 0xCF, 0xC0, 0xA0, 0xF0, 0x9F, 0xF7, 0x9F, 0x3C, 0x03, 0x83, 0xC0,
    0x7F, 0x3E, 0x28, 0x05, 0x11, 0xE4, 0x81, 0x2A, 0xF9, 0x36, 0x9F, 0x81, 0x61, 0xC2, 0x7F, 0x56,
    0xB0, 0xF6, 0xF7, 0x30, 0xC3, 0xA0, 0x46, 0x33, 0x40, 0x2C, 0x02, 0x00, 0x7B, 0x84, 0x2F, 0x1B,
    0x78, 0x9C, 0xFB, 0xF3, 0xFF, 0xFF, 0x39, 0x4B, 0x86, 0x3F, 0xFF, 0x81, 0x80, 0xFD, 0x8F, 0x3C,
    0x43, 0xE2, 0x3F, 0x7B, 0x20, 0xC9, 0xF0, 0x65, 0x3E, 0x88, 0xFC, 0x78, 0x1E, 0x44, 0x7E, 0xDA,
    0x0F, 0x22, 0xBF, 0xF7, 0x03, 0xC9, 0xA2, 0xFF, 0xFA, 0x60, 0x95, 0x2C, 0x40, 0xF2, 0xBC, 0x04,
    0x03, 0x48, 0x9C, 0x81, 0x00, 0x09, 0x00, 0x82, 0x54, 0x28, 0xEA, 0x78, 0x9C, 0x63, 0x30, 0x78,
    0xF5, 0xDE, 0x8A, 0x81, 0x81, 0xE1, 0xC7, 0xFF, 0xFF, 0xFF, 0xD9, 0x19, 0x12, 0xFE, 0xDB, 0x1A,
    0xFC, 0xCD, 0x67, 0xF8, 0xF0, 0x9F, 0x91, 0xE1, 0xE3, 0x7F, 0x86, 0x6F, 0xF3, 0x19, 0x18, 0x26,
    0xFC, 0x67, 0xFB, 0xE5, 0xCF, 0xC0, 0xE0, 0xF0, 0x9F, 0xEB, 0x8F, 0x3E, 0x03, 0x83, 0xC2, 0x7F,
    0x9E, 0x7F, 0xF2, 0x0C, 0x0C, 0x02, 0xFF, 0x79, 0x21, 0x14, 0xDF, 0x5F, 0xB0, 0x20, 0xEF, 0xAF,
    0x78, 0x06, 0x86, 0x80, 0xFF, 0x5C, 0x50, 0x0D, 0x1F, 0xC1, 0xDA, 0x19, 0x0B, 0x40, 0x86, 0xF5,
    0x33, 0x30, 0xFC, 0x02, 0x1A, 0xCD, 0x05, 0x94, 0xFF, 0xF3, 0x3F, 0x17, 0x68, 0x11, 0x50, 0x01,
    0x07, 0x88, 0x12, 0xF8, 0xD7, 0xCF, 0xC4, 0x04, 0xA4, 0x1F, 0xFD, 0xFF, 0xCF, 0x07, 0xE2, 0xDE,
    0xF8, 0x2F, 0x0B, 0x00, 0x3A, 0x6A, 0x38, 0x3E, 0x78, 0x9C, 0xFB, 0xF7, 0xFF, 0xFF, 0x39, 0x4D,
    0x06, 0x86, 0x7F, 0xFF, 0x81, 0x80, 0x95, 0xE1, 0x1F, 0x3F, 0x43, 0xD1, 0x7F, 0x79, 0x10, 0xC5,
    0xF0, 0x33, 0x1F, 0x4C, 0x7D, 0xED, 0x07, 0x53, 0xDF, 0xEA, 0xC1, 0xD4, 0xEF, 0x78, 0x10, 0x35,
    0xE9, 0x3F, 0x1F, 0x58, 0xC3, 0x7B, 0x66, 0x30, 0x25, 0x05, 0xD4, 0xCE, 0xEF, 0xF0, 0x9F, 0x17,
    0x44, 0x31, 0xFC, 0xAA, 0x07, 0x53, 0x1F, 0xFF, 0x33, 0x82, 0xA8, 0x86, 0xFF, 0xDC, 0x60, 0x7D,
    0xFF, 0xFC, 0x21, 0x86, 0xDD, 0x67, 0x00, 0x00, 0x7E, 0x6A, 0x30, 0xDC, 0x78, 0x9C, 0x63, 0x30,
    0xB8, 0xF5, 0x7F, 0x2E, 0x33, 0x03, 0xC3, 0xF7, 0xFF, 0xFF, 0xFF, 0xEF, 0x67, 0x70, 0xF8, 0x6F,
    0x23, 0xB0, 0x25, 0x9E, 0x61, 0xC3, 0x7F, 0xA0, 0x08, 0x33, 0xC3, 0x01, 0x10, 0xC5, 0xC0, 0xB0,
    0xE0, 0xBF, 0x2D, 0x88, 0x52, 0xF8, 0xFF, 0x3F, 0x07, 0x44, 0x5F, 0xFE, 0xFF, 0xBF, 0x8F, 0x11,
    0x48, 0x1F, 0xFD, 0xFF, 0xDF, 0x0F, 0xC4, 0x5F, 0xFC, 0xFF, 0x3F, 0x88, 0xCB, 0xF0, 0xE8, 0x3F,
    0x3B, 0x88, 0x2A, 0xF8, 0xCF, 0x69, 0xC0, 0x09, 0xA2, 0xD8, 0x1E, 0xBE, 0x57, 0x17, 0xF8, 0xF6,
    0x9E, 0x71, 0x13, 0xD0, 0xE4, 0xFF, 0x76, 0x0C, 0x0C, 0x93, 0xDF, 0xBC, 0xAF, 0x61, 0x64, 0x00,
    0x00, 0x75, 0x54, 0x2B, 0xBD, 0x78, 0x9C, 0xFB, 0xF8, 0x1F, 0x0C, 0x18, 0x3F, 0x42, 0x69, 0x06,
    0x06, 0x86, 0xFF, 0xFC, 0x0C, 0x60, 0x40, 0x17, 0x1A, 0x00, 0xD4, 0x95, 0x1C, 0x9D, 0x78, 0x9C,
    0xFB, 0xBC, 0x9F, 0x81, 0x61, 0xC2, 0x7F, 0xE6, 0xCF, 0x94, 0x51, 0x9F, 0xC0, 0x14, 0xD3, 0x87,
    0xF3, 0x0C, 0x0C, 0x1B, 0xFE, 0x33, 0x1C, 0xF8, 0xCF, 0xC8, 0x00, 0x64, 0x06, 0xFC, 0xB7, 0x35,
    0xF8, 0x93, 0xCF, 0xC0, 0xF0, 0xF3, 0xFF, 0xFF, 0xFF, 0x5C, 0x0C, 0x0C, 0x0E, 0xAF, 0xDF, 0x47,
    0x33, 0x30, 0x00, 0x00, 0xB1, 0xA8, 0x34, 0x74, 0x78, 0x9C, 0x1D, 0xCB, 0x61, 0x0D, 0x82, 0x70,
    0x18, 0xC4, 0xE1, 0xDF, 0x64, 0x6E, 0xCE, 0xC1, 0x8C, 0x00, 0x0D, 0xA8, 0x40, 0x03, 0x69, 0x42,
    0x05, 0x1A, 0x68, 0x03, 0x68, 0x60, 0x04, 0x2B, 0xFC, 0x1B, 0x48, 0x03, 0x44, 0x06, 0x63, 0x30,
    0x39, 0xDF, 0xD7, 0x2F, 0xF7, 0x7C, 0xB8, 0xBB, 0x4F, 0x0F, 0x04, 0x1D, 0x82, 0x22, 0x18, 0x5E,
    0xD4, 0x3A, 0xC1, 0x7C, 0x23, 0x53, 0x0C, 0x5B, 0x0E, 0xDF, 0x14, 0x94, 0xC0, 0x52, 0x51, 0x78,
    0x37, 0x3E, 0x6C, 0x63, 0xDB, 0x4E, 0x04, 0xFF, 0xDE, 0x15, 0x0D, 0x8D, 0x69, 0xE5, 0x7C, 0x35,
    0xD9, 0xE3, 0xF5, 0xE2, 0xAE, 0xE9, 0x7E, 0x76, 0xA7, 0x46, 0x47, 0xF7, 0x2D, 0x39, 0xB4, 0x7A,
    0xFE, 0x2D, 0x55, 0x59, 0xFE, 0x00, 0xE9, 0x1B, 0x2B, 0xD2, 0x78, 0x9C, 0x0D, 0xCC, 0x4D, 0x11,
    0x82, 0x50, 0x00, 0x46, 0xD1, 0xEB, 0xA8, 0xC3, 0x38, 0xE0, 0x4F, 0x03, 0x8C, 0x60, 0x03, 0x8C,
    0x40, 0x03, 0x6C, 0x00, 0x0D, 0x8C, 0x00, 0x0D, 0xB0, 0x01, 0x46, 0xA0, 0x01, 0x9A, 0x00, 0x96,
    0xEE, 0x60, 0x14, 0x07, 0x50, 0xF0, 0xF3, 0xAD, 0xCE, 0xEE, 0x8C, 0x01, 0xB0, 0x97, 0x33, 0x84,
    0xC6, 0x83, 0x56, 0xDD, 0xD9, 0xE8, 0xCB, 0x7A, 0xA7, 0xC6, 0x93, 0x96, 0xCF, 0x8C, 0x87, 0x13,
    0x69, 0xDE, 0x14, 0x4C, 0x6E, 0xA2, 0x59, 0x55, 0xEE, 0x14, 0x5C, 0x6A, 0xAE, 0xF2, 0xEB, 0x38,
    0x2F, 0x48, 0x94, 0xA4, 0xC5, 0x2D, 0x23, 0xD2, 0xDD, 0x53, 0x15, 0x73, 0x54, 0xBB, 0xF9, 0xB5,
    0xA1, 0x29, 0x7B, 0xFB, 0xD3, 0x7B, 0xA0, 0xD1, 0xEA, 0x46, 0x17, 0x26, 0x2D, 0x5E, 0xDA, 0xC2,
    0x57, 0x34, 0x5A, 0xC3, 0x50, 0x92, 0xCB, 0xE6, 0x0F, 0x3C, 0x36, 0x3F, 0xC0, 0x78, 0x9C, 0x1D,
    0xCD, 0xC1, 0x0D, 0x82, 0x40, 0x14, 0x84, 0xE1, 0xDF, 0x20, 0x26, 0xA8, 0x10, 0x1A, 0x21, 0xA1,
    0x83, 0x2D, 0xC5, 0x12, 0xB4, 0x03, 0xE9, 0x00, 0x3B, 0x81, 0x12, 0xE8, 0x60, 0x4B, 0xB0, 0x04,
    0xC3, 0x01, 0xC3, 0x9A, 0xC0, 0xB8, 0x6F, 0x4F, 0xDF, 0x61, 0xDE, 0xCC, 0xEB, 0x74, 0x81, 0xB5,
    0x87, 0xDD, 0x51, 0xAB, 0x82, 0xC5, 0xF3, 0x52, 0x0E, 0x93, 0xF2, 0xD9, 0x03, 0xAD, 0xCA, 0xE0,
    0xA2, 0x84, 0xA7, 0xCE, 0xE6, 0x2C, 0x1D, 0xCC, 0x87, 0x7A, 0x83, 0x51, 0x43, 0x72, 0xF9, 0xE8,
    0x68, 0x6E, 0x8D, 0xCA, 0x14, 0x9F, 0xC2, 0xDD, 0xCE, 0xDF, 0xB1, 0x11, 0x0B, 0xBF, 0x1B, 0x9D,
    0x8A, 0x38, 0x77, 0x4D, 0xBF, 0x26, 0x65, 0xF0, 0xF5, 0xFC, 0x01, 0x59, 0x3B, 0x2D, 0x24, 0x78,
    0x9C, 0x95, 0x8C, 0xC1, 0x0D, 0x40, 0x40, 0x14, 0x05, 0x67, 0x0F, 0xC2, 0x41, 0x96, 0x0E, 0xB4,
    0xA4, 0x93, 0xD5, 0x81, 0xED, 0x40, 0x4B, 0x3A, 0xA1, 0x03, 0xD9, 0x44, 0x90, 0x08, 0x8F, 0xAF,
    0x03, 0xA7, 0x39, 0xCC, 0x9B, 0x97, 0x16, 0x60, 0x96, 0x8B, 0xCA, 0x61, 0x1B, 0xA8, 0xE5, 0xE1,
    0x6A, 0xE0, 0x08, 0xB4, 0x2A, 0x20, 0x4D, 0x8C, 0x72, 0x10, 0x95, 0xAD, 0xFD, 0xBB, 0xE5, 0x2E,
    0x4F, 0x6F, 0xDC, 0x83, 0x25, 0x16, 0xDB, 0x05, 0x74, 0xFA, 0x34, 0xA8, 0xFA, 0xC1, 0x07, 0x7D,
    0xEE, 0x21, 0xD9, 0x78, 0x9C, 0xDB, 0xF0, 0x1F, 0x04, 0xD8, 0x37, 0x80, 0x29, 0x56, 0x06, 0x20,
    0xF8, 0xB6, 0x1F, 0x44, 0x2A, 0xFC, 0x97, 0x03, 0x51, 0x1B, 0x90, 0xC5, 0x04, 0xFE, 0xCB, 0x43,
    0xC4, 0xD8, 0x90, 0xC4, 0xFE, 0x21, 0x8B, 0x7D, 0x45, 0x16, 0x5B, 0x00, 0x11, 0xFB, 0x02, 0x36,
    0x9A, 0xF3, 0x3B, 0x84, 0x02, 0x00, 0x2E, 0xEB, 0x29, 0xB1, 0x78, 0x9C, 0xFB, 0xFD, 0xFF, 0x7F,
    0xFD, 0x6F, 0x10, 0xE6, 0x60, 0x60, 0xA0, 0x0A, 0x86, 0x9A, 0x07, 0x00, 0xB2, 0x1F, 0x20, 0x17,
    0x78, 0x9C, 0xFB, 0xC5, 0xC3, 0x00, 0x04, 0x5F, 0xF4, 0x41, 0xE4, 0x83, 0x7E, 0x10, 0xD9, 0xF0,
    0x1E, 0x44, 0x2A, 0xFC, 0x67, 0x01, 0x51, 0x7F, 0xB8, 0x40, 0xE4, 0x37, 0x79, 0x10, 0xF9, 0x31,
    0x1F, 0x44, 0x2E, 0x38, 0x0F, 0x22, 0x1D, 0xFE, 0x33, 0x81, 0xA8, 0x7F, 0x1C, 0x20, 0xF2, 0x07,
    0x1F, 0x88, 0xFC, 0xE4, 0x0F, 0x22, 0x0F, 0xAC, 0x07, 0x91, 0x09, 0xFF, 0x19, 0x81, 0xA4, 0xC0,
    0x7F, 0x36, 0x10, 0xE7, 0x17, 0x0E, 0x2B, 0x0C, 0x20, 0x56, 0xFC, 0xE5, 0x02, 0x00, 0xFE, 0x47,
    0x1A, 0xC8, 0x78, 0x9C, 0xFB, 0xFE, 0xFF, 0xFF, 0xFE, 0xEF, 0x40, 0xCC, 0xC0, 0xD0, 0x40, 0x15,
    0xFC, 0x1D, 0x6A, 0x1E, 0x00, 0x62, 0xA4, 0x25, 0x3F, 0x78, 0x9C, 0x63, 0x60, 0xF8, 0xC7, 0xC7,
    0xC0, 0xC0, 0xE0, 0xF0, 0xDF, 0x1F, 0x48, 0x2E, 0x78, 0xBF, 0x1E, 0x48, 0x7E, 0x8C, 0xFF, 0xCF,
    0xC8, 0xC0, 0xF0, 0x8D, 0xF7, 0x2F, 0x1B, 0x03, 0xC3, 0x5F, 0xF6, 0x1F, 0xBC, 0x0C, 0x06, 0xFF,
    0x99, 0x3E, 0xD9, 0x33, 0x4C, 0x38, 0xCF, 0x70, 0x60, 0x3E, 0xC3, 0x83, 0x7C, 0x86, 0x84, 0xF7,
    0x0C, 0x5F, 0xE5, 0x19, 0x04, 0xFE, 0xB3, 0x02, 0x00, 0x51, 0xC7, 0x15, 0x1E, 0x78, 0x9C, 0xFB,
    0xF1, 0x1F, 0x04, 0x38, 0x7E, 0x40, 0x28, 0x00, 0x5F, 0x63, 0x0B, 0xF7, 0x78, 0x9C, 0x13, 0x90,
    0x66, 0x60, 0xB8, 0x78, 0x9E, 0x81, 0xE1, 0xE0, 0x7F, 0x2E, 0x06, 0x86, 0x3F, 0xF5, 0x0C, 0x0C,
    0x1B, 0xFE, 0x33, 0x32, 0x30, 0x44, 0x31, 0x00, 0x00, 0x5A, 0x90, 0x07, 0x1B, 0x78, 0x9C, 0x63,
    0x48, 0x7C, 0xFD, 0xBF, 0x96, 0x81, 0xA1, 0xE0, 0x3F, 0x10, 0xC8, 0x32, 0x28, 0xEC, 0x17, 0x55,
    0xF8, 0x35, 0x9F, 0x81, 0x81, 0x91, 0x81, 0xE1, 0xC1, 0x7B, 0x06, 0x06, 0x86, 0x96, 0xDB, 0xFF,
    0xFE, 0x33, 0x32, 0x3C, 0x07, 0x49, 0x32, 0x4E, 0xF8, 0x3F, 0x4F, 0xF5, 0xE0, 0x7F, 0xA6, 0x8F,
    0xF7, 0x19, 0x19, 0x0E, 0xFC, 0x67, 0xFA, 0x0C, 0x54, 0x75, 0x11, 0xC8, 0x7B, 0xCF, 0x92, 0xF8,
    0xEF, 0x3F, 0x13, 0x48, 0xFB, 0xDA, 0xFF, 0x4C, 0x0C, 0x47, 0xFF, 0xE7, 0x38, 0xFC, 0x67, 0x02,
    0x00, 0xE4, 0x55, 0x2B, 0xEA, 0x78, 0x9C, 0xFB, 0xCF, 0xCF, 0x00, 0x04, 0xFF, 0x71, 0x91, 0x7C,
    0x10, 0xF2, 0xFA, 0x7B, 0x2D, 0x86, 0xFF, 0xF7, 0xFE, 0xFF, 0xFF, 0xCF, 0xF2, 0xFF, 0x3D, 0x6B,
    0xE3, 0x7F, 0xBE, 0xFF, 0xF2, 0x0C, 0x0C, 0x7F, 0xE2, 0x41, 0x6A, 0xBE, 0xF7, 0x83, 0xC8, 0xAF,
    0xEB, 0xC1, 0xE4, 0x7C, 0xB0, 0x48, 0x3D, 0x48, 0xF6, 0xAF, 0xFE, 0xFF, 0xFB, 0x2C, 0x9B, 0xFE,
    0x73, 0xFD, 0xFF, 0xF3, 0xFF, 0xFF, 0x79, 0x86, 0xFF, 0x6A, 0xAF, 0xEE, 0xB3, 0x33, 0x00, 0x00,
    0xC5, 0xEB, 0x2C, 0x39, 0x78, 0x9C, 0x63, 0x60, 0x58, 0xFA, 0xEF, 0xBE, 0x04, 0x03, 0xC3, 0xA1,
    0xFF, 0x40, 0xC0, 0x28, 0xF0, 0x6F, 0x3F, 0x73, 0x40, 0x2F, 0xC3, 0x84, 0xFF, 0x9C, 0x0C, 0x40,
    0xF0, 0xE1, 0x3F, 0x23, 0x88, 0xFA, 0x78, 0x1F, 0x44, 0x32, 0x7C, 0x82, 0x50, 0x50, 0xC1, 0x05,
    0xFF, 0xB9, 0x18, 0x18, 0x14, 0x18, 0x14, 0xFE, 0xEF, 0x67, 0x76, 0x7C, 0xCB, 0xC8, 0xF0, 0x18,
    0xA4, 0x9D, 0x85, 0x81, 0x61, 0xDB, 0xBF, 0x73, 0xE2, 0x0C, 0x00, 0x43, 0x74, 0x1F, 0x75, 0x78,
    0x9C, 0x63, 0x60, 0x60, 0x60, 0xF8, 0xF0, 0x9F, 0x01, 0x0F, 0xF9, 0xE0, 0x3F, 0x43, 0xC1, 0xDF,
    0x75, 0x97, 0xFE, 0x0B, 0xFC, 0xF9, 0x0F, 0x04, 0x1B, 0xFE, 0xDB, 0x18, 0xFC, 0xF9, 0xFF, 0xF9,
    0x3D, 0x48, 0xF6, 0x47, 0x3F, 0x88, 0xFC, 0x15, 0x8F, 0x20, 0x7F, 0xD4, 0x83, 0xC8, 0x2F, 0xF7,
    0x19, 0x18, 0x3E, 0xFD, 0xBF, 0xF0, 0x5F, 0x32, 0xE0, 0xDF, 0x7F, 0x85, 0x7F, 0xFF, 0xFF, 0x9F,
    0xFD, 0xCF, 0x30, 0xF1, 0x5F, 0x5F, 0xC1, 0x7F, 0x00, 0xA8, 0x1D, 0x3A, 0x3F, 0x78, 0x9C, 0x63,
    0x50, 0xB8, 0xF9, 0xBF, 0x86, 0x81, 0x81, 0xE1, 0xDB, 0xFF, 0xFF, 0xFF, 0x65, 0x19, 0x02, 0xFE,
    0xC7, 0x09, 0x7E, 0xDB, 0xCF, 0xF0, 0xE0, 0x3F, 0x13, 0x43, 0xC1, 0x7F, 0xE6, 0x2F, 0xEB, 0x19,
    0x18, 0x04, 0xFE, 0xB3, 0x83, 0xA4, 0xFE, 0xFF, 0xE7, 0x80, 0x50, 0xEC, 0x5F, 0xE6, 0x33, 0x80,
    0xC0, 0x83, 0xF7, 0x4C, 0x20, 0x2A, 0xE0, 0x7F, 0x1E, 0x53, 0x60, 0x0C, 0x44, 0xFB, 0x7D, 0xA0,
    0xEA, 0x13, 0xFF, 0xF7, 0xB1, 0x31, 0x00, 0x00, 0x11, 0x7B, 0x29, 0x32, 0x78, 0x9C, 0x63, 0x60,
    0x10, 0xB8, 0xF1, 0x7F, 0x2D, 0x33, 0x03, 0xC3, 0xC3, 0xFF, 0xFF, 0xFF, 0xB3, 0x30, 0x30, 0xFC,
    0x9E, 0xCF, 0x94, 0xC4, 0xC0, 0x20, 0xF0, 0x9F, 0x97, 0x01, 0x08, 0x0C, 0xFE, 0x73, 0x82, 0x28,
    0x87, 0xFF, 0x1C, 0x40, 0xF2, 0x15, 0x50, 0xC1, 0x7F, 0x7B, 0x86, 0xDF, 0x10, 0x0A, 0x2A, 0x48,
    0x21, 0x05, 0x00, 0x2F, 0xAA, 0x23, 0x34, 0x78, 0x9C, 0x63, 0x08, 0xF8, 0xF3, 0xFF, 0xFF, 0x7F,
    0x7D, 0x86, 0xDF, 0xFF, 0x41, 0x54, 0xC1, 0x7F, 0xAD, 0x84, 0xFF, 0x5C, 0x0C, 0x07, 0xFE, 0x33,
    0x30, 0xFC, 0xE4, 0x07, 0x53, 0x3F, 0xE4, 0x19, 0x26, 0xFC, 0x67, 0x57, 0xF8, 0xC7, 0xCB, 0x20,
    0xF0, 0xEF, 0xFD, 0xDF, 0xFF, 0x2C, 0x40, 0x89, 0xFF, 0xFF, 0x6D, 0x18, 0x18, 0x0A, 0xCE, 0x2B,
    0x08, 0x33, 0x30, 0x30, 0x6C, 0xB8, 0xCF, 0x04, 0x24, 0x19, 0x12, 0x40, 0xBA, 0x7B, 0x19, 0x19,
    0xFE, 0xFC, 0x03, 0xD2, 0xBC, 0x07, 0xE2, 0x19, 0x18, 0x14, 0xFE, 0xEA, 0x7F, 0xE5, 0x07, 0xCA,
    0xFC, 0x92, 0xFF, 0xBA, 0x5F, 0x58, 0x60, 0xC9, 0x7F, 0xAE, 0x03, 0x20, 0x25, 0xEB, 0x19, 0x18,
    0xB6, 0xFD, 0x7D, 0xDF, 0xC3, 0xCC, 0x00, 0x00, 0xC0, 0x5A, 0x39, 0xC8, 0x78, 0x9C, 0xFB, 0xCF,
    0xCF, 0x00, 0x04, 0xFF, 0x71, 0x91, 0x7C, 0x60, 0x92, 0x77, 0xF3, 0xBF, 0x5C, 0x86, 0xFF, 0xB5,
    0xFF, 0xFF, 0xFF, 0x67, 0xFF, 0xFF, 0x5F, 0x22, 0xF1, 0x3F, 0xDF, 0xFF, 0x7C, 0x06, 0x86, 0x3F,
    0xF6, 0x20, 0x35, 0xBF, 0xFC, 0x41, 0xE4, 0x4F, 0xA2, 0x48, 0x00, 0x6C, 0xFE, 0x26, 0xDC, 0x78,
    0x9C, 0x63, 0x60, 0x98, 0x70, 0x9E, 0x89, 0x81, 0xE1, 0xCB, 0x7F, 0x4E, 0x28, 0xB1, 0x00, 0xC4,
    0x85, 0x81, 0x7F, 0xFF, 0xFF, 0xFF, 0x67, 0x01, 0x13, 0x0C, 0x0C, 0x13, 0x48, 0x24, 0x00, 0x65,
    0x8A, 0x1E, 0x87, 0x78, 0x9C, 0x63, 0x60, 0x60, 0xF8, 0xA9, 0xC3, 0xC0, 0xE0, 0xF0, 0x7F, 0x3E,
    0x94, 0x60, 0xF8, 0x05, 0xE4, 0xC2, 0xC0, 0x83, 0xFF, 0xFF, 0xFF, 0xFB, 0x83, 0x09, 0x20, 0xE7,
    0x27, 0xC9, 0xC4, 0x2F, 0x7B, 0x20, 0xF1, 0x57, 0xBE, 0x80, 0xA9, 0xF0, 0x3F, 0xF7, 0xB7, 0xFF,
    0xFF, 0xDF, 0x33, 0x2D, 0xF9, 0x7B, 0x5F, 0x92, 0x01, 0x00, 0x00, 0x0C, 0x25, 0xF0, 0x78, 0x9C,
    0xFB, 0xA3, 0xCF, 0x00, 0x02, 0x7F, 0x88, 0xA3, 0x7E, 0xD7, 0x83, 0xA8, 0x0D, 0xFF, 0xD9, 0x80,
    0x94, 0xC0, 0x9F, 0x78, 0x90, 0xE0, 0xC1, 0xFF, 0x2C, 0x40, 0xCA, 0xFF, 0x6F, 0x3E, 0x48, 0xC9,
    0xFF, 0xFF, 0xF7, 0xC1, 0xD4, 0xFC, 0xFF, 0x9C, 0x20, 0x8A, 0xF5, 0x37, 0x48, 0x49, 0x3E, 0xC3,
    0xC3, 0xF7, 0x8C, 0x20, 0x7D, 0x01, 0xFF, 0xB9, 0xC1, 0xA6, 0xFC, 0x02, 0x9B, 0xC2, 0xF0, 0xF0,
    0x3F, 0x13, 0x00, 0x07, 0xFB, 0x2B, 0x0B, 0x78, 0x9C, 0xFB, 0xFE, 0xFF, 0x7F, 0x3F, 0x03, 0x03,
    0xC3, 0x77, 0x08, 0xC5, 0xC0, 0xF0, 0x95, 0x06, 0xD4, 0xE7, 0xF5, 0x60, 0xEA, 0xC1, 0x7F, 0xD6,
    0x40, 0x20, 0x95, 0xF0, 0xFF, 0xFF, 0x7F, 0x26, 0x20, 0x7D, 0xF4, 0xFF, 0x3A, 0x66, 0x00, 0xDE,
    0x44, 0x22, 0xE4, 0x78, 0x9C, 0xFB, 0xEB, 0xF6, 0x97, 0xEB, 0xCA, 0x7E, 0xC6, 0xBF, 0xBF, 0xFF,
    0xCF, 0xFF, 0xFF, 0x9F, 0xEB, 0xEF, 0xFA, 0x03, 0xFF, 0x25, 0xFF, 0xF2, 0xFF, 0x95, 0x9F, 0xF0,
    0x9F, 0xF1, 0x97, 0xFE, 0x5F, 0xFE, 0x86, 0xFB, 0x0C, 0x64, 0x50, 0x00, 0x32, 0xD6, 0x2E, 0x82,
    0x78, 0x9C, 0xFB, 0xCF, 0xBE, 0xF9, 0x5F, 0x2E, 0xC3, 0xFF, 0xCE, 0xFF, 0xFF, 0xFF, 0xB3, 0xFF,
    0xFF, 0x2F, 0x91, 0xF8, 0x9F, 0xEF, 0x7F, 0x3D, 0x03, 0xC3, 0x1F, 0xFB, 0xFF, 0xFC, 0x0C, 0x0C,
    0xBF, 0xFC, 0x41, 0xE4, 0x4F, 0xA2, 0x48, 0x00, 0x25, 0x91, 0x20, 0x9F, 0x78, 0x9C, 0x63, 0x70,
    0x78, 0xF5, 0xDE, 0x8B, 0x81, 0x81, 0xE1, 0xD7, 0xFF, 0xFF, 0xFF, 0x39, 0x19, 0x26, 0xFC, 0xD7,
    0x56, 0xF8, 0xDD, 0xCF, 0xF0, 0xE9, 0x3D, 0x03, 0xC3, 0x83, 0xFF, 0x4C, 0xDF, 0xFB, 0x19, 0x18,
    0x1A, 0xFE, 0xB3, 0xFF, 0x8A, 0x67, 0x60, 0x08, 0xF8, 0xCF, 0x09, 0xA5, 0xA0, 0x82, 0x50, 0x25,
    0x60, 0x0D, 0xF3, 0x21, 0xDA, 0xB9, 0x18, 0x18, 0x1C, 0x5E, 0xBF, 0xF7, 0x66, 0x60, 0x00, 0x00,
    0x7A, 0x87, 0x26, 0xA0, 0x78, 0x9C, 0xFB, 0xCF, 0x7E, 0xFD, 0xBD, 0x16, 0xC3, 0xFF, 0x3B, 0xFF,
    0xFF, 0xFF, 0x67, 0xF9, 0xFF, 0x9E, 0xB5, 0xF1, 0x3F, 0xDF, 0x7F, 0x7D, 0x06, 0x86, 0x3F, 0xF1,
    0xFF, 0xF9, 0x19, 0x18, 0xBE, 0xF7, 0x83, 0xC8, 0xAF, 0xEB, 0xC1, 0xE4, 0x7C, 0xB0, 0x48, 0x3D,
    0x88, 0xFC, 0xAB, 0xFF, 0xFF, 0x3C, 0xCB, 0xA6, 0xFF, 0x5C, 0x40, 0x3D, 0xFF, 0xCF, 0x33, 0xFC,
    0xD7, 0x7D, 0x75, 0x9F, 0x9D, 0xE1, 0x3F, 0x1F, 0x03, 0x10, 0x80, 0x64, 0xB1, 0x91, 0x00, 0x46,
    0x6E, 0x2B, 0x1C, 0x78, 0x9C, 0x63, 0x28, 0xF8, 0xBB, 0x2E, 0xE9, 0xBF, 0xC0, 0x9F, 0xFF, 0xFF,
    0xEF, 0xFF, 0xDF, 0xF0, 0xDF, 0xC6, 0xE0, 0xEF, 0xFF, 0xCF, 0xEF, 0x19, 0x18, 0x3E, 0xFE, 0xFF,
    0xD1, 0xCF, 0xC0, 0xF0, 0xE1, 0xFF, 0xAF, 0x78, 0x04, 0xF9, 0xA3, 0x1E, 0x44, 0x7E, 0xB9, 0x0F,
    0x92, 0xBD, 0xF0, 0x5F, 0xD2, 0xE1, 0xEF, 0x7F, 0x85, 0x7F, 0xFF, 0xFF, 0xBF, 0xFD, 0xCF, 0x30,
    0xF1, 0x5F, 0xDF, 0x85, 0xFF, 0x0C, 0x40, 0xF0, 0x00, 0x4C, 0x7E, 0xC0, 0x42, 0x02, 0x00, 0x7B,
    0xF4, 0x38, 0x30, 0x78, 0x9C, 0xFB, 0xC3, 0x95, 0xF0, 0xE6, 0x3E, 0xEB, 0x1F, 0x99, 0x3F, 0xFF,
    0xFF, 0x33, 0xFF, 0x39, 0xD7, 0xCF, 0xE4, 0xC8, 0xF0, 0xE7, 0x3F, 0x33, 0x03, 0x03, 0xC3, 0x9F,
    0x78, 0x06, 0x10, 0xA9, 0x4F, 0x2C, 0x09, 0x00, 0xEC, 0x99, 0x15, 0x6E, 0x78, 0x9C, 0x63, 0x28,
    0x78, 0xF3, 0xBE, 0x87, 0x89, 0x41, 0xE0, 0xEF, 0xFF, 0xFF, 0xFF, 0xEB, 0x19, 0x1A, 0xFE, 0x4B,
    0x0A, 0x1C, 0xD5, 0x63, 0x58, 0xF0, 0x9F, 0x85, 0x81, 0x81, 0x91, 0xA1, 0xE0, 0xFF, 0x7A, 0x55,
    0x06, 0x20, 0xF8, 0xF9, 0xFF, 0xFF, 0x3C, 0x66, 0x06, 0x06, 0x85, 0x13, 0xFF, 0xFF, 0xF7, 0x83,
    0xF8, 0x06, 0x3F, 0xFE, 0x33, 0x19, 0x30, 0x31, 0x30, 0x4C, 0xF8, 0xCF, 0xF2, 0x60, 0xBD, 0x28,
    0xC3, 0x93, 0xFF, 0x8C, 0x87, 0x80, 0xBA, 0xFF, 0xE7, 0x33, 0x30, 0x34, 0xBF, 0xF9, 0x3F, 0x97,
    0x89, 0x01, 0x00, 0xF0, 0xCB, 0x24, 0xA2, 0x78, 0x9C, 0x63, 0x60, 0xF8, 0xC3, 0xC5, 0x00, 0x02,
    0xFF, 0x20, 0xD4, 0x7F, 0x30, 0x25, 0x00, 0xA6, 0x9E, 0xFF, 0x07, 0x01, 0xE6, 0x1F, 0x10, 0x8A,
    0xC1, 0x01, 0x22, 0x87, 0x95, 0x32, 0x40, 0xA1, 0x04, 0xFE, 0xF3, 0x82, 0x0D, 0xFB, 0x33, 0x9F,
    0xC9, 0x91, 0x91, 0x81, 0xE1, 0x33, 0x50, 0x3B, 0x3B, 0x03, 0x83, 0xC2, 0xAB, 0xFF, 0x6B, 0x59,
    0x00, 0x2F, 0xD4, 0x21, 0x4E, 0x78, 0x9C, 0xFB, 0xB2, 0x9E, 0x81, 0xE1, 0xC3, 0xFB, 0x2F, 0x44,
    0x90, 0x9F, 0xC1, 0xE4, 0xA7, 0xF3, 0x0C, 0x0C, 0x3F, 0xDE, 0x3F, 0xF8, 0x2F, 0xD6, 0xF8, 0xFF,
    0x7D, 0xC1, 0xFF, 0xFF, 0xFF, 0x57, 0xBC, 0x67, 0xB8, 0xF6, 0xDE, 0xBB, 0xE1, 0x3D, 0x00, 0x1A,
    0xA2, 0x2C, 0x9F, 0x78, 0x9C, 0xFB, 0x23, 0xCF, 0xC0, 0xC0, 0xF0, 0x9F, 0xE7, 0x6B, 0x3D, 0x03,
    0x43, 0xC0, 0x7F, 0xD6, 0x07, 0xF7, 0x19, 0x18, 0x36, 0xBC, 0x67, 0x68, 0xF8, 0xCF, 0xC2, 0xF0,
    0x71, 0x3E, 0x83, 0xC2, 0x7F, 0x2E, 0x86, 0xEF, 0xFA, 0x0C, 0x0C, 0xBF, 0xF9, 0x19, 0xFE, 0xF2,
    0x30, 0x30, 0x7C, 0xCD, 0x77, 0xF8, 0xCF, 0xC6, 0xC0, 0xF0, 0x60, 0xFF, 0x84, 0xFF, 0x40, 0x3D,
    0x0D, 0xFF, 0x1F, 0xCE, 0x07, 0x52, 0x02, 0xFF, 0x7F, 0xDB, 0x03, 0x29, 0x86, 0xDF, 0xFF, 0x79,
    0x40, 0xD4, 0x17, 0x90, 0x0A, 0x00, 0x5E, 0x97, 0x1E, 0xE0, 0x78, 0x9C, 0x01, 0x60, 0x00, 0x9F,
    0xFF, 0xFC, 0x0F, 0x00, 0x00, 0x00, 0x00, 0xFE, 0x0B, 0xF8, 0x3F, 0x00, 0xD9, 0x0B, 0x10, 0xFF,
    0x08, 0xF5, 0x6F, 0x00, 0xFE, 0x1F, 0x30, 0xFF, 0x05, 0xF2, 0x9F, 0x10, 0xFF, 0x4F, 0x60, 0xFF,
    0x02, 0xF0, 0xCF, 0x50, 0xAF, 0x7F, 0x90, 0xFF, 0x00, 0xC0, 0xFF, 0x80, 0x6F, 0xBF, 0xC0, 0xCF,
    0x00, 0x90, 0xFF, 0xC1, 0x1F, 0xEF, 0xE0, 0x9F, 0x00, 0x60, 0xFF, 0xF4, 0x0E, 0xFD, 0xF3, 0x6F,
    0x00, 0x30, 0xFF, 0xF9, 0x0A, 0xFA, 0xF8, 0x3F, 0x00, 0x00, 0xFF, 0xFE, 0x07, 0xF7, 0xFD, 0x1F,
    0x00, 0x00, 0xFD, 0xFF, 0x04, 0xF3, 0xFF, 0x0D, 0x00, 0x00, 0xFA, 0xFF, 0x00, 0xF0, 0xFF, 0x0A,
    0x00, 0xEC, 0x75, 0x31, 0x1C, 0x78, 0x9C, 0xFB, 0xF4, 0x9E, 0x91, 0xE1, 0xC2, 0x7F, 0xA6, 0x80,
    0xFF, 0xDC, 0x0C, 0x3F, 0xF3, 0x19, 0x18, 0x7E, 0xE5, 0x1B, 0x00, 0x59, 0x40, 0x91, 0x43, 0x40,
    0x71, 0x06, 0x83, 0xFF, 0xFF, 0xE2, 0x19, 0x80, 0xE0, 0xC7, 0x7F, 0x2E, 0x10, 0xF5, 0xE7, 0x3F,
    0x27, 0x90, 0x6C, 0xF8, 0xFF, 0x07, 0x24, 0xF8, 0x79, 0xFE, 0xC3, 0xFF, 0x4C, 0x0C, 0x0C, 0xFF,
    0xE4, 0x1C, 0xFE, 0xF3, 0x30, 0x2C, 0xF8, 0xCF, 0xCA, 0xF0, 0x63, 0x3E, 0xC3, 0xD7, 0xF5, 0x0C,
    0x0C, 0x07, 0xFE, 0xB3, 0x02, 0x00, 0xCB, 0x1E, 0x22, 0x83, 0x78, 0x9C, 0xFB, 0x23, 0xCF, 0xC0,
    0xC0, 0xF0, 0x8F, 0xF7, 0x4B, 0x3F, 0x03, 0x83, 0xC3, 0x7F, 0xB6, 0x03, 0xEF, 0x19, 0x18, 0x16,
    0xFC, 0x67, 0x08, 0xF8, 0xCF, 0xCA, 0xF0, 0x61, 0x3E, 0x03, 0xC3, 0x5F, 0x1E, 0x86, 0x6F, 0xF6,
    0x0C, 0x0C, 0x5F, 0xED, 0x19, 0xFE, 0xF0, 0x30, 0x30, 0x5C, 0x58, 0xAF, 0xF0, 0x9F, 0x8D, 0x81,
    0x21, 0xE1, 0x7F, 0x21, 0x50, 0x15, 0x50, 0xD3, 0xB5, 0xF9, 0x20, 0xEA, 0xDB, 0x3F, 0x7D, 0x10,
    0xF5, 0xE0, 0x3F, 0x0F, 0x88, 0x9A, 0x00, 0xD4, 0x09, 0x04, 0x17, 0xC0, 0x2A, 0x18, 0xBE, 0xD6,
    0x03, 0x09, 0x81, 0x80, 0x7F, 0xBC, 0x40, 0xEA, 0xC3, 0xFF, 0xFF, 0x4C, 0x40, 0xEA, 0xD3, 0x7B,
    0x2D, 0x90, 0x0C, 0x00, 0xD4, 0x0B, 0x26, 0xAB, 0x78, 0x9C, 0x4B, 0xF8, 0x0F, 0x02, 0xCC, 0x09,
    0x20, 0xF2, 0x3D, 0x23, 0x03, 0x03, 0x83, 0xC3, 0x7F, 0x7B, 0x20, 0xC9, 0xF0, 0xE9, 0x3F, 0x0B,
    0x90, 0x14, 0xF8, 0x5B, 0x0F, 0xE2, 0x1C, 0xF8, 0xCF, 0x09, 0xA2, 0x7E, 0xED, 0x07, 0x91, 0x05,
    0xFF, 0x65, 0x41, 0xD4, 0xD7, 0xF7, 0x4C, 0x40, 0xD2, 0x00, 0xA2, 0xFA, 0x21, 0xD8, 0x14, 0xB6,
    0xCF, 0x10, 0x0A, 0x00, 0xDC, 0xFD, 0x23, 0xE1, 0x78, 0x9C, 0x63, 0x60, 0x48, 0x78, 0xF3, 0x9F,
    0x9D, 0x81, 0xE1, 0xDB, 0x7F, 0x10, 0xF9, 0xC7, 0x8F, 0x01, 0x08, 0xFE, 0x71, 0x20, 0xC8, 0xBF,
    0x60, 0xF2, 0x37, 0x27, 0x82, 0xFC, 0x03, 0x22, 0x27, 0xFD, 0x67, 0x63, 0x60, 0xF8, 0xF4, 0xBF,
    0x8F, 0x01, 0x44, 0xD6, 0x82, 0x84, 0x27, 0xFF, 0x67, 0x85, 0xCB, 0x32, 0xFC, 0x42, 0x56, 0xCF,
    0x81, 0x6E, 0xE6, 0x1F, 0x3B, 0x10, 0x09, 0xB1, 0x31, 0xE1, 0xCF, 0x7F, 0x76, 0x00, 0xBF, 0xAA,
    0x21, 0x84, 0x78, 0x9C, 0xFB, 0xC3, 0xF3, 0x87, 0x44, 0x08, 0x00, 0x9D, 0x74, 0x19, 0xC9, 0x78,
    0x9C, 0xFB, 0xFE, 0x3E, 0x87, 0x81, 0x81, 0xE1, 0xFB, 0xFF, 0xFF, 0x6C, 0x40, 0xCA, 0xE1, 0x1F,
    0x0F, 0x90, 0x64, 0xF8, 0xC1, 0x07, 0x22, 0xBF, 0x83, 0xC9, 0x1F, 0x10, 0x11, 0x6E, 0x10, 0xF9,
    0x93, 0x1B, 0x21, 0xF2, 0x75, 0x3E, 0x13, 0x90, 0x2C, 0xF8, 0xFB, 0x1F, 0x48, 0x35, 0xFC, 0x03,
    0x91, 0x5F, 0xE7, 0x33, 0xC3, 0x65, 0x7F, 0x72, 0x21, 0x74, 0x41, 0x44, 0xBE, 0xF3, 0xC2, 0x4D,
    0x36, 0x00, 0xD9, 0x02, 0xB1, 0xF1, 0xFB, 0x7F, 0x90, 0xED, 0x00, 0xC7, 0x3D, 0x21, 0x7B, 0x78,
    0x9C, 0x63, 0x60, 0x80, 0x80, 0xAB, 0xFB, 0x99, 0x18, 0x76, 0x32, 0x25, 0xFC, 0xFF, 0x5F, 0xEF,
    0xF0, 0x9F, 0xF1, 0x63, 0x7C, 0xC1, 0xFF, 0xFF, 0xF9, 0x0C, 0x9B, 0x38, 0x19, 0x36, 0xDD, 0x67,
    0x85, 0x2A, 0x60, 0x00, 0x00, 0x1C, 0x03, 0x0C, 0xED, 0x78, 0x9C, 0x03, 0x00, 0x00, 0x00, 0x00,
    0x01, 0x78, 0x9C, 0xDB, 0xB8, 0x9F, 0xF1, 0xE7, 0x7F, 0x4E, 0x20, 0x3A, 0x78, 0x9E, 0x91, 0x01,
    0x0C, 0x0A, 0xEA, 0x19, 0x1A, 0xFA, 0x19, 0x26, 0xCC, 0x67, 0x58, 0x00, 0x44, 0xEB, 0x19, 0x36,
    0xEC, 0x67, 0x38, 0x70, 0x9E, 0xE1, 0xC2, 0x7D, 0x10, 0x7A, 0xF0, 0x1E, 0x84, 0x00, 0x36, 0xDC,
    0x16, 0xBA, 0x78, 0x9C, 0x63, 0x60, 0x30, 0xA8, 0x67, 0x00, 0x02, 0x30, 0x69, 0xF0, 0xEA, 0x7F,
    0x2D, 0x03, 0xC3, 0xF7, 0xFF, 0xFF, 0xFF, 0xB3, 0x06, 0xFC, 0xCF, 0xED, 0x6F, 0x65, 0x78, 0xF0,
    0xDF, 0x10, 0x28, 0xFE, 0x79, 0x3D, 0x48, 0xF6, 0x6B, 0x3D, 0x82, 0xFC, 0x02, 0x16, 0x81, 0xC8,
    0x16, 0xFC, 0x8F, 0xE9, 0x3F, 0xCA, 0xC8, 0xF0, 0x13, 0xA8, 0x8B, 0x93, 0xC1, 0xE1, 0xF7, 0xFF,
    0x1C, 0x98, 0x69, 0x60, 0x12, 0x00, 0xD9, 0x61, 0x23, 0xE8, 0x78, 0x9C, 0x63, 0x60, 0x98, 0xF4,
    0xF7, 0xBE, 0x04, 0x03, 0x83, 0xC3, 0x7F, 0x20, 0x60, 0x66, 0x78, 0xF8, 0x5F, 0xCC, 0x61, 0x2E,
    0x03, 0xC3, 0xB7, 0x7A, 0x06, 0x10, 0xF8, 0xE1, 0x0F, 0xA6, 0xBE, 0xC5, 0x83, 0xA9, 0x8F, 0xF3,
    0x41, 0xE4, 0x23, 0x88, 0xC2, 0x4F, 0x10, 0x8A, 0xC1, 0xE0, 0x3F, 0x0B, 0x48, 0x14, 0x4A, 0x25,
    0xFC, 0x67, 0x02, 0x51, 0x17, 0xCE, 0x83, 0x35, 0xFC, 0xD4, 0x07, 0x91, 0x1B, 0x41, 0x2A, 0xFF,
    0x73, 0x7C, 0x82, 0x50, 0x00, 0xF4, 0xD0, 0x2B, 0x43, 0x78, 0x9C, 0x33, 0x60, 0x00, 0x02, 0x03,
    0x86, 0xAF, 0x9C, 0x40, 0xEA, 0x27, 0xEB, 0xB7, 0xF9, 0x37, 0xEE, 0xCF, 0xF8, 0xCF, 0x96, 0xF0,
    0x1F, 0x08, 0xF2, 0x19, 0x18, 0xFE, 0xFB, 0x39, 0xFC, 0xE3, 0x63, 0x48, 0xF8, 0xCF, 0xCA, 0xF0,
    0x35, 0x9F, 0x61, 0xC2, 0x7F, 0x06, 0x86, 0x0F, 0xF3, 0x61, 0x54, 0xC2, 0x7F, 0x16, 0x86, 0x2F,
    0x40, 0x25, 0xFF, 0xA0, 0x4A, 0xC0, 0x1A, 0xBE, 0x82, 0xB5, 0xB3, 0x42, 0x0D, 0x33, 0x80, 0x18,
    0x0D, 0x00, 0x06, 0xF7, 0x29, 0x1A, 0x78, 0x9C, 0xFB, 0x65, 0xCF, 0xC0, 0xA0, 0xF0, 0x9F, 0xEB,
    0xD3, 0x7E, 0x06, 0x86, 0x05, 0xFF, 0x99, 0x1A, 0xFE, 0x33, 0x33, 0x7C, 0xEA, 0x67, 0x10, 0xF8,
    0xC7, 0xCD, 0xF0, 0x8B, 0x8F, 0x81, 0xE1, 0xBB, 0xBD, 0xC2, 0x7F, 0x36, 0x06, 0x86, 0x0B, 0xEB,
    0x27, 0xDC, 0x67, 0x60, 0x60, 0x08, 0xF8, 0xFF, 0xC5, 0x9F, 0x81, 0xC1, 0xD1, 0xE5, 0xEF, 0x7F,
    0x5F, 0x17, 0xC6, 0xAF, 0xFF, 0x41, 0x80, 0xF5, 0xF0, 0x99, 0x3F, 0xFF, 0xCF, 0x9C, 0x61, 0x76,
    0x74, 0xF9, 0xF2, 0xDF, 0x05, 0x5D, 0x90, 0x81, 0xE1, 0xC3, 0x7B, 0x06, 0x10, 0x40, 0xA6, 0x00,
    0x61, 0x37, 0x34, 0x99, 0x78, 0x9C, 0xFB, 0xC3, 0xF3, 0x07, 0x0B, 0x64, 0x00, 0x03, 0x6C, 0x32,
    0x7F, 0x78, 0x00, 0x4D, 0x28, 0x16, 0xB1, 0x78, 0x9C, 0x15, 0xCB, 0xC1, 0x09, 0x82, 0x50, 0x00,
    0x87, 0xF1, 0x4F, 0x21, 0x29, 0x09, 0x7B, 0xD0, 0x2D, 0xA8, 0x45, 0x42, 0x1A, 0xA1, 0x09, 0x04,
    0x17, 0x08, 0x57, 0xB0, 0x46, 0x68, 0x81, 0x68, 0x91, 0xAC, 0x09, 0xBC, 0x7A, 0x75, 0x02, 0x0F,
    0x76, 0x78, 0x26, 0xBE, 0x7F, 0xCF, 0xCB, 0xC7, 0x77, 0xF9, 0x71, 0x75, 0xAF, 0x05, 0x4C, 0xD2,
    0x83, 0x5C, 0xD1, 0xED, 0x40, 0xA9, 0x10, 0xFC, 0xA7, 0xBE, 0x46, 0x3A, 0x42, 0xDB, 0x49, 0x3B,
    0x7E, 0xFB, 0xBB, 0xBA, 0xC0, 0x2D, 0x79, 0x2A, 0x76, 0x6B, 0x18, 0x93, 0xA1, 0x0E, 0xB1, 0xC9,
    0x5B, 0xD5, 0x76, 0x5A, 0x61, 0xA5, 0xDA, 0x03, 0xAB, 0xCD, 0xEC, 0xC6, 0x33, 0x04, 0xF4, 0x05,
    0x9F, 0xCC, 0x0C, 0x27, 0xBE, 0x92, 0x62, 0x4C, 0xA3, 0x0B, 0xFC, 0x01, 0x17, 0x5F, 0x31, 0x3F,
    0x78, 0x9C, 0x7B, 0x6A, 0x6B, 0xF0, 0x96, 0xF5, 0x77, 0x7F, 0xC3, 0x7F, 0xEE, 0xA7, 0x20, 0x16,
    0x00, 0x40, 0x7F, 0x07, 0x9D, 0x78, 0x9C, 0x63, 0x60, 0x58, 0xF2, 0x6F, 0x1D, 0x0B, 0x03, 0x03,
    0xC3, 0x82, 0xFF, 0xFF, 0xFF, 0xAF, 0x07, 0xD2, 0xBF, 0x62, 0x18, 0x03, 0xFF, 0x72, 0x31, 0x04,
    0x80, 0xD8, 0x0B, 0xE2, 0x19, 0x0E, 0xF0, 0x2A, 0x9C, 0xF4, 0x62, 0x38, 0xCB, 0xF0, 0x91, 0xED,
    0xEB, 0xFF, 0xFF, 0xCC, 0xDF, 0x18, 0xBF, 0x28, 0xFD, 0xF7, 0x9A, 0xC6, 0xF0, 0x89, 0xE5, 0x6B,
    0xC2, 0x7D, 0xA0, 0x82, 0x0F, 0xAC, 0x30, 0x1A, 0x28, 0xAE, 0x31, 0x19, 0x28, 0xFE, 0x91, 0xFD,
    0xFB, 0xFF, 0xFF, 0xAC, 0xDF, 0x19, 0x0F, 0xF0, 0x39, 0xBC, 0xCE, 0x61, 0x38, 0xC7, 0xE0, 0x00,
    0x36, 0xC7, 0x9F, 0x81, 0xE1, 0x67, 0x2C, 0xD0, 0x5C, 0x4E, 0x06, 0x86, 0x09, 0x40, 0x7B, 0xE6,
    0x03, 0xC5, 0xA0, 0xF6, 0x02, 0x00, 0x44, 0x62, 0x34, 0x2B, 0x78, 0x9C, 0x01, 0x2D, 0x00, 0xD2,
    0xFF, 0x00, 0xC6, 0xEF, 0x19, 0x00, 0xA0, 0xFF, 0xFF, 0xBF, 0x00, 0x30, 0x28, 0x20, 0xFE, 0x02,
    0x00, 0x82, 0xEC, 0xFF, 0x04, 0x60, 0xFF, 0xFF, 0xFF, 0x05, 0xF0, 0x8F, 0x13, 0xFC, 0x05, 0xF1,
    0x2F, 0x51, 0xFE, 0x05, 0xD0, 0xFF, 0xFF, 0xFD, 0x05, 0x20, 0xFC, 0x4D, 0xF6, 0x05, 0x0A, 0x65,
    0x17, 0xB2, 0x78, 0x9C, 0x63, 0x10, 0xB0, 0x66, 0x60, 0x88, 0x62, 0x60, 0x38, 0xB8, 0x9E, 0x61,
    0xC1, 0x79, 0x06, 0x81, 0x3F, 0xBC, 0x0C, 0xBF, 0xF5, 0x19, 0x0E, 0xFE, 0x67, 0xDE, 0xF0, 0x9F,
    0x95, 0xE1, 0x5B, 0x3D, 0xC3, 0xE7, 0xF5, 0x0C, 0x0C, 0xDF, 0xF8, 0x18, 0xBE, 0xC8, 0x33, 0x80,
    0x79, 0xF3, 0x19, 0x18, 0x2E, 0x42, 0xE4, 0xA0, 0x2A, 0x19, 0x0E, 0xCE, 0x07, 0xE9, 0x63, 0x80,
    0x98, 0x02, 0x00, 0x23, 0xA3, 0x1A, 0xB2, 0x78, 0x9C, 0xFB, 0xF0, 0x1F, 0x04, 0x18, 0x3E, 0x40,
    0x28, 0x10, 0x50, 0xC0, 0x43, 0x09, 0xEC, 0x66, 0x00, 0x00, 0x56, 0x8E, 0x11, 0x1E, 0x78, 0x9C,
    0xFB, 0xF0, 0x1F, 0x04, 0x18, 0x3E, 0x40, 0x28, 0x00, 0x5E, 0x73, 0x0B, 0xD7, 0x78, 0x9C, 0x63,
    0x68, 0xF8, 0x5B, 0xCB, 0xC0, 0xC0, 0xF0, 0xE7, 0xFF, 0x7F, 0x1E, 0x86, 0x09, 0xF3, 0x99, 0x16,
    0xF5, 0x33, 0x7C, 0xF0, 0x50, 0x17, 0xFB, 0xC9, 0xF0, 0x25, 0x81, 0xA7, 0xF7, 0x03, 0xF3, 0xD5,
    0x84, 0xFF, 0x7A, 0x0F, 0x58, 0xBE, 0x24, 0xC8, 0xD8, 0x7F, 0x60, 0xFE, 0x60, 0xCE, 0x16, 0xFA,
    0x03, 0xA4, 0x66, 0x52, 0x3F, 0x54, 0x3D, 0x43, 0xC3, 0xBF, 0x5E, 0x06, 0x06, 0x00, 0xC7, 0xC1,
    0x1C, 0x76, 0x78, 0x9C, 0xFB, 0xFF, 0xFF, 0x3F, 0xFF, 0x7F, 0x20, 0x06, 0x00, 0x1E, 0x44, 0x06,
    0x19, 0x78, 0x9C, 0x73, 0xF8, 0xEB, 0xCB, 0xF0, 0xF9, 0xFF, 0x7F, 0x96, 0xDF, 0x2C, 0x5F, 0x78,
    0xCE, 0x32, 0x1C, 0xE0, 0x03, 0xD1, 0x20, 0xBE, 0xC3, 0x1F, 0x1F, 0x06, 0x00, 0xDA, 0x7D, 0x0E,
    0x96, 0x78, 0x9C, 0x63, 0x60, 0x98, 0x30, 0x9F, 0x01, 0x04, 0xB0, 0x50, 0x1F, 0xFE, 0x83, 0x00,
    0x8C, 0xC2, 0xAA, 0x04, 0x4E, 0x21, 0x03, 0x54, 0x7D, 0x00, 0xB2, 0x0B, 0x21, 0x25, 0x78, 0x9C,
    0x13, 0x78, 0x79, 0x9E, 0x85, 0xE1, 0xD1, 0xFF, 0xFF, 0xFE, 0x0C, 0x9F, 0x25, 0x0E, 0xED, 0x67,
    0x10, 0x60, 0x08, 0xB8, 0xCF, 0xC0, 0xC0, 0x90, 0xB0, 0x1F, 0x48, 0x5C, 0xB0, 0x07, 0x12, 0xBF,
    0x39, 0x19, 0x18, 0x36, 0x00, 0x79, 0x02, 0x7F, 0xB8, 0x19, 0x18, 0x1E, 0xFE, 0xFF, 0xFF, 0x9F,
    0xE5, 0x23, 0x88, 0x00, 0x00, 0x4A, 0x6F, 0x16, 0x53, 0x78, 0x9C, 0x63, 0x78, 0x71, 0x9E, 0x95,
    0xE1, 0xC0, 0xFF, 0xFF, 0xF1, 0x0C, 0x13, 0xA4, 0x26, 0xDE, 0x67, 0x60, 0x60, 0x70, 0x00, 0x11,
    0x87, 0xE6, 0x33, 0x00, 0x05, 0xB9, 0x40, 0x44, 0x3D, 0x83, 0x00, 0x43, 0xE0, 0x7F, 0xA6, 0x2F,
    0x92, 0x0E, 0xFF, 0x99, 0x1F, 0xFE, 0xFF, 0x7F, 0x9E, 0x41, 0xE0, 0xE5, 0x7D, 0x0E, 0x06, 0x00,
    0x69, 0x92, 0x16, 0xBA, 0x78, 0x9C, 0x63, 0x10, 0x90, 0x66, 0x60, 0x38, 0x70, 0x9F, 0x91, 0xE1,
    0xD7, 0x79, 0xC6, 0x82, 0xFF, 0x3C, 0x0C, 0x1F, 0xF7, 0x33, 0x30, 0x04, 0x70, 0x31, 0x30, 0x00,
    0x00, 0x5A, 0xAA, 0x07, 0x1B, 0x78, 0x9C, 0xFB, 0xB4, 0x9F, 0x81, 0xE1, 0xE3, 0x79, 0x86, 0x4F,
    0x20, 0x6A, 0x3F, 0x36, 0x6A, 0x3D, 0x0A, 0x35, 0x9F, 0xE1, 0xD3, 0x79, 0x08, 0xF5, 0x9E, 0x81,
    0xE1, 0x27, 0x90, 0xFA, 0x2F, 0x31, 0xF1, 0x3F, 0x50, 0xEE, 0xFF, 0xFF, 0xFF, 0x33, 0xFF, 0xF3,
    0x7E, 0xDA, 0xFF, 0xA7, 0x4E, 0xE0, 0xAF, 0xFC, 0xA7, 0x7E, 0x06, 0x10, 0xF8, 0x34, 0x1F, 0x85,
    0x5A, 0x0F, 0xA1, 0xF6, 0x83, 0x29, 0x00, 0xB2, 0xB3, 0x34, 0x6A, 0x78, 0x9C, 0x63, 0x68, 0xFC,
    0x53, 0xFF, 0x79, 0xBD, 0xC2, 0xBF, 0xFF, 0x40, 0xF2, 0xC0, 0x7F, 0x10, 0xF9, 0x19, 0x4C, 0x7E,
    0x03, 0x93, 0xDF, 0x91, 0xD8, 0x9F, 0xC0, 0xE4, 0x06, 0x30, 0x29, 0xF0, 0x07, 0x44, 0x32, 0x24,
    0x80, 0xF4, 0x32, 0x00, 0x01, 0x71, 0x24, 0x00, 0xD2, 0x1C, 0x3E, 0x05, 0x78, 0x9C, 0x3B, 0x74,
    0x9E, 0xE9, 0xF7, 0x7F, 0xEE, 0x7F, 0xFF, 0xF9, 0x80, 0xE4, 0xA1, 0xF3, 0x4C, 0x00, 0x4E, 0x37,
    0x09, 0x3C, 0x78, 0x9C, 0x63, 0xF8, 0xCE, 0xCA, 0xF0, 0x97, 0x41, 0xE1, 0xBF, 0x0E, 0xC3, 0xA6,
    0xF9, 0x0C, 0x87, 0xF3, 0x1F, 0xAC, 0x65, 0x05, 0x00, 0x40, 0x3F, 0x07, 0x5A, 0x78, 0x9C, 0x73,
    0xB8, 0x5E, 0xCF, 0xC0, 0xF0, 0xF5, 0x3F, 0x90, 0x60, 0xD8, 0x80, 0x8F, 0xF8, 0xF3, 0xFF, 0xFF,
    0x7F, 0x66, 0x30, 0x01, 0x00, 0xA2, 0xE1, 0x13, 0x1C, 0x78, 0x9C, 0x63, 0xB8, 0x76, 0x9F, 0x8D,
    0x61, 0xC2, 0xFF, 0xFF, 0xF3, 0x19, 0x3E, 0xC5, 0x07, 0xFC, 0x67, 0xFA, 0xCE, 0xC3, 0xF0, 0x87,
    0xFD, 0x07, 0x27, 0xC3, 0x2F, 0x8E, 0xEF, 0xDC, 0x40, 0x16, 0x58, 0xAC, 0xE1, 0xFF, 0xFF, 0x7E,
    0x06, 0x86, 0xEB, 0xF7, 0xD9, 0x19, 0x00, 0xEF, 0x33, 0x15, 0x05, 0x78, 0x9C, 0x0B, 0xE0, 0x62,
    0x30, 0x90, 0x66, 0x60, 0x38, 0xB0, 0x9F, 0x61, 0xC2, 0x7D, 0x46, 0x06, 0x85, 0xFF, 0xDC, 0x0C,
    0x7F, 0x65, 0x19, 0x18, 0xBE, 0xEE, 0x67, 0xF8, 0x0C, 0xE4, 0x4E, 0xF8, 0xCF, 0x52, 0xF0, 0x9F,
    0x8D, 0x41, 0xE0, 0x3F, 0x0B, 0xC3, 0x3F, 0x76, 0x10, 0x2F, 0x01, 0xC8, 0x83, 0xC8, 0x41, 0x55,
    0x42, 0xF5, 0x05, 0x40, 0x4C, 0x01, 0x00, 0x1F, 0xC9, 0x1A, 0xD7, 0x78, 0x9C, 0x13, 0xD8, 0xB6,
    0x9F, 0x81, 0x81, 0x21, 0x83, 0xA1, 0xE0, 0x3F, 0x90, 0x0E, 0xF8, 0xCF, 0xCC, 0x50, 0x00, 0xA4,
    0x3F, 0xE7, 0x33, 0x80, 0x68, 0x81, 0x7F, 0x6C, 0x60, 0xFA, 0x40, 0x3C, 0x03, 0x98, 0x5E, 0xC0,
    0x0A, 0xA1, 0xC1, 0x00, 0x46, 0x03, 0x81, 0x81, 0x0D, 0x88, 0x5C, 0xCA, 0xB0, 0x41, 0x1F, 0x48,
    0x05, 0x9C, 0x67, 0xF8, 0xAC, 0x29, 0xC2, 0xC0, 0xF0, 0x4D, 0x8E, 0xE1, 0xF7, 0xA4, 0x78, 0x86,
    0x84, 0xFF, 0x4C, 0x06, 0xF3, 0x27, 0xC4, 0x33, 0x7C, 0x8E, 0x67, 0x98, 0xF0, 0xFF, 0xFF, 0x7F,
    0xCE, 0x02, 0x76, 0x08, 0x0D, 0xD6, 0x08, 0x14, 0x07, 0x00, 0xD9, 0xEA, 0x25, 0x04, 0x78, 0x9C,
    0x13, 0xD8, 0xB6, 0x9F, 0x81, 0x81, 0x21, 0x83, 0xA1, 0xE0, 0x3F, 0x90, 0x0E, 0xF8, 0xCF, 0xCC,
    0x50, 0x00, 0xA4, 0x3F, 0xE7, 0x33, 0x80, 0x68, 0x81, 0x7F, 0x6C, 0x60, 0xFA, 0x40, 0x3C, 0x03,
    0x98, 0x5E, 0xC0, 0x0A, 0xA1, 0xC1, 0x00, 0x46, 0x03, 0xC1, 0xC2, 0xF7, 0x9C, 0x40, 0x72, 0xA9,
    0xC0, 0xBF, 0xFF, 0xF3, 0x81, 0x66, 0x9C, 0x67, 0xC8, 0x2C, 0xB8, 0xCF, 0xC0, 0xF0, 0x4D, 0x8E,
    0x81, 0xC1, 0x61, 0x3E, 0x43, 0xC2, 0x7F, 0x26, 0x06, 0x86, 0xC7, 0xB2, 0x0C, 0x9F, 0x81, 0x66,
    0x14, 0xDC, 0x67, 0x64, 0x28, 0x60, 0x67, 0x60, 0xF8, 0xF3, 0x1F, 0x68, 0x0F, 0x10, 0xFC, 0x07,
    0xD2, 0x00, 0x29, 0x31, 0x25, 0xED, 0x78, 0x9C, 0x33, 0xF8, 0xBD, 0x8E, 0x91, 0x81, 0x61, 0x13,
    0xC3, 0x83, 0xFF, 0xFF, 0xB9, 0x18, 0x04, 0xFE, 0x72, 0x06, 0x88, 0xFE, 0xE0, 0x66, 0xD8, 0x70,
    0x9E, 0x81, 0xE1, 0xE3, 0x7D, 0x26, 0x86, 0x9F, 0xDC, 0x40, 0xFA, 0x3F, 0x57, 0xC2, 0x7E, 0x06,
    0x86, 0x09, 0xAC, 0x5F, 0xE4, 0x03, 0xB8, 0x18, 0x18, 0x3E, 0xFD, 0xFF, 0xCF, 0xC7, 0x00, 0x04,
    0x06, 0xBF, 0xD7, 0x31, 0x31, 0x40, 0x81, 0x81, 0x0D, 0x88, 0x3C, 0xC8, 0xBC, 0x41, 0x1F, 0x48,
    0x09, 0xFC, 0x65, 0xFE, 0xAC, 0x29, 0xC2, 0xC0, 0x70, 0x31, 0x9E, 0xE1, 0xF7, 0xA4, 0x78, 0x20,
    0x97, 0xC3, 0x60, 0xFE, 0x84, 0x78, 0x86, 0x03, 0xFB, 0x19, 0x26, 0xFC, 0xFF, 0xFF, 0x9F, 0x53,
    0x81, 0x1B, 0x42, 0x83, 0x35, 0x02, 0xC5, 0x01, 0xDA, 0xA0, 0x2A, 0x3F, 0x78, 0x9C, 0x63, 0x60,
    0xF8, 0xE1, 0xC7, 0xC0, 0xC0, 0x60, 0xF0, 0xFF, 0x3D, 0x9C, 0x64, 0xF8, 0x11, 0xC7, 0x80, 0x06,
    0xBE, 0xF8, 0x83, 0xC5, 0xF5, 0x81, 0x84, 0xC3, 0x7F, 0x6E, 0x90, 0xC0, 0x7B, 0x46, 0x90, 0x72,
    0x3D, 0x20, 0xF3, 0xC2, 0x7F, 0x66, 0x20, 0xF9, 0x69, 0x3D, 0x48, 0xC5, 0xA7, 0xFD, 0x0C, 0x0C,
    0x8C, 0x0C, 0x0F, 0xFE, 0xB3, 0x25, 0xAE, 0x07, 0x2A, 0xFC, 0xFF, 0xFF, 0x3E, 0x23, 0xC3, 0xA4,
    0x7F, 0xE7, 0xD8, 0x18, 0x00, 0xCC, 0xEF, 0x1C, 0x69, 0x78, 0x9C, 0x4D, 0x8D, 0xC1, 0x0D, 0x40,
    0x40, 0x10, 0x45, 0x3F, 0xB1, 0x11, 0xF6, 0x40, 0x27, 0x5A, 0xD1, 0x01, 0x1D, 0x28, 0x45, 0x09,
    0x74, 0x40, 0x07, 0x4A, 0x59, 0x07, 0x05, 0x48, 0x64, 0x43, 0x88, 0x8C, 0x99, 0xD9, 0x8B, 0x7F,
    0x79, 0xC9, 0xE4, 0xBD, 0x0C, 0x30, 0x26, 0xD0, 0x9D, 0x5D, 0xE0, 0x46, 0xA9, 0xB2, 0xBC, 0x9B,
    0x70, 0x68, 0x2D, 0xFE, 0xAB, 0x29, 0xDC, 0x67, 0x5A, 0x94, 0xFB, 0x42, 0x4A, 0x5F, 0x91, 0x11,
    0x3E, 0xF6, 0xD5, 0x80, 0xD2, 0xAB, 0x50, 0x3D, 0x3E, 0x24, 0x98, 0x1D, 0xD6, 0x49, 0xF4, 0x1E,
    0xA3, 0x04, 0x9E, 0x78, 0x1C, 0xDC, 0xC2, 0x9C, 0xF5, 0x8C, 0xD3, 0x82, 0x75, 0xBE, 0x9D, 0x0D,
    0x3B, 0x11, 0x70, 0x4C, 0xD8, 0x9D, 0x34, 0x04, 0x3F, 0xE8, 0x4B, 0xF3, 0x01, 0x51, 0xDC, 0x34,
    0xAF, 0x78, 0x9C, 0x55, 0x8D, 0xC1, 0x0D, 0x45, 0x50, 0x10, 0x45, 0x2F, 0x3F, 0x22, 0xFE, 0x5B,
    0xD8, 0x6B, 0x42, 0x2B, 0x3A, 0x60, 0xAF, 0x98, 0x5F, 0x02, 0x0B, 0x7B, 0x3A, 0x50, 0x0A, 0x1D,
    0x90, 0xC8, 0x0B, 0x21, 0x72, 0xCD, 0x8C, 0xD5, 0xBF, 0x9B, 0x93, 0x4C, 0xCE, 0xC9, 0x00, 0x40,
    0x07, 0x5B, 0xC5, 0xD8, 0xB8, 0x2F, 0x1F, 0x45, 0xC1, 0xEC, 0xBD, 0xD7, 0xF8, 0x5B, 0xC1, 0xD2,
    0x38, 0x70, 0x34, 0xAE, 0x23, 0x8D, 0x3E, 0x67, 0xA4, 0xBC, 0xDC, 0xED, 0x94, 0x8C, 0x8F, 0xD4,
    0xF4, 0x70, 0xD3, 0x60, 0x98, 0x30, 0xF7, 0xAA, 0xFF, 0xD0, 0x6A, 0xE0, 0x29, 0x93, 0xE0, 0x54,
    0x7E, 0x45, 0x4F, 0x24, 0x4D, 0x45, 0x97, 0xDB, 0x5E, 0x8A, 0x13, 0x00, 0x5B, 0x8F, 0x75, 0xD2,
    0x86, 0xF0, 0x8D, 0xBD, 0x8C, 0x1E, 0x4C, 0xB5, 0x34, 0xAE, 0x78, 0x9C, 0x63, 0x60, 0x28, 0xF8,
    0x5F, 0xCF, 0x00, 0x02, 0x9F, 0xCF, 0xFF, 0x67, 0x06, 0x52, 0x02, 0xFF, 0xD8, 0xBE, 0xC9, 0x81,
    0xE8, 0x18, 0x86, 0x00, 0x19, 0x06, 0x24, 0x10, 0xF0, 0x3F, 0x1E, 0x4C, 0x6F, 0xF8, 0xBF, 0x1F,
    0x4C, 0x7F, 0xD8, 0xFF, 0x1F, 0x4C, 0x7F, 0xD5, 0xFF, 0xCF, 0x0A, 0xA2, 0x7F, 0x73, 0xFF, 0xE5,
    0x06, 0xD1, 0xFF, 0xD9, 0x7F, 0xF0, 0x83, 0x95, 0x33, 0x7D, 0x06, 0x69, 0xD8, 0x70, 0x9F, 0xE1,
    0xC1, 0x7A, 0x90, 0xF2, 0x7E, 0x86, 0x05, 0x20, 0x0D, 0x5F, 0xFF, 0x03, 0x01, 0x50, 0xC3, 0x2F,
    0x10, 0xCD, 0x05, 0x54, 0xCE, 0x09, 0xD4, 0xCA, 0x0F, 0x54, 0x0E, 0x14, 0xFB, 0x1E, 0x0F, 0x54,
    0xC3, 0x08, 0x74, 0xCA, 0x7A, 0x86, 0x0F, 0xF7, 0x41, 0x7A, 0xFE, 0x33, 0x7C, 0x9D, 0x0F, 0xB6,
    0x92, 0x15, 0x00, 0x69, 0x42, 0x36, 0x99, 0x78, 0x9C, 0x6D, 0x8E, 0xC1, 0x09, 0x83, 0x50, 0x10,
    0x44, 0x27, 0x82, 0x88, 0xF1, 0xA0, 0x67, 0xEF, 0x9E, 0x4D, 0x03, 0xE9, 0x21, 0x1D, 0x58, 0x52,
    0x4A, 0x30, 0x1D, 0xA8, 0x15, 0x78, 0x4F, 0x13, 0x5A, 0xC2, 0x07, 0xF9, 0x24, 0x18, 0x64, 0x32,
    0xBB, 0x67, 0xE7, 0xF2, 0x60, 0x79, 0xC3, 0x2C, 0xAA, 0xFD, 0x8E, 0xF7, 0x05, 0x78, 0x91, 0x0D,
    0x01, 0x84, 0x36, 0xB2, 0x17, 0xA7, 0xFC, 0x76, 0xD4, 0x38, 0xC9, 0x83, 0x9D, 0x73, 0xE4, 0xEC,
    0x0C, 0x33, 0x9D, 0xB1, 0x65, 0x6A, 0xFC, 0x15, 0x47, 0x61, 0x64, 0xF6, 0x2D, 0x5D, 0x4F, 0x36,
    0x2B, 0x8C, 0x0B, 0xD6, 0xC1, 0xF4, 0xA7, 0xA6, 0x4C, 0xA7, 0xA2, 0xC2, 0x6E, 0xBC, 0x4A, 0xCF,
    0x55, 0x2D, 0xA5, 0xEB, 0xF6, 0xE9, 0xE4, 0xE8, 0xA7, 0x6D, 0x40, 0x58, 0xAC, 0x43, 0xC4, 0xDE,
    0x27, 0xD3, 0x3F, 0x01, 0x7C, 0x3A, 0x6E, 0x78, 0x9C, 0x63, 0x30, 0xB8, 0xC7, 0x74, 0xC9, 0x8E,
    0x81, 0x81, 0xA1, 0xE1, 0x3F, 0xFB, 0xF7, 0x7E, 0x20, 0x0D, 0xE3, 0x63, 0x80, 0x80, 0xFF, 0xF1,
    0x60, 0x7A, 0xC3, 0xFF, 0xFD, 0x60, 0xFA, 0xC3, 0xFE, 0xFF, 0x60, 0xFA, 0xAB, 0xFE, 0x7F, 0x56,
    0x10, 0xFD, 0x9B, 0xFB, 0x2F, 0x37, 0x88, 0xFE, 0xCF, 0xFE, 0x83, 0x1F, 0xAC, 0x9C, 0xE9, 0x33,
    0x48, 0xC3, 0x86, 0xFB, 0x0C, 0x0F, 0xD6, 0x83, 0x94, 0xF7, 0x33, 0x2C, 0x00, 0x69, 0xF8, 0xFA,
    0x1F, 0x08, 0x80, 0x1A, 0x7E, 0x81, 0x68, 0x2E, 0xA0, 0x72, 0x4E, 0xA0, 0x56, 0x7E, 0xA0, 0x72,
    0xA0, 0xD8, 0xF7, 0x78, 0xA0, 0x1A, 0x46, 0x06, 0x86, 0xCF, 0xEB, 0x19, 0x3E, 0xDC, 0x07, 0xE9,
    0xF9, 0xCF, 0xF0, 0x75, 0x3E, 0xD8, 0x4A, 0x56, 0x00, 0x3A, 0x0F, 0x36, 0x33, 0x78, 0x9C, 0x5D,
    0x8D, 0xCB, 0x09, 0x80, 0x30, 0x10, 0x05, 0x9F, 0x42, 0xF0, 0x93, 0x83, 0x57, 0xBB, 0xB0, 0x15,
    0x1B, 0x10, 0x4B, 0xB2, 0x04, 0xED, 0x40, 0x3B, 0xB0, 0x94, 0x58, 0x42, 0x40, 0x82, 0x3F, 0xC2,
    0xBA, 0x9B, 0xE0, 0xC5, 0x77, 0x19, 0x58, 0x66, 0x58, 0xA0, 0xF5, 0x1D, 0x64, 0x36, 0xBF, 0x22,
    0xEB, 0xC8, 0xEF, 0xFE, 0x5F, 0x4B, 0x7D, 0xE0, 0x42, 0x6B, 0xF4, 0x57, 0x0A, 0x74, 0x0D, 0x29,
    0xE1, 0xA3, 0xBD, 0x16, 0x52, 0x76, 0x56, 0x41, 0x4F, 0x77, 0x09, 0x16, 0x83, 0x6D, 0x16, 0x7D,
    0xC0, 0x24, 0x81, 0x23, 0x1E, 0x07, 0xB7, 0xB0, 0x64, 0xBD, 0xE0, 0xB4, 0x62, 0x9D, 0x6F, 0x47,
    0xCF, 0x4E, 0x02, 0xEC, 0x33, 0xAC, 0x91, 0x86, 0xE0, 0xC6, 0xF0, 0x52, 0xBD, 0x53, 0x4B, 0x36,
    0x2D, 0x78, 0x9C, 0x63, 0x60, 0x60, 0xF8, 0xFC, 0xFF, 0xFF, 0xFF, 0xF9, 0x0C, 0x0C, 0x0C, 0x3F,
    0xA1, 0xF4, 0xFF, 0xBF, 0xF5, 0x40, 0x92, 0x21, 0xE0, 0xFF, 0x77, 0x30, 0xBD, 0xE1, 0xFF, 0x67,
    0x30, 0xFD, 0x71, 0xFD, 0x27, 0x30, 0xFD, 0x3D, 0x1E, 0x42, 0xFF, 0xE5, 0xFF, 0xF4, 0xFF, 0x3F,
    0x0F, 0x83, 0xC1, 0x7F, 0x2E, 0x30, 0x3D, 0xE1, 0x3F, 0x2B, 0x58, 0xFC, 0x03, 0xD0, 0x14, 0x10,
    0xFD, 0x15, 0x4A, 0xFF, 0xB6, 0x67, 0x00, 0x89, 0x0B, 0xFC, 0xE7, 0x05, 0xD3, 0x05, 0xFF, 0xD9,
    0x19, 0x80, 0xEA, 0xEF, 0x5F, 0xF8, 0xCF, 0x04, 0xA6, 0x01, 0x52, 0x64, 0x3B, 0x9A, 0x78, 0x9C,
    0x63, 0x60, 0x98, 0xF4, 0xF7, 0xBE, 0x26, 0x03, 0xC3, 0x84, 0xFF, 0x40, 0xC0, 0xC6, 0xF0, 0xEB,
    0x3E, 0xAB, 0xC3, 0x5D, 0xC6, 0x80, 0xFF, 0xBC, 0x0C, 0x0C, 0x02, 0x0C, 0x17, 0xFE, 0x33, 0x33,
    0x00, 0xC1, 0xA7, 0xFB, 0x20, 0x92, 0xE1, 0xEB, 0x7C, 0x30, 0xF5, 0xBD, 0x1E, 0x42, 0xF5, 0x83,
    0xA9, 0x6F, 0x10, 0x41, 0xA8, 0x12, 0xA8, 0x86, 0x04, 0x90, 0xF6, 0x00, 0x06, 0x86, 0xDF, 0xF7,
    0x45, 0x1D, 0xFE, 0xB0, 0x33, 0x2C, 0x00, 0x19, 0xCD, 0xC1, 0xC0, 0xB0, 0x18, 0x6C, 0x11, 0x03,
    0xC3, 0x17, 0x76, 0xB0, 0xE2, 0x5F, 0x4C, 0x20, 0x52, 0xE0, 0xBF, 0x2D, 0x98, 0xB7, 0xE8, 0x3C,
    0x84, 0x02, 0x9B, 0x77, 0x60, 0x1F, 0x1B, 0x03, 0x03, 0x00, 0xF2, 0xD4, 0x2C, 0xB0, 0x78, 0x9C,
    0x63, 0x10, 0x90, 0x66, 0x00, 0x82, 0x03, 0xEF, 0x99, 0x80, 0x64, 0xC1, 0x7F, 0x3B, 0x10, 0xE7,
    0xF2, 0x7F, 0x46, 0x10, 0x95, 0xC5, 0x00, 0x05, 0xDF, 0xFE, 0x03, 0x01, 0x3F, 0x94, 0xAC, 0x07,
    0x8B, 0xE0, 0x22, 0x81, 0x4A, 0xDE, 0xC3, 0x48, 0x82, 0x2A, 0xFF, 0xFB, 0x43, 0x48, 0x00, 0x3C,
    0xCA, 0x32, 0xA1, 0x78, 0x9C, 0x63, 0x60, 0x60, 0x98, 0xC0, 0xCA, 0x00, 0x04, 0xBF, 0xEC, 0x81,
    0xC4, 0x81, 0xFF, 0xD2, 0x20, 0x66, 0x3D, 0x48, 0xE0, 0x10, 0x33, 0x03, 0x14, 0x7C, 0xFB, 0x0F,
    0x04, 0xFC, 0x50, 0x12, 0x2C, 0x87, 0x93, 0x04, 0x2A, 0x79, 0x0F, 0x23, 0x09, 0xAA, 0xFC, 0xEF,
    0x0F, 0x21, 0x01, 0x48, 0x2C, 0x32, 0xC1, 0x78, 0x9C, 0x63, 0x60, 0xF8, 0xF3, 0x9F, 0x89, 0x81,
    0xA1, 0xE1, 0xFF, 0x1F, 0x5E, 0x06, 0x86, 0xAF, 0x76, 0x1B, 0xD6, 0x33, 0x30, 0x1C, 0x61, 0x62,
    0xE8, 0x62, 0x80, 0x80, 0x6F, 0xFF, 0x81, 0x80, 0x1F, 0x4A, 0xD6, 0x83, 0x45, 0x70, 0x91, 0x40,
    0x25, 0xEF, 0x61, 0x24, 0x41, 0x95, 0xFF, 0xFD, 0x21, 0x24, 0x00, 0x60, 0xF4, 0x35, 0x42, 0x78,
    0x9C, 0x63, 0xF8, 0xCE, 0x9D, 0xB0, 0x9F, 0x81, 0xE1, 0xAF, 0xFE, 0x85, 0xFF, 0xCC, 0x0C, 0x10,
    0x36, 0x12, 0xF8, 0xF6, 0x1F, 0x08, 0xF8, 0xA1, 0x64, 0x3D, 0x58, 0x04, 0x17, 0x09, 0x54, 0xF2,
    0x1E, 0x46, 0x12, 0x54, 0xF9, 0xDF, 0x1F, 0x42, 0x02, 0x00, 0xEB, 0x83, 0x34, 0x1B, 0x78, 0x9C,
    0x63, 0x58, 0xC0, 0xC2, 0x00, 0x04, 0xDF, 0xF3, 0x41, 0xE4, 0x93, 0xFF, 0xEC, 0x40, 0x52, 0xE0,
    0x57, 0x3C, 0x88, 0x93, 0xC0, 0xCD, 0x00, 0x05, 0xFF, 0xFE, 0x03, 0x01, 0x1F, 0x84, 0x64, 0x60,
    0xF8, 0xCF, 0x0F, 0x12, 0xA3, 0x94, 0x44, 0x36, 0x13, 0x00, 0xF4, 0xC4, 0x26, 0x91, 0x78, 0x9C,
    0x63, 0x60, 0x60, 0x58, 0xC2, 0x00, 0x04, 0x09, 0xFF, 0xD9, 0x81, 0xE4, 0xF7, 0xF7, 0xCC, 0x0C,
    0x0C, 0x01, 0xFF, 0xA5, 0x40, 0x22, 0xD9, 0x0C, 0x30, 0xF0, 0xEF, 0x3F, 0x10, 0xF0, 0x41, 0x48,
    0x06, 0x86, 0xFF, 0xFC, 0x20, 0x31, 0x4A, 0x49, 0x64, 0x33, 0x01, 0xEF, 0xC4, 0x26, 0x90, 0x78,
    0x9C, 0x63, 0x28, 0xF8, 0x5F, 0xCF, 0xC0, 0xC0, 0xF0, 0xF9, 0xFC, 0x7F, 0x66, 0x06, 0x81, 0x7F,
    0x6C, 0xDF, 0xE4, 0x18, 0x04, 0x62, 0x18, 0x02, 0x64, 0x18, 0x20, 0xE0, 0xDF, 0x7F, 0x20, 0xE0,
    0x83, 0x90, 0x0C, 0x0C, 0xFF, 0xF9, 0x41, 0x62, 0x94, 0x92, 0xC8, 0x66, 0x02, 0x00, 0xC6, 0x38,
    0x28, 0x7B, 0x78, 0x9C, 0x33, 0xB8, 0xC7, 0x74, 0xC9, 0x8E, 0xA1, 0xE1, 0x3F, 0xFB, 0xF7, 0x7E,
    0x06, 0x03, 0x30, 0x1B, 0x19, 0xFC, 0xFB, 0x0F, 0x04, 0x7C, 0x10, 0x92, 0x81, 0xE1, 0x3F, 0x3F,
    0x48, 0x8C, 0x52, 0x12, 0xD9, 0x4C, 0x00, 0xA2, 0xBB, 0x28, 0x15, 0x78, 0x9C, 0x63, 0xF8, 0xFF,
    0xFF, 0x7D, 0x35, 0x23, 0x03, 0xC3, 0x7F, 0x20, 0x88, 0x07, 0x52, 0xBC, 0x0A, 0x3F, 0xFE, 0xB3,
    0x02, 0x29, 0x06, 0x87, 0xFF, 0x7C, 0x20, 0x8A, 0xE1, 0x57, 0x3E, 0x98, 0xFA, 0xB2, 0x1F, 0x4C,
    0x7D, 0xBA, 0xFF, 0x1B, 0xA8, 0x90, 0xE1, 0xC3, 0xFF, 0xBF, 0x20, 0xEA, 0xE3, 0x7B, 0xA8, 0x20,
    0x98, 0xFA, 0xBA, 0x1E, 0x4C, 0xFD, 0x06, 0x6B, 0x08, 0x00, 0x6B, 0x57, 0xF8, 0xF9, 0x9F, 0x05,
    0x6E, 0xF4, 0xFF, 0xF7, 0x35, 0x8C, 0x0C, 0x00, 0xFF, 0x75, 0x36, 0x71, 0x78, 0x9C, 0x63, 0x68,
    0x78, 0xC7, 0x56, 0xE0, 0xC3, 0xC0, 0xF0, 0xED, 0x7F, 0xFF, 0x45, 0x7B, 0x06, 0x86, 0x3F, 0xA6,
    0xFF, 0xFE, 0xF3, 0x32, 0x30, 0x9C, 0x62, 0xD8, 0x78, 0x9E, 0x89, 0x01, 0x15, 0x7C, 0xFA, 0xCF,
    0xC4, 0xB0, 0xE0, 0x3F, 0xD3, 0xA7, 0xFF, 0x9C, 0x10, 0x4A, 0x1E, 0x42, 0xCD, 0x07, 0x53, 0xF3,
    0xFF, 0x33, 0x82, 0xA8, 0xFC, 0xBF, 0x1C, 0x20, 0xAA, 0xFE, 0xBB, 0x3C, 0x88, 0xEA, 0x7F, 0xD0,
    0x3F, 0x01, 0x24, 0xD7, 0xF0, 0xBE, 0x01, 0x48, 0xAD, 0x17, 0xF8, 0x5F, 0x0E, 0xA2, 0x18, 0x7E,
    0xE4, 0x82, 0xA9, 0x8F, 0xF3, 0xC1, 0xD4, 0x84, 0xFF, 0x60, 0x4A, 0x00, 0x42, 0x31, 0xFC, 0x82,
    0x50, 0x40, 0xCB, 0x00, 0x71, 0x95, 0x4B, 0x33, 0x78, 0x9C, 0x63, 0x60, 0xF0, 0x62, 0x00, 0x81,
    0x82, 0xFF, 0x6C, 0x20, 0xCA, 0xE1, 0x5F, 0x3D, 0x98, 0xBB, 0xF0, 0x3F, 0x2B, 0x98, 0xDE, 0xC6,
    0x80, 0x00, 0x06, 0xAF, 0xDE, 0x5B, 0x01, 0xA9, 0x1F, 0xFF, 0xFF, 0xFF, 0xE7, 0x60, 0x48, 0xF8,
    0x6F, 0x6B, 0xF0, 0x37, 0x9F, 0xE1, 0xC3, 0x7F, 0x46, 0x86, 0x8F, 0xFF, 0x19, 0xBE, 0xF5, 0x33,
    0x30, 0x34, 0xFC, 0x67, 0xFB, 0xE5, 0x0F, 0x34, 0xE1, 0x3F, 0xD7, 0x5F, 0x7D, 0x06, 0x06, 0x85,
    0xFF, 0xBC, 0xFF, 0xE4, 0x19, 0x18, 0x04, 0xFE, 0xF3, 0x41, 0x29, 0x88, 0x20, 0x0F, 0x54, 0xC9,
    0xB7, 0xF9, 0x0C, 0x0C, 0x13, 0xFE, 0xB3, 0x82, 0xB5, 0xBF, 0x87, 0x19, 0x06, 0x35, 0x1A, 0x6A,
    0x11, 0x00, 0x98, 0xF5, 0x34, 0xF2, 0x78, 0x9C, 0x63, 0x60, 0x60, 0x70, 0xE0, 0x62, 0x00, 0x81,
    0x6F, 0xF5, 0x20, 0xB2, 0xE0, 0xBF, 0x1D, 0x88, 0xFA, 0xBA, 0x9E, 0x11, 0x44, 0x6D, 0x60, 0x63,
    0x40, 0x00, 0x83, 0x57, 0xEF, 0xAD, 0x80, 0xD4, 0x8F, 0xFF, 0xFF, 0xFF, 0x73, 0x30, 0x24, 0xFC,
    0xB7, 0x35, 0xF8, 0x9B, 0xCF, 0xF0, 0xE1, 0x3F, 0x23, 0xC3, 0xC7, 0xFF, 0x0C, 0xDF, 0xFA, 0x19,
    0x18, 0x1A, 0xFE, 0xB3, 0xFD, 0xF2, 0x07, 0x9A, 0xF6, 0x9F, 0xEB, 0xAF, 0x3E, 0x03, 0x83, 0xC2,
    0x7F, 0xDE, 0x7F, 0xF2, 0x0C, 0x0C, 0x02, 0xFF, 0xF9, 0xA0, 0x14, 0x44, 0x90, 0x07, 0xAA, 0xE4,
    0xDB, 0x7C, 0x06, 0x86, 0x09, 0xFF, 0x59, 0xC1, 0xDA, 0xDF, 0xC3, 0x0C, 0x83, 0x1A, 0x0D, 0xB5,
    0x08, 0x00, 0x8D, 0x6F, 0x34, 0xE2, 0x78, 0x9C, 0x63, 0x60, 0xF8, 0xFE, 0x9F, 0x9D, 0x81, 0x81,
    0xC1, 0xE0, 0xFF, 0x1F, 0x7B, 0x20, 0xF5, 0x30, 0x3F, 0xE1, 0x3D, 0x23, 0x03, 0xC3, 0x41, 0x56,
    0x86, 0xA3, 0x40, 0x0A, 0x0A, 0x0C, 0x5E, 0xBD, 0xB7, 0x02, 0x52, 0x3F, 0xFE, 0xFF, 0xFF, 0xCF,
    0xC1, 0x90, 0xF0, 0xDF, 0xD6, 0xE0, 0x6F, 0x3E, 0xC3, 0x87, 0xFF, 0x8C, 0x0C, 0x1F, 0xFF, 0x33,
    0x7C, 0xEB, 0x67, 0x60, 0x68, 0xF8, 0xCF, 0xF6, 0xCB, 0x9F, 0x81, 0xC1, 0xE1, 0x3F, 0xD7, 0x5F,
    0x7D, 0x06, 0x06, 0x85, 0xFF, 0xBC, 0xFF, 0xE4, 0x19, 0x18, 0x04, 0xFE, 0xF3, 0x41, 0x29, 0x88,
    0x20, 0x0F, 0x54, 0xC9, 0xB7, 0xF9, 0x0C, 0x0C, 0x13, 0xFE, 0xB3, 0x82, 0xB5, 0xBF, 0x87, 0x19,
    0x06, 0x35, 0x1A, 0x6A, 0x11, 0x00, 0xFC, 0x81, 0x37, 0xAE, 0x78, 0x9C, 0x63, 0x58, 0x78, 0x9F,
    0x79, 0x81, 0x0C, 0x03, 0xC3, 0xAF, 0xFF, 0xF1, 0x9F, 0xF8, 0x19, 0x18, 0xFE, 0x07, 0xFD, 0xFF,
    0xCF, 0xC9, 0x20, 0x30, 0x9B, 0xE1, 0xF2, 0x7A, 0x46, 0x06, 0x34, 0x60, 0xF0, 0xEA, 0xBD, 0x15,
    0x90, 0xFA, 0xF1, 0xFF, 0xFF, 0x7F, 0x0E, 0x86, 0x84, 0xFF, 0xB6, 0x06, 0x7F, 0xF3, 0x19, 0x3E,
    0xFC, 0x67, 0x64, 0xF8, 0xF8, 0x9F, 0xE1, 0x5B, 0x3F, 0x03, 0x43, 0xC3, 0x7F, 0xB6, 0x5F, 0xFE,
    0x0C, 0x0C, 0x0E, 0xFF, 0xB9, 0xFE, 0xEA, 0x33, 0x30, 0x28, 0xFC, 0xE7, 0xFD, 0x27, 0xCF, 0xC0,
    0x20, 0xF0, 0x9F, 0x0F, 0x4A, 0x41, 0x04, 0x79, 0xA0, 0x4A, 0xBE, 0xCD, 0x67, 0x60, 0x98, 0xF0,
    0x9F, 0x15, 0xAC, 0xFD, 0x3D, 0xCC, 0x30, 0xA8, 0xD1, 0x50, 0x8B, 0x00, 0x9B, 0xD5, 0x3A, 0x39,
    0x78, 0x9C, 0x63, 0x78, 0xAC, 0xAB, 0xF0, 0x96, 0x99, 0x81, 0xE1, 0x47, 0x7D, 0xC1, 0x7F, 0x0E,
    0x06, 0x06, 0x28, 0x0F, 0x15, 0x18, 0xBC, 0x7A, 0x6F, 0x05, 0xA4, 0x7E, 0xFC, 0xFF, 0x0F, 0x54,
    0x92, 0xF0, 0xDF, 0xD6, 0xE0, 0x6F, 0x3E, 0xC3, 0x87, 0xFF, 0x8C, 0x0C, 0x1F, 0xFF, 0x33, 0x7C,
    0xEB, 0x67, 0x60, 0x68, 0xF8, 0xCF, 0xF6, 0xCB, 0x9F, 0x81, 0xC1, 0xE1, 0x3F, 0xD7, 0x5F, 0x7D,
    0x06, 0x06, 0x85, 0xFF, 0xBC, 0xFF, 0xE4, 0x19, 0x18, 0x04, 0xFE, 0xF3, 0x41, 0x29, 0x88, 0x20,
    0x0F, 0x54, 0xC9, 0xB7, 0xF9, 0x0C, 0x0C, 0x13, 0xFE, 0xB3, 0x82, 0xB5, 0xBF, 0x87, 0x19, 0x06,
    0x35, 0x1A, 0x6A, 0x11, 0x00, 0x56, 0xE1, 0x36, 0x49, 0x78, 0x9C, 0x0B, 0x60, 0x64, 0x60, 0x58,
    0xC2, 0xF0, 0x55, 0x96, 0xC1, 0xE0, 0x3F, 0xDB, 0xC3, 0xFB, 0x8C, 0x8F, 0xCE, 0x33, 0x28, 0xFC,
    0xD3, 0xFD, 0x2B, 0xCB, 0xC0, 0xF0, 0xE8, 0xFF, 0x7D, 0xA0, 0x94, 0xC1, 0x7F, 0x7B, 0x06, 0x06,
    0x86, 0x83, 0xFF, 0xCF, 0x33, 0x30, 0x08, 0xFC, 0xF1, 0xFB, 0xC7, 0xC3, 0x70, 0xE0, 0x3D, 0xD3,
    0xE7, 0xFD, 0x0C, 0xDF, 0xF4, 0x40, 0xEA, 0x0B, 0x98, 0x41, 0x7A, 0x01, 0x4E, 0xBE, 0x19, 0x09,
    0x78, 0x9C, 0x25, 0x8E, 0xC1, 0x09, 0xC2, 0x60, 0x14, 0x83, 0xBF, 0xDA, 0x5A, 0x3C, 0xA8, 0x38,
    0x81, 0xDA, 0x8B, 0x57, 0x87, 0x70, 0x00, 0x47, 0xD0, 0x0D, 0x1C, 0x41, 0x37, 0xE8, 0x08, 0x16,
    0xF4, 0xDC, 0x8E, 0xD2, 0x42, 0x07, 0xA8, 0x07, 0xEF, 0x3F, 0xAD, 0x52, 0x10, 0x6C, 0xE3, 0x53,
    0x03, 0x21, 0x10, 0x12, 0x12, 0xF8, 0x62, 0x65, 0xBC, 0xF4, 0xE9, 0xC6, 0x79, 0x9C, 0x64, 0x38,
    0x42, 0x5B, 0xF9, 0x77, 0x8D, 0x41, 0x73, 0xB3, 0x16, 0xEC, 0x35, 0xE2, 0xA1, 0x03, 0x89, 0x02,
    0xBA, 0x77, 0x46, 0x21, 0x2F, 0xC9, 0x9B, 0x8A, 0x9B, 0x68, 0xD7, 0xB5, 0x33, 0x8D, 0x34, 0x34,
    0x2D, 0x54, 0x9E, 0x69, 0x72, 0xCB, 0x75, 0x13, 0x9E, 0x99, 0xF5, 0x34, 0xE0, 0xB5, 0x83, 0x3E,
    0x66, 0xA6, 0x29, 0x74, 0x2E, 0x28, 0x15, 0xFE, 0x67, 0x62, 0xA8, 0xB7, 0xD7, 0x3E, 0xF5, 0x61,
    0x19, 0xFE, 0x8E, 0xF0, 0x01, 0xE5, 0x6D, 0x42, 0x4D, 0x78, 0x9C, 0x63, 0x60, 0xF0, 0x62, 0x00,
    0x81, 0x82, 0xFF, 0x6C, 0x20, 0xCA, 0xE1, 0x5F, 0x3D, 0x98, 0xBB, 0xF0, 0x3F, 0x2B, 0x98, 0xDE,
    0xC6, 0x00, 0x07, 0x9F, 0xF7, 0x33, 0x30, 0x4C, 0xF8, 0xCF, 0x4C, 0x21, 0xF5, 0x09, 0x4C, 0x31,
    0x7D, 0x38, 0xCF, 0xC0, 0xB0, 0xE1, 0x3F, 0xC3, 0x81, 0xFF, 0x8C, 0x0C, 0x40, 0x66, 0xC0, 0x7F,
    0x5B, 0x83, 0x3F, 0xF9, 0x0C, 0x0C, 0x3F, 0xFF, 0xFF, 0xFF, 0xCF, 0x05, 0x74, 0xC4, 0xEB, 0xF7,
    0xD1, 0x0C, 0x0C, 0x00, 0xCF, 0x19, 0x3A, 0x4B, 0x78, 0x9C, 0x63, 0x60, 0x60, 0x70, 0xE0, 0x62,
    0x00, 0x81, 0x6F, 0xF5, 0x20, 0xB2, 0xE0, 0xBF, 0x1D, 0x88, 0xFA, 0xBA, 0x9E, 0x11, 0x44, 0x6D,
    0x60, 0x63, 0x80, 0x83, 0xCF, 0xFB, 0x19, 0x18, 0x26, 0xFC, 0x67, 0xA6, 0x90, 0xFA, 0x04, 0xA6,
    0x98, 0x3E, 0x9C, 0x07, 0x1A, 0xFE, 0x9F, 0xE1, 0xC0, 0x7F, 0x46, 0x06, 0x20, 0x33, 0xE0, 0xBF,
    0xAD, 0xC1, 0x9F, 0x7C, 0x06, 0x86, 0x9F, 0xFF, 0xFF, 0xFF, 0x07, 0x3A, 0xC6, 0xE1, 0xF5, 0xFB,
    0x68, 0x06, 0x06, 0x00, 0xC3, 0x93, 0x3A, 0x3B, 0x78, 0x9C, 0x63, 0x60, 0xF8, 0xFE, 0x9F, 0x9D,
    0x81, 0x81, 0xC1, 0xE0, 0xFF, 0x1F, 0x7B, 0x20, 0xF5, 0x30, 0x3F, 0xE1, 0x3D, 0x23, 0x03, 0xC3,
    0x41, 0x56, 0x86, 0xA3, 0x40, 0x0A, 0x02, 0x3E, 0xEF, 0x67, 0x60, 0x98, 0xF0, 0x9F, 0x99, 0x42,
    0xEA, 0x13, 0x98, 0x62, 0xFA, 0x70, 0x9E, 0x81, 0x61, 0xC3, 0x7F, 0x86, 0x03, 0xFF, 0x19, 0x19,
    0x80, 0xCC, 0x80, 0xFF, 0xB6, 0x06, 0x7F, 0xF2, 0x19, 0x18, 0x7E, 0xFE, 0xFF, 0xFF, 0x9F, 0x8B,
    0x81, 0xC1, 0xE1, 0xF5, 0xFB, 0x68, 0x06, 0x06, 0x00, 0x32, 0xB4, 0x3D, 0x07, 0x78, 0x9C, 0x63,
    0x78, 0xAC, 0xAB, 0xF0, 0x96, 0x99, 0x81, 0xE1, 0x47, 0x7D, 0xC1, 0x7F, 0x0E, 0x06, 0x06, 0x28,
    0x0F, 0x05, 0x7C, 0xDE, 0xCF, 0xC0, 0x30, 0xE1, 0x3F, 0x33, 0x85, 0xD4, 0x27, 0x30, 0xC5, 0xF4,
    0xE1, 0x3C, 0x03, 0xC3, 0x86, 0xFF, 0x0C, 0x07, 0xFE, 0x33, 0x32, 0x00, 0x99, 0x01, 0xFF, 0x6D,
    0x0D, 0xFE, 0xE4, 0x33, 0x30, 0xFC, 0xFC, 0xFF, 0xFF, 0x3F, 0x17, 0x03, 0x83, 0xC3, 0xEB, 0xF7,
    0xD1, 0x0C, 0x0C, 0x00, 0x8D, 0x05, 0x3B, 0xA2, 0x78, 0x9C, 0x63, 0x60, 0x60, 0x60, 0x58, 0xC2,
    0x00, 0x06, 0x09, 0xFF, 0xD9, 0xC1, 0xF4, 0xF7, 0xF7, 0xCC, 0x20, 0x2A, 0xE0, 0xBF, 0x14, 0x44,
    0x3C, 0x9B, 0x01, 0x09, 0x7C, 0x7C, 0x0F, 0x24, 0x1E, 0xFC, 0x67, 0x6C, 0x00, 0x29, 0xFE, 0xD6,
    0xCF, 0x20, 0xF0, 0x9F, 0x8F, 0x81, 0xE1, 0xAF, 0x3C, 0x03, 0xC3, 0x8F, 0x7C, 0xA0, 0x0E, 0x0E,
    0xA0, 0x82, 0xFB, 0x0C, 0x07, 0xFE, 0x33, 0x32, 0x30, 0x34, 0xFC, 0x67, 0xFD, 0x52, 0x0F, 0xD2,
    0xF1, 0x8F, 0xE7, 0x37, 0x1F, 0xD8, 0xD8, 0x7C, 0x88, 0xF9, 0x0F, 0xFE, 0xBF, 0x07, 0x9B, 0x54,
    0xF0, 0xBF, 0x1E, 0x62, 0xE4, 0x7F, 0x7E, 0x12, 0x68, 0x00, 0x0A, 0x6D, 0x27, 0xA0, 0x78, 0x9C,
    0xFB, 0x2B, 0xCF, 0x00, 0x04, 0x7F, 0x21, 0xE4, 0xFF, 0xFF, 0xF7, 0xBC, 0x40, 0xE4, 0xFF, 0xFF,
    0x9C, 0x40, 0x91, 0xC4, 0x7F, 0xF1, 0x20, 0xF1, 0x2F, 0xFB, 0x41, 0xE4, 0x87, 0xFB, 0x20, 0xF2,
    0x23, 0x98, 0xFC, 0xBA, 0x1E, 0x48, 0x26, 0xFD, 0xB7, 0x07, 0xAB, 0x64, 0x03, 0x92, 0xF7, 0x35,
    0x61, 0x26, 0x60, 0x90, 0x00, 0x9B, 0x71, 0x29, 0xCC, 0x78, 0x9C, 0x1D, 0xC5, 0xBB, 0x0D, 0x40,
    0x50, 0x18, 0x06, 0xD0, 0x4F, 0xE2, 0x99, 0x88, 0xD8, 0x00, 0xB5, 0x82, 0x0D, 0x2C, 0xA0, 0x50,
    0x2A, 0x8D, 0x60, 0x14, 0x2B, 0x18, 0xC1, 0x04, 0x77, 0x04, 0xAD, 0x8E, 0x15, 0xDC, 0x44, 0x22,
    0xF1, 0xF8, 0xF8, 0xEF, 0x69, 0x0E, 0xBA, 0x7B, 0xF5, 0x00, 0x5C, 0xA4, 0x02, 0x7A, 0xE6, 0x23,
    0x1D, 0x6C, 0xB4, 0x52, 0x06, 0xD8, 0x67, 0x48, 0x5A, 0x61, 0xA0, 0x2D, 0xE9, 0x19, 0xD2, 0x55,
    0x98, 0xDE, 0xD0, 0xF4, 0x54, 0xA6, 0x83, 0xBE, 0xD4, 0x70, 0xB5, 0xFE, 0x30, 0x31, 0x94, 0x70,
    0x27, 0xA6, 0xB3, 0xF8, 0x6B, 0xB3, 0x37, 0xD2, 0xAA, 0x24, 0xE9, 0x6A, 0x15, 0x2F, 0xAC, 0xF1,
    0x01, 0x2D, 0x46, 0x3A, 0xFF, 0x78, 0x9C, 0x63, 0x60, 0x28, 0x63, 0x00, 0x81, 0x84, 0xFF, 0xAC,
    0x10, 0x4A, 0x1F, 0xCC, 0xFD, 0x7A, 0x9F, 0x11, 0x44, 0x39, 0xFC, 0xE7, 0x00, 0x73, 0x37, 0x33,
    0x60, 0x80, 0xC4, 0xD7, 0xFF, 0x6B, 0x19, 0x18, 0x0A, 0xFE, 0x03, 0x81, 0x2C, 0x83, 0xC2, 0x7E,
    0x51, 0x85, 0x5F, 0xF3, 0x19, 0x18, 0x80, 0x9A, 0x1E, 0xBC, 0x07, 0x4A, 0xB6, 0xDC, 0xFE, 0xF7,
    0x9F, 0x91, 0xE1, 0x39, 0x48, 0x92, 0x71, 0xC2, 0xFF, 0x79, 0xAA, 0x07, 0xFF, 0x33, 0x7D, 0x04,
    0x9A, 0x78, 0xE0, 0x3F, 0xD3, 0x67, 0xA0, 0xAA, 0x8B, 0x40, 0xDE, 0x7B, 0x96, 0xC4, 0x7F, 0xFF,
    0x99, 0x40, 0xDA, 0xD7, 0xFE, 0x67, 0x62, 0x38, 0xFA, 0x3F, 0xC7, 0xE1, 0x3F, 0x13, 0x00, 0x44,
    0x22, 0x33, 0x21, 0x78, 0x9C, 0x63, 0x60, 0x60, 0x60, 0x48, 0x67, 0x00, 0x81, 0x80, 0xFF, 0x6C,
    0x20, 0xEA, 0xD3, 0x7F, 0x56, 0x20, 0x29, 0xF0, 0x37, 0x1E, 0xC4, 0x69, 0xF8, 0xCF, 0x02, 0x96,
    0xB3, 0x66, 0xC0, 0x00, 0x89, 0xAF, 0xFF, 0xD7, 0x32, 0x30, 0x14, 0xFC, 0x07, 0x02, 0x59, 0x06,
    0x85, 0xFD, 0xA2, 0x0A, 0xBF, 0xE6, 0x33, 0x30, 0x30, 0x32, 0x30, 0x3C, 0x78, 0x0F, 0x94, 0x6C,
    0xB9, 0xFD, 0xEF, 0x3F, 0x23, 0xC3, 0x73, 0x90, 0x24, 0xE3, 0x84, 0xFF, 0xF3, 0x54, 0x0F, 0xFE,
    0x67, 0xFA, 0x78, 0x9F, 0x91, 0xE1, 0xC0, 0x7F, 0xA6, 0xCF, 0x40, 0x55, 0x17, 0x81, 0xBC, 0xF7,
    0x2C, 0x89, 0xFF, 0xFE, 0x33, 0x81, 0xB4, 0xAF, 0xFD, 0xCF, 0xC4, 0x70, 0xF4, 0x7F, 0x8E, 0xC3,
    0x7F, 0x26, 0x00, 0x19, 0x2F, 0x32, 0xC6, 0x78, 0x9C, 0x63, 0x60, 0xB8, 0xF8, 0x5F, 0x96, 0x01,
    0x08, 0xFE, 0xBC, 0x3B, 0x0F, 0x24, 0x37, 0x9C, 0x17, 0xFC, 0xC3, 0xCD, 0xC0, 0xB0, 0x80, 0x83,
    0xA1, 0x81, 0x8B, 0x01, 0x0D, 0x24, 0xBE, 0xFE, 0x5F, 0xCB, 0xC0, 0x50, 0xF0, 0x1F, 0x08, 0x64,
    0x19, 0x14, 0xF6, 0x8B, 0x2A, 0xFC, 0x9A, 0xCF, 0xC0, 0xC0, 0xC8, 0xC0, 0xF0, 0xE0, 0x3D, 0x50,
    0xB2, 0xE5, 0xF6, 0xBF, 0xFF, 0x8C, 0x0C, 0xCF, 0x41, 0x92, 0x8C, 0x13, 0xFE, 0xCF, 0x53, 0x3D,
    0xF8, 0x9F, 0xE9, 0xE3, 0x7D, 0x46, 0x86, 0x03, 0xFF, 0x99, 0x3E, 0x03, 0x55, 0x5D, 0x04, 0xF2,
    0xDE, 0xB3, 0x24, 0xFE, 0xFB, 0xCF, 0x04, 0xD2, 0xBE, 0xF6, 0x3F, 0x13, 0xC3, 0xD1, 0xFF, 0x39,
    0x0E, 0xFF, 0x99, 0x00, 0xA4, 0x57, 0x34, 0x59, 0x78, 0x9C, 0x63, 0x50, 0x38, 0xC5, 0x66, 0xE0,
    0xC9, 0xC0, 0xF0, 0xE0, 0xFF, 0xFA, 0x85, 0xF9, 0x0C, 0x0C, 0x5F, 0xBD, 0xFF, 0xFC, 0x97, 0x67,
    0x60, 0x38, 0xCA, 0x32, 0xE1, 0x3E, 0x0B, 0x03, 0x1A, 0x48, 0x7C, 0xFD, 0xBF, 0x96, 0x81, 0xA1,
    0xE0, 0x3F, 0x10, 0xC8, 0x32, 0x28, 0xEC, 0x17, 0x55, 0xF8, 0x35, 0x9F, 0x81, 0x81, 0x11, 0xA8,
    0xF5, 0x3D, 0x50, 0xB2, 0xE5, 0xF6, 0xBF, 0xFF, 0x8C, 0x0C, 0xCF, 0x41, 0x92, 0x8C, 0x13, 0xFE,
    0xCF, 0x53, 0x3D, 0xF8, 0x9F, 0xE9, 0xE3, 0x7D, 0x46, 0x86, 0x03, 0xFF, 0x99, 0x3E, 0x03, 0x55,
    0x5D, 0x04, 0xF2, 0xDE, 0xB3, 0x24, 0xFE, 0xFB, 0xCF, 0x04, 0xD2, 0xBE, 0xF6, 0x3F, 0x13, 0xC3,
    0xD1, 0xFF, 0x39, 0x0E, 0xFF, 0x99, 0x00, 0x8A, 0x36, 0x36, 0x87, 0x78, 0x9C, 0x63, 0xD8, 0x30,
    0x9F, 0xE1, 0x27, 0x37, 0x03, 0xC3, 0xE7, 0xFF, 0x0C, 0xFF, 0xED, 0x19, 0x18, 0xA0, 0x3C, 0xAC,
    0x20, 0xF1, 0xF5, 0xFF, 0x5A, 0x06, 0x86, 0x82, 0xFF, 0x40, 0x20, 0xCB, 0xA0, 0xB0, 0x5F, 0x54,
    0xE1, 0xD7, 0x7C, 0x06, 0x06, 0x46, 0x06, 0x86, 0x07, 0xEF, 0x81, 0x92, 0x2D, 0xB7, 0xFF, 0xFD,
    0x67, 0x64, 0x78, 0x0E, 0x92, 0x64, 0x9C, 0xF0, 0x7F, 0x9E, 0xEA, 0xC1, 0xFF, 0x4C, 0x1F, 0xEF,
    0x33, 0x32, 0x1C, 0xF8, 0xCF, 0xF4, 0x19, 0xA8, 0xEA, 0x22, 0x90, 0xF7, 0x9E, 0x25, 0xF1, 0xDF,
    0x7F, 0x26, 0x90, 0xF6, 0xB5, 0xFF, 0x99, 0x18, 0x8E, 0xFE, 0xCF, 0x71, 0xF8, 0xCF, 0x04, 0x00,
    0x74, 0xFB, 0x33, 0xC0, 0x78, 0x9C, 0x63, 0x60, 0x58, 0xF8, 0x4E, 0x8A, 0x01, 0x08, 0xFE, 0x18,
    0x9F, 0x07, 0x51, 0xE7, 0x19, 0xFE, 0x20, 0xF1, 0x36, 0xBE, 0x93, 0x66, 0x40, 0x07, 0x89, 0xAF,
    0xFF, 0xD7, 0x32, 0x30, 0x14, 0xFC, 0x07, 0x02, 0x59, 0x06, 0x85, 0xFD, 0xA2, 0x0A, 0xBF, 0xE6,
    0x33, 0x30, 0x30, 0x32, 0x30, 0x3C, 0x78, 0x0F, 0x94, 0x6C, 0xB9, 0xFD, 0xEF, 0x3F, 0x23, 0xC3,
    0x73, 0x90, 0x24, 0xE3, 0x84, 0xFF, 0xF3, 0x54, 0x0F, 0xFE, 0x67, 0xFA, 0x78, 0x9F, 0x91, 0xE1,
    0xC0, 0x7F, 0xA6, 0xCF, 0x40, 0x55, 0x17, 0x81, 0xBC, 0xF7, 0x2C, 0x89, 0xFF, 0xFE, 0x33, 0x81,
    0xB4, 0xAF, 0xFD, 0xCF, 0xC4, 0x70, 0xF4, 0x7F, 0x8E, 0xC3, 0x7F, 0x26, 0x00, 0x0C, 0x35, 0x35,
    0x14, 0x78, 0x9C, 0x53, 0xB8, 0xF9, 0x9E, 0x7D, 0xE1, 0x3F, 0x29, 0x86, 0x07, 0xFF, 0xFF, 0xD7,
    0xFF, 0xFD, 0x7F, 0x9E, 0x21, 0x41, 0x33, 0xE0, 0xFF, 0x7C, 0x85, 0xFF, 0xAC, 0x0C, 0x0C, 0x0C,
    0xBF, 0xF9, 0x18, 0x7E, 0x72, 0x31, 0x04, 0xDC, 0xFA, 0xCF, 0xCD, 0xF0, 0x9D, 0xC7, 0xE0, 0xEF,
    0x7F, 0x10, 0xE0, 0x7D, 0xF8, 0x5F, 0xFD, 0x17, 0x90, 0xE6, 0xF9, 0x16, 0xCF, 0xF0, 0x83, 0x1B,
    0xA8, 0xE8, 0x87, 0x3C, 0xC3, 0x37, 0x79, 0x20, 0xFD, 0xAD, 0xDE, 0xE1, 0xDF, 0x79, 0xE1, 0x12,
    0x86, 0x8F, 0xFF, 0xFF, 0xE7, 0x01, 0xE5, 0x99, 0x0D, 0xFE, 0xF4, 0x31, 0x2E, 0xFA, 0x57, 0xCB,
    0x00, 0x00, 0x6C, 0xCF, 0x31, 0xB0, 0x78, 0x9C, 0x63, 0x60, 0x58, 0xFA, 0xEF, 0xBE, 0x04, 0x03,
    0xC3, 0xA1, 0xFF, 0x40, 0xC0, 0x28, 0xF0, 0x6F, 0x3F, 0x73, 0x40, 0x2F, 0xC3, 0x84, 0xFF, 0x9C,
    0x0C, 0x40, 0xF0, 0xE1, 0x3F, 0x23, 0x88, 0xFA, 0x78, 0x1F, 0x44, 0x32, 0x7C, 0x82, 0x50, 0x50,
    0xC1, 0x05, 0xFF, 0xB9, 0x18, 0x18, 0x14, 0x18, 0x14, 0xFE, 0xEF, 0x67, 0x76, 0x7C, 0xCB, 0xC8,
    0xF0, 0x18, 0xA4, 0x9D, 0x85, 0x81, 0x61, 0xDB, 0xBF, 0x73, 0xE2, 0x20, 0xE9, 0xAF, 0x6C, 0x60,
    0xC5, 0xBF, 0xC1, 0x6A, 0x05, 0xFE, 0xDB, 0x80, 0x79, 0x8B, 0xF6, 0x83, 0xA9, 0x4D, 0xFD, 0x20,
    0xF2, 0xC2, 0x5E, 0xA0, 0x12, 0x00, 0xFF, 0x33, 0x26, 0xEC, 0x78, 0x9C, 0x63, 0x60, 0x88, 0x60,
    0x00, 0x81, 0x09, 0xFF, 0x99, 0x41, 0x54, 0xC3, 0x7F, 0x39, 0x30, 0xF7, 0xFB, 0x79, 0x30, 0x95,
    0xF0, 0x9F, 0x0D, 0x4C, 0x2F, 0x65, 0xC0, 0x00, 0x0A, 0x37, 0xFF, 0xD7, 0x00, 0xA9, 0x6F, 0xFF,
    0xFF, 0xFF, 0x97, 0x65, 0x08, 0xF8, 0x1F, 0x27, 0xF8, 0x6D, 0x3F, 0xC3, 0x83, 0xFF, 0x4C, 0x0C,
    0x05, 0xFF, 0x99, 0xBF, 0xAC, 0x67, 0x60, 0x10, 0xF8, 0xCF, 0x0E, 0x92, 0xFA, 0xFF, 0x9F, 0x03,
    0x42, 0xB1, 0x7F, 0x99, 0x0F, 0xD6, 0xF6, 0xE0, 0x3D, 0x13, 0x88, 0x0A, 0xF8, 0x9F, 0xC7, 0x14,
    0x18, 0x03, 0xD1, 0x7E, 0x1F, 0xA8, 0xFA, 0xC4, 0xFF, 0x7D, 0x6C, 0x0C, 0x00, 0x80, 0xC9, 0x30,
    0x89, 0x78, 0x9C, 0x63, 0x60, 0x60, 0x60, 0xF0, 0x64, 0x00, 0x81, 0x82, 0xFF, 0x2C, 0x20, 0xEA,
    0x0B, 0x98, 0x52, 0xF8, 0x6F, 0x07, 0xE2, 0x6C, 0x78, 0xCF, 0x04, 0xA2, 0x04, 0x74, 0x18, 0x30,
    0x80, 0xC2, 0xCD, 0xFF, 0x35, 0x40, 0xEA, 0xDB, 0xFF, 0xFF, 0xFF, 0x65, 0x19, 0x02, 0xFE, 0xC7,
    0x09, 0x7E, 0xDB, 0xCF, 0xF0, 0xE0, 0x3F, 0x13, 0xD0, 0x18, 0xE6, 0x2F, 0xEB, 0x81, 0x5A, 0xFE,
    0xB3, 0x83, 0xA4, 0xFE, 0xFF, 0xE7, 0x80, 0x50, 0xEC, 0x5F, 0xE6, 0x83, 0xB5, 0x3D, 0x80, 0x98,
    0x18, 0xF0, 0x3F, 0x8F, 0x29, 0x30, 0x06, 0xA2, 0xFD, 0x3E, 0x50, 0xF5, 0x89, 0xFF, 0xFB, 0xD8,
    0x18, 0x00, 0x4C, 0xE6, 0x30, 0x1F, 0x78, 0x9C, 0x63, 0x60, 0x78, 0xF4, 0x9F, 0x9B, 0x81, 0x81,
    0x41, 0xE0, 0xEF, 0xBF, 0xF5, 0x40, 0xEA, 0xE2, 0x7A, 0x85, 0xBF, 0x9C, 0x0C, 0x0C, 0x1B, 0xD9,
    0x18, 0x16, 0x70, 0x30, 0xA0, 0x01, 0x85, 0x9B, 0xFF, 0x6B, 0x80, 0xD4, 0xB7, 0xFF, 0xFF, 0xFF,
    0xCB, 0x32, 0x04, 0xFC, 0x8F, 0x13, 0xFC, 0xB6, 0x9F, 0xE1, 0xC1, 0x7F, 0x26, 0x86, 0x82, 0xFF,
    0xCC, 0x5F, 0x80, 0x7A, 0x05, 0xFE, 0xB3, 0x83, 0xA4, 0xFE, 0xFF, 0xE7, 0x80, 0x50, 0xEC, 0x5F,
    0xE6, 0x83, 0xB5, 0x3D, 0x78, 0xCF, 0x04, 0xA2, 0x02, 0xFE, 0xE7, 0x31, 0x05, 0xC6, 0x40, 0xB4,
    0xDF, 0x07, 0xAA, 0x3E, 0xF1, 0x7F, 0x1F, 0x1B, 0x03, 0x00, 0xEA, 0x45, 0x31, 0xDD, 0x78, 0x9C,
    0x63, 0x38, 0x58, 0xCF, 0xF0, 0x9B, 0x93, 0x81, 0xE1, 0xDB, 0x7B, 0x83, 0xFF, 0xF2, 0x0C, 0x0C,
    0x50, 0x1E, 0x56, 0xA0, 0x70, 0xF3, 0x7F, 0x0D, 0x90, 0xFA, 0xF6, 0xFF, 0xFF, 0x7F, 0x59, 0x86,
    0x80, 0xFF, 0x71, 0x82, 0xDF, 0xF6, 0x33, 0x3C, 0xF8, 0xCF, 0xC4, 0x50, 0xF0, 0x9F, 0xF9, 0xCB,
    0x7A, 0x06, 0x06, 0x81, 0xFF, 0xEC, 0x20, 0xA9, 0xFF, 0xFF, 0x39, 0x20, 0x14, 0xFB, 0x97, 0xF9,
    0x60, 0x6D, 0x0F, 0xDE, 0x33, 0x81, 0xA8, 0x80, 0xFF, 0x79, 0x4C, 0x81, 0x31, 0x10, 0xED, 0xF7,
    0x81, 0xAA, 0x4F, 0xFC, 0xDF, 0xC7, 0xC6, 0x00, 0x00, 0x96, 0x14, 0x30, 0xED, 0x78, 0x9C, 0x63,
    0x60, 0xB0, 0x62, 0x60, 0x60, 0xD8, 0xF0, 0x9E, 0x91, 0x81, 0x61, 0xC1, 0x7F, 0x1E, 0x20, 0xF3,
    0xE7, 0x7C, 0x20, 0x31, 0xE1, 0x3F, 0x33, 0x90, 0xEC, 0x60, 0x40, 0x80, 0x7F, 0xFF, 0xFF, 0xFF,
    0x67, 0x01, 0x13, 0x20, 0x59, 0xD2, 0x08, 0x00, 0xAC, 0x0E, 0x1E, 0xF4, 0x78, 0x9C, 0x63, 0x60,
    0x60, 0x60, 0xD0, 0x06, 0x62, 0x86, 0x05, 0xEF, 0x99, 0x80, 0xE4, 0x77, 0x10, 0xE9, 0xF0, 0x5F,
    0x16, 0xC8, 0xBC, 0x70, 0x9F, 0x11, 0x48, 0x1A, 0x48, 0x33, 0xA0, 0x80, 0x7F, 0xFF, 0xFF, 0xFF,
    0x67, 0x81, 0x92, 0x0C, 0x0C, 0x13, 0xC8, 0x26, 0x01, 0xBF, 0xB0, 0x1E, 0xB8, 0x78, 0x9C, 0x63,
    0x60, 0xF8, 0xF2, 0x9F, 0x93, 0x81, 0xC1, 0xE0, 0xFF, 0xDF, 0x7A, 0x06, 0x86, 0x47, 0xFD, 0x0E,
    0xFF, 0xD8, 0x18, 0x0E, 0xB1, 0x30, 0x1C, 0x64, 0x65, 0x40, 0x02, 0xFF, 0xFE, 0xFF, 0xFF, 0xCF,
    0x02, 0x25, 0x19, 0x18, 0x26, 0x90, 0x4D, 0x02, 0x00, 0x58, 0x96, 0x20, 0xA5, 0x78, 0x9C, 0x63,
    0xB8, 0xEC, 0x27, 0xF0, 0x87, 0x9D, 0xE1, 0xE7, 0xFE, 0x80, 0xFF, 0x7C, 0x0C, 0x10, 0x36, 0x06,
    0xF8, 0xF7, 0xFF, 0xFF, 0x7F, 0x16, 0x28, 0xC9, 0xC0, 0x30, 0x81, 0x6C, 0x12, 0x00, 0xE2, 0xA5,
    0x1F, 0x3A, 0x78, 0x9C, 0x15, 0x8C, 0xA1, 0x0D, 0xC2, 0x50, 0x18, 0x06, 0x2F, 0xA1, 0x79, 0xAD,
    0xA2, 0xDD, 0x80, 0xA7, 0x08, 0x01, 0x41, 0x35, 0x8A, 0x01, 0x10, 0x1D, 0x81, 0x0D, 0x1A, 0x26,
    0x61, 0x14, 0xD8, 0x00, 0x43, 0xD0, 0x15, 0x1D, 0x00, 0x05, 0x02, 0xF1, 0x9B, 0x12, 0xDA, 0x86,
    0xF6, 0xE3, 0x71, 0xE2, 0xC4, 0x89, 0xA3, 0xD8, 0xC1, 0x1C, 0xEE, 0x5A, 0x3D, 0x4F, 0x90, 0x75,
    0x32, 0x07, 0x7C, 0x54, 0x06, 0x3F, 0xEC, 0xA6, 0x08, 0x6A, 0x97, 0x0D, 0x53, 0xFE, 0x34, 0x47,
    0x38, 0x0C, 0x97, 0xAB, 0xE1, 0x47, 0xC9, 0x34, 0xA9, 0xB4, 0xF0, 0xAD, 0xDC, 0x3B, 0xF4, 0xAD,
    0xE2, 0x6E, 0x06, 0x5E, 0x49, 0x9F, 0x42, 0xAE, 0xB8, 0x5D, 0xC3, 0x5E, 0x51, 0x13, 0xB6, 0x95,
    0x71, 0xD6, 0xD2, 0xF7, 0x61, 0xFA, 0x95, 0x94, 0x40, 0xF1, 0xB2, 0x0D, 0xFC, 0x00, 0x9A, 0x9F,
    0x34, 0xD7, 0x78, 0x9C, 0x63, 0xD8, 0x9C, 0xC3, 0x30, 0x85, 0x59, 0xE0, 0xFF, 0x7F, 0xC9, 0xDF,
    0xAC, 0x05, 0xEB, 0xAF, 0xFC, 0x7F, 0xCF, 0x90, 0x60, 0x23, 0xF0, 0xCB, 0x97, 0x01, 0x19, 0xFC,
    0x67, 0xDF, 0xFC, 0x2F, 0x97, 0xE1, 0x7F, 0xE7, 0xFF, 0xFF, 0xFF, 0xD9, 0xFF, 0xFF, 0x97, 0x48,
    0xFC, 0xCF, 0xF7, 0xBF, 0x9E, 0x81, 0xE1, 0x8F, 0xFD, 0x7F, 0x7E, 0x06, 0x86, 0x5F, 0xFE, 0x20,
    0xF2, 0x27, 0x51, 0x24, 0x00, 0x2B, 0x4C, 0x2B, 0x50, 0x78, 0x9C, 0x63, 0x10, 0x90, 0x66, 0x00,
    0x81, 0x8B, 0xE7, 0xC1, 0xD4, 0xC1, 0xFF, 0x5C, 0x60, 0xFA, 0x4F, 0x3D, 0x98, 0xDA, 0xF0, 0x9F,
    0x11, 0x4C, 0x47, 0x31, 0x60, 0x00, 0x87, 0x57, 0xEF, 0xBD, 0x80, 0xD4, 0xAF, 0xFF, 0xFF, 0xFF,
    0x73, 0x32, 0x4C, 0xF8, 0xAF, 0xAD, 0xF0, 0xBB, 0x9F, 0xE1, 0xD3, 0x7B, 0x06, 0x86, 0x07, 0xFF,
    0x99, 0xBE, 0xF7, 0x33, 0x30, 0x34, 0xFC, 0x67, 0xFF, 0x15, 0xCF, 0xC0, 0x10, 0xF0, 0x9F, 0x13,
    0x4A, 0x41, 0x05, 0xA1, 0x4A, 0xC0, 0x1A, 0xE6, 0x43, 0xB4, 0x03, 0x6D, 0x74, 0x78, 0xFD, 0xDE,
    0x9B, 0x81, 0x01, 0x00, 0xCF, 0x9D, 0x2D, 0xBA, 0x78, 0x9C, 0x63, 0x60, 0x60, 0x10, 0x90, 0x66,
    0x00, 0x81, 0x03, 0xF7, 0x19, 0x41, 0xD4, 0xAF, 0xF3, 0x20, 0xAA, 0xE0, 0x3F, 0x0F, 0x88, 0xF3,
    0x71, 0x3F, 0x58, 0x2A, 0x80, 0x8B, 0x01, 0x03, 0x38, 0xBC, 0x7A, 0xEF, 0x05, 0x52, 0xFE, 0xFF,
    0xFF, 0x7F, 0x4E, 0x86, 0x09, 0xFF, 0xB5, 0x15, 0x7E, 0xF7, 0x33, 0x7C, 0x7A, 0xCF, 0xC0, 0xF0,
    0xE0, 0x3F, 0xD3, 0xF7, 0x7E, 0x06, 0x86, 0x86, 0xFF, 0xEC, 0xBF, 0xE2, 0x81, 0x3A, 0xFF, 0x73,
    0x42, 0x29, 0xA8, 0x20, 0x54, 0x09, 0x58, 0xC3, 0x7C, 0x88, 0x76, 0xA0, 0xE1, 0x0E, 0xAF, 0xDF,
    0x7B, 0x33, 0x30, 0x00, 0x00, 0xC8, 0x9D, 0x2D, 0xBA, 0x78, 0x9C, 0x63, 0x60, 0xF8, 0xF6, 0x9F,
    0x8D, 0x81, 0x81, 0x21, 0xE0, 0xFF, 0xDF, 0x78, 0x20, 0xF5, 0x25, 0x3F, 0xE1, 0x3F, 0x0B, 0x03,
    0xC3, 0x61, 0x66, 0x10, 0x42, 0x03, 0x0E, 0xAF, 0xDE, 0x7B, 0x01, 0xA9, 0x5F, 0xFF, 0xFF, 0xFF,
    0xE7, 0x64, 0x98, 0xF0, 0x5F, 0x5B, 0xE1, 0x77, 0x3F, 0xC3, 0xA7, 0xF7, 0x0C, 0x0C, 0x0F, 0xFE,
    0x33, 0x7D, 0xEF, 0x67, 0x60, 0x68, 0xF8, 0xCF, 0xFE, 0x2B, 0x1E, 0x64, 0x10, 0x27, 0x94, 0x82,
    0x0A, 0x42, 0x95, 0x80, 0x35, 0xCC, 0x87, 0x68, 0xE7, 0x02, 0x1A, 0xF6, 0xFA, 0xBD, 0x37, 0x03,
    0x03, 0x00, 0x74, 0x58, 0x2F, 0x98, 0x78, 0x9C, 0x63, 0x28, 0x58, 0xC3, 0xD4, 0xC0, 0xC9, 0xC0,
    0xF0, 0xFD, 0xBF, 0xFF, 0x27, 0x3E, 0x06, 0x86, 0xBF, 0xA5, 0xFF, 0xFF, 0x03, 0x79, 0xBB, 0x19,
    0xAE, 0xAC, 0x67, 0x40, 0x07, 0x0E, 0xAF, 0xDE, 0x7B, 0x01, 0xA9, 0x5F, 0xFF, 0x41, 0x4A, 0x26,
    0xFC, 0xD7, 0x56, 0xF8, 0xDD, 0xCF, 0xF0, 0xE9, 0x3D, 0x03, 0xC3, 0x83, 0xFF, 0x4C, 0xDF, 0xFB,
    0x19, 0x18, 0x1A, 0xFE, 0xB3, 0xFF, 0x8A, 0x67, 0x60, 0x08, 0xF8, 0xCF, 0x09, 0xA5, 0xA0, 0x82,
    0x50, 0x25, 0x60, 0x0D, 0xF3, 0x21, 0xDA, 0xB9, 0x80, 0x86, 0xBD, 0x7E, 0xEF, 0xCD, 0xC0, 0x00,
    0x00, 0x25, 0xB4, 0x31, 0x43, 0x78, 0x9C, 0x63, 0x78, 0x6A, 0x6B, 0xF0, 0x96, 0x95, 0x81, 0xE1,
    0x77, 0x7F, 0xC3, 0x7F, 0x6E, 0x06, 0x06, 0x28, 0x0F, 0x2B, 0x70, 0x78, 0xF5, 0xDE, 0x0B, 0x48,
    0xFD, 0xFA, 0xFF, 0xFF, 0x3F, 0x27, 0xC3, 0x84, 0xFF, 0xDA, 0x0A, 0xBF, 0xFB, 0x19, 0x3E, 0xBD,
    0x67, 0x60, 0x78, 0xF0, 0x9F, 0xE9, 0x7B, 0x3F, 0x03, 0x43, 0xC3, 0x7F, 0xF6, 0x5F, 0xF1, 0x0C,
    0x0C, 0x01, 0xFF, 0x39, 0xA1, 0x14, 0x54, 0x10, 0xAA, 0x04, 0xAC, 0x61, 0x3E, 0x44, 0x3B, 0x17,
    0xD0, 0xB0, 0xD7, 0xEF, 0xBD, 0x19, 0x18, 0x00, 0xF1, 0x1E, 0x2E, 0x3C, 0x78, 0x9C, 0x63, 0x60,
    0x58, 0xB0, 0x9E, 0x01, 0x04, 0x3E, 0xFD, 0x67, 0x02, 0x51, 0x50, 0x1E, 0x32, 0xF8, 0xF0, 0x1F,
    0x04, 0x60, 0x14, 0x3A, 0xC0, 0xA2, 0x1D, 0x00, 0x85, 0xAD, 0x14, 0xF9, 0x78, 0x9C, 0x63, 0x60,
    0x00, 0x02, 0x03, 0x06, 0x06, 0x87, 0x57, 0xF7, 0xAD, 0x7E, 0x31, 0x33, 0xFC, 0xFA, 0xFF, 0xFF,
    0xFF, 0x7A, 0x86, 0x09, 0xFF, 0x75, 0x0C, 0xFE, 0xCD, 0x67, 0xF8, 0xF4, 0x9E, 0x21, 0xE1, 0xFF,
    0x7F, 0xA6, 0xEF, 0xFD, 0x0C, 0x5F, 0xD6, 0xFE, 0x67, 0xFF, 0x15, 0x6F, 0xF0, 0x3E, 0xE8, 0x3F,
    0xD7, 0xAF, 0xF8, 0x47, 0xF6, 0x01, 0xFF, 0x39, 0xBF, 0xCF, 0xFF, 0xC7, 0xD2, 0xF0, 0x9F, 0xFD,
    0xD3, 0xFF, 0x78, 0x86, 0x07, 0xFF, 0x99, 0x26, 0xFC, 0xB7, 0x33, 0xF8, 0x33, 0x9F, 0x61, 0x01,
    0x50, 0xF7, 0x7F, 0x2E, 0x86, 0xCF, 0x56, 0xB7, 0xDE, 0x7B, 0x83, 0x4D, 0x05, 0x01, 0x00, 0x4F,
    0x9D, 0x2F, 0xB0, 0x78, 0x9C, 0x63, 0x50, 0xE0, 0x66, 0x00, 0x82, 0x47, 0xFB, 0x41, 0xE4, 0xC5,
    0xFF, 0x1C, 0x40, 0x52, 0xE0, 0x4F, 0x3C, 0x88, 0x73, 0xF0, 0x3D, 0x88, 0x64, 0xF0, 0x66, 0x40,
    0x01, 0x5F, 0xD6, 0x33, 0x30, 0x7C, 0x78, 0x4F, 0x0C, 0xF9, 0x19, 0x4C, 0x7E, 0x3A, 0xCF, 0xC0,
    0xF0, 0xE3, 0xFD, 0x83, 0xFF, 0x62, 0x8D, 0xFF, 0xDF, 0x17, 0xFC, 0xFF, 0xFF, 0x7F, 0xC5, 0x7B,
    0x86, 0x6B, 0xEF, 0xBD, 0x1B, 0xDE, 0x03, 0x00, 0xEF, 0x18, 0x33, 0xA9, 0x78, 0x9C, 0x63, 0x60,
    0x60, 0x50, 0xE0, 0x66, 0x00, 0x82, 0x0B, 0xE7, 0x41, 0xE4, 0xEF, 0xFD, 0x40, 0xA2, 0xE1, 0x3F,
    0x17, 0x90, 0xFC, 0xB4, 0x1E, 0x24, 0x90, 0xC0, 0xC9, 0x80, 0x02, 0xBE, 0x00, 0x45, 0x3F, 0xBC,
    0x27, 0x86, 0xFC, 0x0C, 0x26, 0x3F, 0x01, 0x8D, 0xFD, 0xF1, 0xFE, 0xC1, 0x7F, 0xB1, 0xC6, 0xFF,
    0xEF, 0x0B, 0xFE, 0xFF, 0xFF, 0xBF, 0xE2, 0x3D, 0xC3, 0xB5, 0xF7, 0xDE, 0x0D, 0xEF, 0x01, 0xEB,
    0x28, 0x33, 0xB6, 0x78, 0x9C, 0x63, 0x60, 0xF8, 0xF1, 0x9F, 0x95, 0x81, 0x21, 0xE1, 0xFF, 0x5F,
    0x7F, 0x06, 0x86, 0xAF, 0xF1, 0x05, 0xFF, 0x99, 0x19, 0x8E, 0x30, 0x31, 0x1C, 0x61, 0x66, 0x40,
    0x02, 0x5F, 0xD6, 0x33, 0x30, 0x7C, 0x78, 0x4F, 0x0C, 0xF9, 0x19, 0x4C, 0x7E, 0x3A, 0xCF, 0xC0,
    0xF0, 0xE3, 0xFD, 0x83, 0xFF, 0x62, 0x8D, 0xFF, 0xDF, 0x17, 0xFC, 0xFF, 0xFF, 0x7F, 0xC5, 0x7B,
    0x86, 0x6B, 0xEF, 0xBD, 0x1B, 0xDE, 0x03, 0x00, 0x80, 0xB0, 0x35, 0x99, 0x78, 0x9C, 0x63, 0xF8,
    0xA6, 0xEB, 0xF0, 0x8E, 0x85, 0xE1, 0x6F, 0xFD, 0x82, 0xFF, 0x5C, 0x0C, 0x10, 0x36, 0x06, 0xF8,
    0xB2, 0x9E, 0x81, 0xE1, 0xC3, 0x7B, 0x62, 0xC8, 0xCF, 0x60, 0xF2, 0xD3, 0x79, 0x06, 0x86, 0x1F,
    0xEF, 0x1F, 0xFC, 0x17, 0x6B, 0xFC, 0xFF, 0xBE, 0xE0, 0xFF, 0xFF, 0xFF, 0x2B, 0xDE, 0x33, 0x5C,
    0x7B, 0xEF, 0xDD, 0xF0, 0x1E, 0x00, 0x23, 0xAC, 0x34, 0x6E, 0x78, 0x9C, 0x63, 0x60, 0x60, 0x60,
    0xD0, 0x66, 0x00, 0x81, 0x05, 0xEF, 0x99, 0x40, 0xD4, 0x77, 0x30, 0xE5, 0xF0, 0x5F, 0x16, 0xC4,
    0x79, 0x70, 0x9E, 0x11, 0x44, 0x19, 0x48, 0x33, 0xA0, 0x83, 0x3F, 0xF2, 0x40, 0xE2, 0x1F, 0xEF,
    0x97, 0x7E, 0x90, 0x5A, 0xB6, 0x03, 0xEF, 0x81, 0xFA, 0xFF, 0x33, 0x04, 0xFC, 0x67, 0x65, 0xF8,
    0x30, 0x9F, 0x81, 0xE1, 0x2F, 0x0F, 0xC3, 0x37, 0x7B, 0x06, 0x86, 0xAF, 0xF6, 0x0C, 0x7F, 0x78,
    0x18, 0x18, 0x2E, 0xAC, 0x57, 0xF8, 0xCF, 0xC6, 0xC0, 0x90, 0xF0, 0xBF, 0xF0, 0x3D, 0x48, 0xE7,
    0xBF, 0x6B, 0xF3, 0x41, 0xD4, 0xB7, 0x7F, 0xFA, 0x60, 0x1B, 0xFE, 0xF3, 0x80, 0xA8, 0x09, 0x40,
    0x9D, 0x40, 0x70, 0x01, 0xAC, 0x82, 0xE1, 0x6B, 0x3D, 0x90, 0x10, 0x08, 0xF8, 0xC7, 0x0B, 0xA4,
    0x3E, 0xFC, 0xFF, 0x0F, 0x72, 0xD0, 0xA7, 0xF7, 0x5A, 0x20, 0x19, 0x00, 0x08, 0x9F, 0x2D, 0xA6,
    0x78, 0x9C, 0xFB, 0xCF, 0xCF, 0x00, 0x04, 0xFF, 0x71, 0x91, 0x7C, 0x10, 0xF2, 0xFA, 0x7B, 0x2D,
    0x86, 0xFF, 0xF7, 0xFE, 0xFF, 0xFF, 0xCF, 0xF2, 0xFF, 0x3D, 0x6B, 0xE3, 0x7F, 0xBE, 0xFF, 0xF2,
    0x0C, 0x0C, 0x7F, 0xE2, 0x41, 0x6A, 0xBE, 0xF7, 0x83, 0xC8, 0xAF, 0xEB, 0xC1, 0xE4, 0x7C, 0x10,
    0xF9, 0xA3, 0x1E, 0x44, 0xFE, 0xD3, 0xFF, 0x7F, 0x9E, 0x65, 0xD3, 0x7F, 0xAE, 0xFF, 0xEF, 0xFF,
    0xFF, 0x3F, 0xCF, 0xF0, 0x5F, 0xF6, 0xE5, 0x79, 0x36, 0x98, 0x69, 0x38, 0xEC, 0x02, 0x00, 0x47,
    0xFF, 0x31, 0x38, 0x78, 0x9C, 0x63, 0x78, 0xEC, 0x27, 0xF0, 0x87, 0x9D, 0x81, 0xE1, 0xE7, 0xFE,
    0x84, 0xFF, 0x7C, 0x0C, 0x0C, 0x50, 0x1E, 0x36, 0xF0, 0x47, 0x1E, 0x48, 0xFC, 0xE3, 0xFD, 0xD2,
    0xCF, 0xC0, 0xE0, 0xF0, 0x9F, 0xED, 0xC0, 0x7B, 0x06, 0x86, 0x05, 0xFF, 0x19, 0x02, 0xFE, 0xB3,
    0x32, 0x7C, 0x98, 0xCF, 0xC0, 0xF0, 0x97, 0x87, 0xE1, 0x9B, 0x3D, 0x03, 0xC3, 0x57, 0x7B, 0x86,
    0x3F, 0x3C, 0x0C, 0x0C, 0x17, 0xD6, 0x2B, 0xFC, 0x67, 0x63, 0x60, 0x48, 0xF8, 0x5F, 0xF8, 0x1E,
    0xA4, 0xF3, 0xDF, 0xB5, 0xF9, 0x20, 0xEA, 0xDB, 0x3F, 0x7D, 0x10, 0xF5, 0xE0, 0x3F, 0x0F, 0x88,
    0x9A, 0x00, 0xD4, 0x09, 0x04, 0x17, 0xC0, 0x2A, 0x18, 0xBE, 0xD6, 0x03, 0x09, 0x81, 0x80, 0x7F,
    0xBC, 0x40, 0xEA, 0xC3, 0xFF, 0xFF, 0x4C, 0x40, 0xEA, 0xD3, 0x7B, 0x2D, 0x90, 0x0C, 0x00, 0x5F,
    0x35, 0x2E, 0x58,
};
const GFXglyph UiBodyBoldGlyphs[] PROGMEM = {
    { 0, 0, 15, 0, 0, 8, 0 }, // U+0020
    { 5, 16, 15, 5, 16, 48, 8 }, // !
    { 11, 9, 15, 2, 17, 65, 56 }, // "
    { 13, 16, 15, 1, 16, 111, 121 }, // #
    { 12, 21, 15, 1, 18, 96, 232 }, // $
    { 15, 16, 15, 0, 16, 115, 328 }, // %
    { 15, 16, 15, 0, 16, 124, 443 }, // &
    { 5, 9, 15, 5, 17, 33, 567 }, // '
    { 8, 23, 15, 4, 18, 77, 600 }, // (
    { 8, 23, 15, 3, 18, 80, 677 }, // )
    { 13, 12, 15, 1, 15, 78, 757 }, // *
    { 13, 12, 15, 1, 14, 29, 835 }, // +
    { 7, 10, 15, 4, 4, 48, 864 }, // ,
    { 13, 2, 15, 1, 9, 15, 912 }, // -
    { 5, 5, 15, 5, 5, 22, 927 }, // .
    { 11, 22, 15, 2, 18, 82, 949 }, // /
    { 13, 16, 15, 1, 16, 111, 1031 }, // 0
    { 12, 16, 15, 2, 16, 40, 1142 }, // 1
    { 13, 16, 15, 1, 16, 89, 1182 }, // 2
    { 13, 16, 15, 1, 16, 97, 1271 }, // 3
    { 14, 16, 15, 0, 16, 68, 1368 }, // 4
    { 13, 16, 15, 1, 16, 93, 1436 }, // 5
    { 13, 16, 15, 1, 16, 114, 1529 }, // 6
    { 13, 16, 15, 1, 16, 70, 1643 }, // 7
    { 13, 16, 15, 1, 16, 119, 1713 }, // 8
    { 13, 16, 15, 1, 16, 115, 1832 }, // 9
    { 5, 14, 15, 5, 14, 28, 1947 }, // :
    { 7, 20, 15, 4, 14, 66, 1975 }, // ;
    { 11, 14, 15, 2, 15, 60, 2041 }, // <
    { 13, 8, 15, 1, 12, 20, 2101 }, // =
    { 11, 14, 15, 2, 15, 57, 2121 }, // >
    { 11, 17, 15, 2, 17, 75, 2178 }, // ?
    { 13, 20, 15, 1, 16, 139, 2253 }, // @
    { 15, 16, 15, 0, 16, 101, 2392 }, // A
    { 12, 16, 15, 2, 16, 79, 2493 }, // B
    { 14, 16, 15, 1, 16, 86, 2572 }, // C
    { 13, 16, 15, 1, 16, 80, 2658 }, // D
    { 12, 16, 15, 2, 16, 31, 2738 }, // E
    { 12, 16, 15, 2, 16, 29, 2769 }, // F
    { 13, 16, 15, 1, 16, 96, 2798 }, // G
    { 13, 16, 15, 1, 16, 25, 2894 }, // H
    { 11, 16, 15, 2, 16, 27, 2919 }, // I
    { 12, 16, 15, 1, 16, 51, 2946 }, // J
    { 13, 16, 15, 2, 16, 89, 2997 }, // K
    { 11, 16, 15, 3, 16, 20, 3086 }, // L
    { 13, 16, 15, 1, 16, 84, 3106 }, // M
    { 13, 16, 15, 1, 16, 79, 3190 }, // N
    { 13, 16, 15, 1, 16, 91, 3269 }, // O
    { 12, 16, 15, 2, 16, 59, 3360 }, // P
    { 14, 20, 15, 1, 16, 125, 3419 }, // Q
    { 13, 16, 15, 2, 16, 84, 3544 }, // R
    { 13, 16, 15, 1, 16, 105, 3628 }, // S
    { 15, 16, 15, 0, 16, 25, 3733 }, // T
    { 13, 16, 15, 1, 16, 58, 3758 }, // U
    { 15, 16, 15, 0, 16, 114, 3816 }, // V
    { 15, 16, 15, 0, 16, 131, 3930 }, // W
    { 15, 16, 15, 0, 16, 114, 4061 }, // X
    { 15, 16, 15, 0, 16, 84, 4175 }, // Y
    { 13, 16, 15, 1, 16, 55, 4259 }, // Z
    { 8, 22, 15, 5, 18, 22, 4314 }, // [
    { 11, 22, 15, 2, 18, 82, 4336 }, // U+005C
    { 8, 22, 15, 2, 18, 23, 4418 }, // ]
    { 11, 10, 15, 2, 16, 68, 4441 }, // ^
    { 13, 2, 15, 1, -2, 15, 4509 }, // _
    { 7, 6, 15, 3, 20, 33, 4524 }, // `
    { 13, 12, 15, 1, 12, 88, 4557 }, // a
    { 12, 18, 15, 2, 18, 79, 4645 }, // b
    { 13, 12, 15, 1, 12, 75, 4724 }, // c
    { 12, 18, 15, 1, 18, 78, 4799 }, // d
    { 13, 12, 15, 1, 12, 79, 4877 }, // e
    { 13, 18, 15, 2, 18, 59, 4956 }, // f
    { 14, 17, 15, 1, 12, 117, 5015 }, // g
    { 12, 18, 15, 2, 18, 51, 5132 }, // h
    { 9, 18, 15, 2, 18, 36, 5183 }, // i
    { 10, 23, 15, 1, 18, 59, 5219 }, // j
    { 13, 18, 15, 2, 18, 73, 5278 }, // k
    { 13, 18, 15, 1, 18, 44, 5351 }, // l
    { 14, 12, 15, 1, 12, 45, 5395 }, // m
    { 12, 12, 15, 2, 12, 44, 5440 }, // n
    { 13, 12, 15, 1, 12, 72, 5484 }, // o
    { 12, 17, 15, 2, 12, 79, 5556 }, // p
    { 12, 17, 15, 1, 12, 80, 5635 }, // q
    { 11, 12, 15, 3, 12, 41, 5715 }, // r
    { 13, 12, 15, 1, 12, 91, 5756 }, // s
    { 13, 16, 15, 1, 16, 62, 5847 }, // t
    { 12, 12, 15, 1, 12, 46, 5909 }, // u
    { 13, 12, 15, 1, 12, 87, 5955 }, // v
    { 15, 12, 15, 0, 12, 107, 6042 }, // w
    { 13, 12, 15, 1, 12, 85, 6149 }, // x
    { 14, 17, 15, 1, 12, 110, 6234 }, // y
    { 13, 12, 15, 1, 12, 64, 6344 }, // z
    { 11, 22, 15, 2, 18, 74, 6408 }, // {
    { 3, 25, 15, 6, 19, 13, 6482 }, // |
    { 11, 22, 15, 2, 18, 80, 6495 }, // }
    { 13, 6, 15, 1, 11, 42, 6575 }, // ~
    { 0, 0, 15, 0, 0, 8, 6617 }, // U+00A0
    { 5, 17, 15, 5, 12, 49, 6625 }, // U+00A1
    { 11, 16, 15, 2, 16, 72, 6674 }, // U+00A2
    { 13, 16, 15, 1, 16, 79, 6746 }, // U+00A3
    { 13, 14, 15, 1, 15, 77, 6825 }, // U+00A4
    { 13, 16, 15, 1, 16, 94, 6902 }, // U+00A5
    { 3, 25, 15, 6, 19, 19, 6996 }, // U+00A6
    { 11, 19, 15, 2, 17, 121, 7015 }, // U+00A7
    { 9, 3, 15, 3, 18, 21, 7136 }, // U+00A8
    { 15, 16, 15, 0, 16, 117, 7157 }, // U+00A9
    { 9, 9, 15, 3, 18, 56, 7274 }, // U+00AA
    { 13, 11, 15, 1, 12, 69, 7330 }, // U+00AB
    { 13, 7, 15, 1, 9, 23, 7399 }, // U+00AC
    { 13, 2, 15, 1, 9, 15, 7422 }, // U+00AD
    { 11, 11, 15, 2, 18, 69, 7437 }, // U+00AE
    { 7, 2, 15, 4, 17, 15, 7506 }, // U+00AF
    { 7, 7, 15, 4, 17, 32, 7521 }, // U+00B0
    { 13, 14, 15, 1, 14, 29, 7553 }, // U+00B1
    { 9, 11, 15, 3, 20, 59, 7582 }, // U+00B2
    { 9, 11, 15, 3, 20, 59, 7641 }, // U+00B3
    { 7, 6, 15, 5, 20, 33, 7700 }, // U+00B4
    { 14, 17, 15, 1, 12, 70, 7733 }, // U+00B5
    { 12, 18, 15, 1, 16, 49, 7803 }, // U+00B6
    { 5, 5, 15, 5, 12, 22, 7852 }, // U+00B7
    { 6, 6, 15, 4, 0, 27, 7874 }, // U+00B8
    { 9, 10, 15, 4, 19, 28, 7901 }, // U+00B9
    { 9, 9, 15, 3, 18, 50, 7929 }, // U+00BA
    { 13, 11, 15, 1, 12, 64, 7979 }, // U+00BB
    { 15, 16, 15, 0, 16, 99, 8043 }, // U+00BC
    { 15, 16, 15, 0, 16, 104, 8142 }, // U+00BD
    { 15, 16, 15, 0, 16, 118, 8246 }, // U+00BE
    { 11, 17, 15, 2, 12, 77, 8364 }, // U+00BF
    { 15, 22, 15, 0, 22, 120, 8441 }, // U+00C0
    { 15, 22, 15, 0, 22, 121, 8561 }, // U+00C1
    { 15, 21, 15, 0, 21, 125, 8682 }, // U+00C2
    { 15, 22, 15, 0, 22, 128, 8807 }, // U+00C3
    { 15, 21, 15, 0, 21, 118, 8935 }, // U+00C4
    { 15, 22, 15, 0, 22, 116, 9053 }, // U+00C5
    { 16, 16, 15, -1, 16, 93, 9169 }, // U+00C6
    { 14, 22, 15, 1, 16, 112, 9262 }, // U+00C7
    { 12, 22, 15, 2, 22, 53, 9374 }, // U+00C8
    { 12, 22, 15, 2, 22, 52, 9427 }, // U+00C9
    { 12, 21, 15, 2, 21, 56, 9479 }, // U+00CA
    { 12, 21, 15, 2, 21, 47, 9535 }, // U+00CB
    { 11, 22, 15, 2, 22, 48, 9582 }, // U+00CC
    { 11, 22, 15, 2, 22, 49, 9630 }, // U+00CD
    { 11, 21, 15, 2, 21, 51, 9679 }, // U+00CE
    { 11, 21, 15, 2, 21, 41, 9730 }, // U+00CF
    { 14, 16, 15, 0, 16, 81, 9771 }, // U+00D0
    { 13, 22, 15, 1, 22, 108, 9852 }, // U+00D1
    { 13, 22, 15, 1, 22, 110, 9960 }, // U+00D2
    { 13, 22, 15, 1, 22, 112, 10070 }, // U+00D3
    { 13, 21, 15, 1, 21, 116, 10182 }, // U+00D4
    { 13, 22, 15, 1, 22, 118, 10298 }, // U+00D5
    { 13, 21, 15, 1, 21, 105, 10416 }, // U+00D6
    { 11, 11, 15, 2, 14, 71, 10521 }, // U+00D7
    { 15, 18, 15, 0, 17, 137, 10592 }, // U+00D8
    { 13, 22, 15, 1, 22, 79, 10729 }, // U+00D9
    { 13, 22, 15, 1, 22, 80, 10808 }, // U+00DA
    { 13, 21, 15, 1, 21, 85, 10888 }, // U+00DB
    { 13, 21, 15, 1, 21, 75, 10973 }, // U+00DC
    { 15, 22, 15, 0, 22, 102, 11048 }, // U+00DD
    { 12, 16, 15, 2, 16, 59, 11150 }, // U+00DE
    { 14, 18, 15, 1, 18, 108, 11209 }, // U+00DF
    { 13, 20, 15, 1, 20, 110, 11317 }, // U+00E0
    { 13, 20, 15, 1, 20, 116, 11427 }, // U+00E1
    { 13, 18, 15, 1, 18, 113, 11543 }, // U+00E2
    { 13, 18, 15, 1, 18, 115, 11656 }, // U+00E3
    { 13, 18, 15, 1, 18, 105, 11771 }, // U+00E4
    { 13, 19, 15, 1, 19, 109, 11876 }, // U+00E5
    { 15, 12, 15, 0, 12, 101, 11985 }, // U+00E6
    { 13, 18, 15, 1, 12, 100, 12086 }, // U+00E7
    { 13, 20, 15, 1, 20, 103, 12186 }, // U+00E8
    { 13, 20, 15, 1, 20, 101, 12289 }, // U+00E9
    { 13, 18, 15, 1, 18, 104, 12390 }, // U+00EA
    { 13, 18, 15, 1, 18, 95, 12494 }, // U+00EB
    { 9, 20, 15, 2, 20, 47, 12589 }, // U+00EC
    { 11, 20, 15, 2, 20, 49, 12636 }, // U+00ED
    { 11, 18, 15, 2, 18, 48, 12685 }, // U+00EE
    { 11, 18, 15, 2, 18, 37, 12733 }, // U+00EF
    { 13, 18, 15, 1, 18, 128, 12770 }, // U+00F0
    { 12, 18, 15, 2, 18, 71, 12898 }, // U+00F1
    { 13, 20, 15, 1, 20, 95, 12969 }, // U+00F2
    { 13, 20, 15, 1, 20, 97, 13064 }, // U+00F3
    { 13, 18, 15, 1, 18, 93, 13161 }, // U+00F4
    { 13, 18, 15, 1, 18, 95, 13254 }, // U+00F5
    { 13, 18, 15, 1, 18, 87, 13349 }, // U+00F6
    { 13, 12, 15, 1, 14, 32, 13436 }, // U+00F7
    { 13, 14, 15, 1, 13, 103, 13468 }, // U+00F8
    { 12, 20, 15, 1, 20, 73, 13571 }, // U+00F9
    { 12, 20, 15, 1, 20, 71, 13644 }, // U+00FA
    { 12, 18, 15, 1, 18, 73, 13715 }, // U+00FB
    { 12, 18, 15, 1, 18, 62, 13788 }, // U+00FC
    { 14, 25, 15, 1, 20, 134, 13850 }, // U+00FD
    { 12, 23, 15, 2, 18, 83, 13984 }, // U+00FE
    { 14, 23, 15, 1, 18, 128, 14067 }, // U+00FF
};
const UnicodeInterval UiBodyBoldIntervals[] PROGMEM = {
    { 0x20, 0x7E, 0x0 },
    { 0xA0, 0xFF, 0x5F },
};
const GFXfont UiBodyBold PROGMEM = {
    (uint8_t *)UiBodyBoldBitmaps,
    (GFXglyph *)UiBodyBoldGlyphs,
    (UnicodeInterval *)UiBodyBoldIntervals,
    2,
    1,
    31,
    25,
    -7,
};

const uint8_t UiTitleBitmaps[19518] PROGMEM = {
    0x78, 0x9C, 0x03, 0x00, 0x00, 0x00, 0x00, 0x01, 0x78, 0x9C, 0xFB, 0xF0, 0x9F, 0xE7, 0xC3, 0x7F,
    0xEE, 0x07, 0xFF, 0xB9, 0x2F, 0xFC, 0xE7, 0x02, 0xA2, 0x03, 0xFF, 0x39, 0x37, 0xFC, 0xE7, 0x58,
    0xF0, 0x9F, 0x7D, 0xC2, 0x7F, 0xB6, 0x86, 0xFF, 0xAC, 0x05, 0xFF, 0x59, 0x0A, 0xFE, 0x33, 0x27,
    0xFC, 0x67, 0x62, 0x80, 0x81, 0x09, 0xEF, 0xD8, 0x7F, 0xFE, 0x8F, 0xFF, 0xF7, 0x7F, 0x3D, 0x10,
    0x01, 0x19, 0x40, 0x2E, 0x00, 0xB3, 0x0E, 0x23, 0x26, 0x78, 0x9C, 0xFB, 0xFE, 0x5F, 0x9F, 0xE1,
    0xCB, 0x7F, 0xFF, 0xEF, 0xFF, 0xE5, 0x41, 0xD4, 0x37, 0x30, 0x65, 0x0F, 0xA2, 0x3E, 0xFF, 0xB7,
    0xFF, 0xFA, 0x9F, 0x1F, 0x48, 0xE9, 0x7F, 0xFE, 0xCF, 0xC7, 0xF0, 0xF1, 0x3F, 0xFF, 0xC7, 0xFF,
    0x3C, 0x0C, 0x1F, 0xFE, 0xF3, 0x7D, 0xF8, 0xCF, 0xC5, 0x70, 0xE0, 0x3F, 0xCF, 0x85, 0xFF, 0x1C,
    0x0C, 0x0B, 0xFE, 0x73, 0x6D, 0xF8, 0xCF, 0xC6, 0xD0, 0xF0, 0x9F, 0x63, 0xC2, 0x7F, 0x16, 0x86,
    0x84, 0xFF, 0x6C, 0x05, 0xFF, 0x99, 0x18, 0x1C, 0xFE, 0xB3, 0x00, 0x00, 0x3A, 0x55, 0x2D, 0x92,
    0x78, 0x9C, 0x63, 0x60, 0xF8, 0xA8, 0xCF, 0xF0, 0x20, 0x9E, 0x81, 0x81, 0xE1, 0x33, 0x3F, 0xC3,
    0x07, 0x7F, 0x20, 0xFD, 0x95, 0x8F, 0xE1, 0x93, 0x3E, 0x90, 0xFE, 0xCE, 0xCB, 0xF0, 0x85, 0x1F,
    0x48, 0xFF, 0xE2, 0x66, 0xF8, 0xC6, 0xC7, 0x70, 0xE0, 0xFF, 0x7F, 0x6F, 0x97, 0x9F, 0xB9, 0x6A,
    0x40, 0x1A, 0x04, 0xE2, 0x81, 0xF4, 0xD9, 0x33, 0x40, 0x9A, 0x41, 0xE0, 0x3F, 0x13, 0xC3, 0x7F,
    0x71, 0x46, 0x06, 0x83, 0xFF, 0x40, 0x26, 0x0B, 0x03, 0x43, 0xC0, 0x7B, 0x20, 0x93, 0x89, 0x81,
    0xA1, 0xE0, 0x3E, 0x43, 0xC0, 0x7F, 0x06, 0x86, 0x6F, 0x60, 0xE5, 0x67, 0x38, 0x20, 0xF4, 0x7F,
    0xEE, 0x6F, 0xFF, 0xF7, 0xCF, 0x7C, 0xF9, 0x7E, 0x37, 0x3B, 0xC3, 0x03, 0x7F, 0x86, 0x03, 0xFD,
    0x40, 0xE3, 0x3F, 0xD8, 0x33, 0x3C, 0xC8, 0x07, 0x59, 0x2F, 0x0F, 0xB5, 0x9E, 0x1F, 0xD5, 0xFA,
    0x9F, 0x60, 0xEB, 0x19, 0x00, 0x1F, 0x70, 0x48, 0x1B, 0x78, 0x9C, 0x63, 0x60, 0x60, 0xF8, 0x92,
    0xCF, 0x00, 0x06, 0x38, 0xE8, 0x6D, 0xFF, 0xFF, 0xF7, 0x30, 0x32, 0x30, 0x5C, 0xFC, 0x0F, 0x04,
    0x40, 0x91, 0xBF, 0x20, 0xFA, 0x3F, 0x6B, 0xC0, 0xFF, 0xFB, 0x2C, 0x0A, 0xCF, 0xCF, 0x33, 0x4C,
    0xF8, 0xAF, 0xCF, 0xC0, 0x20, 0x20, 0x09, 0xA1, 0x81, 0x20, 0x01, 0x28, 0x0E, 0x66, 0xFC, 0xFB,
    0x7F, 0x9E, 0x0D, 0x44, 0x5F, 0x02, 0xAA, 0xD6, 0x04, 0x31, 0x5E, 0x00, 0x19, 0x9C, 0x20, 0xC6,
    0xF5, 0xFF, 0xFF, 0xCF, 0x83, 0x95, 0x6C, 0x81, 0x0A, 0x30, 0x7C, 0xFD, 0xCF, 0x0F, 0xA6, 0x37,
    0xFC, 0x97, 0x77, 0x88, 0x03, 0xD2, 0x07, 0xFE, 0xF3, 0x3F, 0xF8, 0x5F, 0xCB, 0xA4, 0xF0, 0xF3,
    0x3F, 0xD7, 0x17, 0xB0, 0x75, 0xEF, 0x99, 0x0C, 0x7E, 0x83, 0x68, 0x5B, 0x06, 0x06, 0x83, 0x13,
    0xFF, 0xDF, 0x67, 0xE3, 0x73, 0x2F, 0x2A, 0x0D, 0x00, 0xA0, 0xCB, 0x50, 0x4E, 0x78, 0x9C, 0x4D,
    0x8E, 0x3D, 0x0E, 0x82, 0x50, 0x10, 0x84, 0x07, 0xC5, 0xE7, 0x4F, 0x94, 0x23, 0x18, 0x0F, 0xA0,
    0x46, 0x5B, 0x2B, 0x6E, 0xA0, 0xAD, 0x9D, 0x9D, 0x2D, 0x37, 0x80, 0x8A, 0x56, 0x4F, 0xA0, 0xDE,
    0x00, 0x6F, 0x00, 0x37, 0xC0, 0x2B, 0x18, 0x3B, 0x1B, 0x30, 0x16, 0x26, 0x08, 0x8C, 0xFB, 0xC0,
    0x44, 0xA7, 0xD9, 0xCD, 0x64, 0xE7, 0x9B, 0x85, 0x53, 0x1C, 0x0C, 0x54, 0x7A, 0x93, 0x53, 0x19,
    0x3E, 0x1C, 0x92, 0x21, 0x30, 0x63, 0xF7, 0x42, 0x75, 0xA3, 0x81, 0x2B, 0x3B, 0x69, 0x28, 0x76,
    0x0B, 0xB9, 0x8B, 0x47, 0x80, 0x15, 0xD5, 0x89, 0x6D, 0xA4, 0xB1, 0x78, 0xE6, 0xCB, 0x05, 0x22,
    0x7D, 0x37, 0xA7, 0x02, 0x36, 0x92, 0x0D, 0xB0, 0xFD, 0xF2, 0x86, 0x35, 0xF9, 0xD7, 0xA1, 0x35,
    0xBA, 0xC7, 0xAA, 0xDE, 0x9E, 0xE4, 0x51, 0xCF, 0x35, 0x4A, 0x89, 0x99, 0xC0, 0x3E, 0xB1, 0x39,
    0xF6, 0xD8, 0x03, 0xB2, 0xA5, 0xA0, 0x51, 0x5A, 0x90, 0x22, 0x8F, 0x0D, 0xE4, 0x16, 0xB2, 0xA0,
    0x7A, 0xA1, 0x1C, 0x9C, 0xD9, 0x87, 0xCD, 0x89, 0xDC, 0x45, 0x89, 0x70, 0x0B, 0xC9, 0x36, 0xB1,
    0xA8, 0x79, 0xBB, 0xBF, 0x8E, 0x0F, 0x7D, 0xD8, 0x57, 0x63, 0x78, 0x9C, 0x2D, 0x8E, 0xC1, 0x0D,
    0x01, 0x61, 0x10, 0x85, 0xDF, 0x12, 0x2E, 0x1C, 0x5C, 0x1D, 0x68, 0x01, 0xD1, 0x80, 0x0A, 0x58,
    0x15, 0x68, 0x60, 0x23, 0x54, 0xA0, 0x02, 0x07, 0x0D, 0xA0, 0x03, 0x9B, 0x28, 0xE0, 0xD7, 0x01,
    0x1D, 0xEC, 0x9E, 0x5D, 0x56, 0xEC, 0xB2, 0x58, 0xE6, 0xF9, 0xFF, 0x61, 0x92, 0x49, 0xBE, 0xCC,
    0xBC, 0x97, 0xF7, 0x80, 0x95, 0xAC, 0x3D, 0xB8, 0xE9, 0x0A, 0xD9, 0x56, 0x3A, 0x91, 0xDC, 0x29,
    0x65, 0xAC, 0xDE, 0xA8, 0xF4, 0x30, 0x88, 0xA9, 0xC2, 0xE7, 0x06, 0x97, 0x1F, 0xE5, 0x06, 0x79,
    0xA4, 0xDF, 0x94, 0x73, 0x4E, 0x94, 0x62, 0x0A, 0x6B, 0x4A, 0x33, 0xF2, 0x08, 0xF4, 0xFA, 0xC0,
    0x96, 0xEE, 0xF4, 0xB2, 0xD2, 0x37, 0x9D, 0x53, 0x16, 0x08, 0x99, 0xB0, 0x85, 0x01, 0x3B, 0x36,
    0xA2, 0x29, 0x91, 0x17, 0xB2, 0x8E, 0x22, 0xC1, 0x95, 0xC3, 0x94, 0x15, 0x88, 0xB1, 0x2F, 0x8A,
    0x35, 0xB8, 0xCD, 0xC8, 0x11, 0x50, 0xB0, 0x8C, 0x2E, 0x5D, 0xCA, 0x9D, 0x53, 0x6F, 0x6F, 0x2B,
    0x06, 0x38, 0xF0, 0x3F, 0x68, 0x14, 0xAE, 0xF3, 0xF8, 0x63, 0x00, 0xFF, 0xCC, 0x65, 0x09, 0x7E,
    0x80, 0x2F, 0x32, 0x51, 0x66, 0xBD, 0x78, 0x9C, 0xFB, 0xF6, 0xDF, 0xFE, 0xDB, 0x7F, 0xFD, 0xAF,
    0x60, 0xF4, 0xE5, 0xBF, 0xFC, 0xA7, 0xFF, 0xFC, 0x1F, 0xFE, 0xF3, 0x3E, 0xF8, 0xCF, 0x7D, 0xE0,
    0x3F, 0xE7, 0x82, 0xFF, 0xEC, 0x0D, 0xFF, 0x59, 0x13, 0xFE, 0x33, 0x03, 0x00, 0xCF, 0x3C, 0x16,
    0xEB, 0x78, 0x9C, 0x3D, 0x8E, 0x6D, 0x0A, 0x40, 0x60, 0x10, 0x84, 0x1F, 0x11, 0xBF, 0x94, 0x0B,
    0x28, 0x37, 0x70, 0x14, 0x47, 0x70, 0x05, 0x47, 0x70, 0x33, 0x39, 0x01, 0x4E, 0xE0, 0x08, 0x52,
    0xCA, 0x57, 0x59, 0xAF, 0x79, 0xCB, 0x9F, 0xA9, 0xDD, 0x9D, 0x7D, 0x66, 0x80, 0x3E, 0x82, 0xE2,
    0xA9, 0x61, 0xB2, 0x1C, 0xEE, 0x25, 0xA0, 0xB1, 0x12, 0x56, 0x8B, 0xE1, 0x1A, 0x20, 0xB3, 0x0A,
    0x5A, 0x4B, 0x61, 0xB4, 0xE4, 0xDB, 0x87, 0xB0, 0x19, 0xB0, 0xCF, 0x4E, 0x8E, 0xCE, 0xC9, 0xF9,
    0x8B, 0x46, 0x1D, 0x64, 0x91, 0x59, 0x6F, 0x02, 0x08, 0x25, 0xA8, 0xC7, 0x2B, 0x48, 0x91, 0x3E,
    0x5C, 0x35, 0x5C, 0xA1, 0x17, 0x1C, 0x97, 0x32, 0xC5, 0x78, 0x9C, 0x4B, 0xE0, 0x66, 0x60, 0x60,
    0xF8, 0x71, 0x1E, 0x48, 0x3C, 0xFE, 0x0F, 0x64, 0x1A, 0xFC, 0xEF, 0x07, 0x32, 0xBF, 0xFE, 0x67,
    0x61, 0x60, 0x58, 0xF0, 0x9F, 0x97, 0x81, 0x41, 0xE0, 0x5F, 0x3E, 0x90, 0xFF, 0xFD, 0x3E, 0x90,
    0xF8, 0x08, 0x12, 0xDC, 0xF0, 0x9F, 0x93, 0x81, 0x21, 0xE1, 0x3F, 0x1F, 0x48, 0xA5, 0x3C, 0x50,
    0xF0, 0xBF, 0x3D, 0x88, 0xF0, 0x07, 0x12, 0xFF, 0xE2, 0x61, 0x04, 0x98, 0x0B, 0x92, 0x00, 0x2B,
    0x01, 0x2B, 0x06, 0x6B, 0x03, 0x1B, 0x00, 0x32, 0x0A, 0x6C, 0x28, 0xD8, 0x78, 0x90, 0x45, 0x60,
    0x2B, 0xC1, 0x96, 0x83, 0x9D, 0x91, 0x00, 0x72, 0x10, 0x00, 0xA4, 0xF1, 0x2E, 0x49, 0x78, 0x9C,
    0x25, 0xCC, 0x5D, 0x0A, 0x40, 0x50, 0x10, 0x05, 0xE0, 0x43, 0x92, 0x42, 0x96, 0xC0, 0x0E, 0xD8,
    0xC1, 0xDD, 0xC2, 0xDD, 0x81, 0x25, 0xB1, 0x01, 0x65, 0x07, 0xCA, 0x86, 0xF0, 0xEA, 0x45, 0xF2,
    0x5B, 0x37, 0x1D, 0x73, 0x39, 0x0F, 0xF3, 0x4D, 0xCD, 0x0F, 0x80, 0x3E, 0xC4, 0x97, 0x2D, 0xF9,
    0xDD, 0xD3, 0xDF, 0x23, 0x97, 0x92, 0x01, 0xA7, 0xE8, 0x6E, 0x8D, 0x77, 0x29, 0x3D, 0x27, 0x27,
    0xF9, 0x0C, 0xA4, 0x2A, 0x0C, 0x25, 0x9D, 0x0B, 0xDB, 0x08, 0x40, 0x4D, 0xFA, 0xF6, 0x6C, 0x25,
    0x63, 0xAB, 0xA9, 0x4C, 0x25, 0x68, 0x86, 0x13, 0x65, 0x3E, 0x2E, 0x4E, 0xC1, 0x08, 0xB8, 0x95,
    0x7C, 0x2C, 0x81, 0x56, 0x96, 0xEB, 0x00, 0x2F, 0x68, 0x97, 0x2C, 0xC5, 0x78, 0x9C, 0x63, 0x60,
    0x60, 0x30, 0x12, 0x66, 0x00, 0x83, 0x1F, 0xF1, 0x24, 0xD0, 0xDF, 0xFE, 0x83, 0x81, 0x3D, 0x3A,
    0x4D, 0xAA, 0x39, 0x0C, 0x50, 0xFB, 0x01, 0x42, 0xD6, 0x26, 0x2C, 0x78, 0x9C, 0x63, 0x78, 0xB9,
    0x9E, 0x71, 0xC1, 0xFF, 0xFF, 0x3C, 0x1F, 0xFE, 0xFF, 0xF7, 0x07, 0xE2, 0xFA, 0x0D, 0xFF, 0xFF,
    0xCF, 0x17, 0x78, 0xF5, 0x7F, 0x3E, 0x03, 0xC3, 0xAF, 0x7E, 0x06, 0x86, 0xBF, 0xFE, 0x0C, 0x09,
    0xFF, 0xF9, 0x18, 0xBE, 0xFC, 0x67, 0x9B, 0xF8, 0x7F, 0x3F, 0xC3, 0xCF, 0xFF, 0x5C, 0x0C, 0x9F,
    0x7C, 0x19, 0x18, 0x14, 0x18, 0x18, 0x18, 0x00, 0xB7, 0x36, 0x1C, 0xBE, 0x78, 0x9C, 0xFB, 0xF6,
    0x1F, 0x0C, 0xEC, 0xBF, 0xA1, 0xD1, 0x00, 0x15, 0x0B, 0x15, 0x8E, 0x78, 0x9C, 0x13, 0x78, 0xD5,
    0xC7, 0x70, 0xE0, 0xFF, 0x7F, 0x8E, 0xCF, 0xFF, 0xFF, 0xF3, 0x7F, 0xFD, 0xFF, 0x5F, 0x1F, 0x44,
    0x83, 0xF8, 0x02, 0x40, 0x71, 0x00, 0x07, 0xF7, 0x11, 0xBF, 0x78, 0x9C, 0x63, 0x60, 0x00, 0x82,
    0x86, 0xFF, 0x3C, 0x20, 0x8A, 0xE1, 0xC2, 0x7F, 0x36, 0x30, 0xFD, 0xE5, 0x3F, 0x23, 0x98, 0xFE,
    0xB9, 0x1E, 0x4C, 0x31, 0xFC, 0xF7, 0x07, 0x53, 0x01, 0xFF, 0xF9, 0xC0, 0xF4, 0x86, 0xFF, 0x1C,
    0x60, 0xFA, 0xE3, 0x7F, 0x26, 0x30, 0xFD, 0xFD, 0x3C, 0x44, 0xD9, 0xDF, 0x7C, 0x30, 0x65, 0xF0,
    0x5F, 0x1E, 0x4C, 0x4F, 0xF8, 0xCF, 0x05, 0xA6, 0x3F, 0xFC, 0x67, 0x01, 0xD3, 0x5F, 0xDF, 0x43,
    0x94, 0xFD, 0xEE, 0x07, 0x53, 0x02, 0xFF, 0xF5, 0xC1, 0x74, 0x01, 0x9A, 0xE5, 0x9F, 0xA9, 0x6A,
    0xF9, 0x03, 0xA8, 0xE5, 0x00, 0xA6, 0x1A, 0x2F, 0x44, 0x78, 0x9C, 0x2D, 0x8E, 0xB1, 0x0D, 0xC2,
    0x30, 0x14, 0x44, 0x2F, 0x08, 0x90, 0xA0, 0x00, 0x4A, 0x28, 0xA0, 0xA6, 0xCC, 0x06, 0xC9, 0x06,
    0x84, 0x05, 0x40, 0x4C, 0xC0, 0x08, 0x61, 0x03, 0x22, 0x65, 0x00, 0x8F, 0xE0, 0x15, 0xD8, 0x80,
    0x6C, 0xE0, 0x92, 0x3E, 0x29, 0x22, 0x2C, 0xDB, 0xC7, 0xFF, 0x12, 0xD7, 0xBC, 0xE2, 0x9E, 0x74,
    0x07, 0xB4, 0xD1, 0x1D, 0x01, 0x34, 0x94, 0xCC, 0x01, 0xAF, 0xAC, 0x51, 0xD1, 0x4D, 0xCF, 0x89,
    0x93, 0x8E, 0x7B, 0xA0, 0xE7, 0x72, 0xE0, 0x4C, 0x9D, 0xF5, 0x48, 0x71, 0x73, 0x9E, 0xFC, 0x1B,
    0xED, 0x0E, 0xAC, 0x83, 0xDD, 0xD0, 0x21, 0x9A, 0x68, 0x2A, 0x32, 0x0B, 0x36, 0x3D, 0x73, 0x12,
    0xC1, 0x46, 0x83, 0xCF, 0x45, 0x18, 0xAC, 0xF8, 0xD2, 0x7B, 0xA7, 0xE4, 0x7D, 0x64, 0x06, 0x94,
    0x2C, 0x7A, 0xDD, 0x6A, 0xB8, 0x7A, 0xF1, 0x00, 0x0C, 0x5C, 0x94, 0xB2, 0x77, 0x4B, 0x52, 0x7E,
    0x75, 0xFF, 0x0A, 0x3C, 0xFE, 0x7F, 0xF4, 0xDF, 0x16, 0xF8, 0x01, 0x23, 0x42, 0x57, 0x0E, 0x78,
    0x9C, 0x63, 0x08, 0x3A, 0xF9, 0xEE, 0x1D, 0x3B, 0x03, 0x03, 0xC3, 0xBF, 0xFF, 0xFF, 0xFF, 0x73,
    0x20, 0xD1, 0xCE, 0x2E, 0xDF, 0xC1, 0x34, 0x03, 0xC3, 0x17, 0xBA, 0xD1, 0x92, 0x82, 0x82, 0x1F,
    0xFF, 0x83, 0xC1, 0x7E, 0x74, 0x1A, 0x00, 0xFF, 0xE2, 0x40, 0x75, 0x78, 0x9C, 0x63, 0x60, 0x98,
    0xF2, 0xF6, 0x7D, 0x14, 0x03, 0x10, 0x6C, 0xFA, 0x0F, 0x04, 0xBA, 0x0C, 0x0C, 0x0E, 0x20, 0xFA,
    0xFF, 0x7B, 0x46, 0x86, 0x0D, 0xFF, 0xFB, 0x99, 0x02, 0xFF, 0xFE, 0xE7, 0x62, 0x60, 0xB8, 0xCD,
    0xC4, 0xC0, 0x70, 0xE1, 0x3F, 0x3F, 0x03, 0x83, 0x00, 0x50, 0x5D, 0xC1, 0x7F, 0x7B, 0x06, 0x30,
    0x08, 0xF8, 0xEF, 0x0F, 0x61, 0x14, 0xFC, 0xD7, 0x87, 0x30, 0x0E, 0xFC, 0xE7, 0x83, 0x30, 0xBE,
    0xFE, 0x67, 0x07, 0xD3, 0x02, 0xFF, 0xDE, 0xC3, 0x64, 0xA0, 0x9A, 0x7E, 0x43, 0x65, 0x16, 0xFC,
    0x9F, 0x0F, 0x13, 0xE0, 0x04, 0xD3, 0x07, 0xA1, 0x02, 0x02, 0x7F, 0xFF, 0x73, 0x80, 0x19, 0x8F,
    0xFF, 0xD7, 0x83, 0x69, 0xA0, 0x7B, 0xEE, 0xFF, 0x03, 0xBA, 0x88, 0xED, 0xC2, 0x7F, 0x08, 0x40,
    0x30, 0x00, 0x62, 0x18, 0x45, 0xB2, 0x78, 0x9C, 0x63, 0x60, 0x98, 0xF2, 0xF6, 0x7D, 0x0F, 0x13,
    0x03, 0x03, 0xC3, 0xE1, 0xFF, 0x40, 0xD0, 0xCF, 0xC0, 0x10, 0xF0, 0x1F, 0x0C, 0x38, 0x19, 0x04,
    0xFE, 0xCE, 0x17, 0x36, 0xF8, 0xF9, 0x5F, 0x9F, 0x81, 0x61, 0x13, 0x50, 0x7E, 0xC2, 0xFF, 0x7A,
    0x06, 0x30, 0x70, 0xF8, 0x3F, 0x1F, 0xC2, 0x48, 0x80, 0x89, 0x5C, 0x04, 0xA9, 0x61, 0x60, 0x10,
    0x68, 0xF9, 0xFF, 0x9F, 0x15, 0x48, 0x17, 0x00, 0x75, 0xDB, 0x30, 0x40, 0x18, 0xFB, 0x99, 0xA0,
    0x0C, 0x28, 0x4B, 0x20, 0xF8, 0xD7, 0x7F, 0x7B, 0x98, 0x39, 0xF7, 0x21, 0x0C, 0x86, 0x5F, 0xFF,
    0x99, 0x19, 0x18, 0x41, 0x8C, 0x1F, 0xFF, 0x59, 0x14, 0xFA, 0x41, 0xAA, 0xFE, 0xFD, 0x67, 0xBA,
    0xF0, 0xBF, 0x96, 0x49, 0xE1, 0xF9, 0xFF, 0xF3, 0x0C, 0x07, 0x21, 0xEE, 0xD1, 0x03, 0x49, 0x83,
    0xCC, 0x01, 0xAA, 0x14, 0xD8, 0xF6, 0xF6, 0xFD, 0x1C, 0x66, 0x06, 0x06, 0x00, 0x6D, 0x51, 0x49,
    0x40, 0x78, 0x9C, 0x63, 0x60, 0x60, 0x60, 0x68, 0xF8, 0xFF, 0x9F, 0x85, 0x01, 0x04, 0x3E, 0x43,
    0x19, 0x02, 0xFF, 0xA0, 0x8C, 0x05, 0xFF, 0x7F, 0x42, 0x18, 0xDF, 0xCE, 0x7F, 0x06, 0x33, 0x14,
    0xFE, 0xDB, 0x43, 0x18, 0x07, 0xFE, 0x73, 0x7E, 0x01, 0x33, 0x7E, 0xDC, 0x67, 0x00, 0x33, 0x1C,
    0xFE, 0xDB, 0x33, 0x7C, 0x05, 0x31, 0x1E, 0xFE, 0xE7, 0x80, 0x30, 0x7E, 0x9F, 0x67, 0x00, 0x33,
    0x0A, 0xFE, 0xEB, 0x43, 0x18, 0x9F, 0xFF, 0xB3, 0x41, 0x18, 0xBF, 0xFF, 0x43, 0x80, 0xFD, 0x1F,
    0x0C, 0x06, 0xD8, 0x1D, 0x5F, 0xA1, 0xEE, 0x21, 0xC4, 0x00, 0x00, 0x30, 0x82, 0x4F, 0xD0, 0x78,
    0x9C, 0x63, 0xF8, 0xF0, 0x1F, 0x04, 0xF2, 0x19, 0x18, 0x3E, 0xC2, 0x18, 0x9F, 0x60, 0x8C, 0xCF,
    0xFF, 0x59, 0x18, 0xC0, 0xE0, 0xCB, 0x7F, 0x66, 0x08, 0xE3, 0xEB, 0x7F, 0x46, 0x08, 0xE3, 0xDB,
    0x7F, 0x08, 0xCD, 0xF0, 0xFD, 0xFD, 0xE6, 0xFF, 0xFB, 0xD8, 0x80, 0x8C, 0x1F, 0x20, 0x4D, 0xF7,
    0x99, 0x18, 0x18, 0x7E, 0x82, 0xB5, 0xEB, 0x31, 0x30, 0x3C, 0xD9, 0xCF, 0xA2, 0xF0, 0xE3, 0xFF,
    0x7A, 0xA0, 0x1C, 0x50, 0xB7, 0xC3, 0x7F, 0x98, 0xD6, 0xDF, 0x30, 0x53, 0xBF, 0xFF, 0x67, 0x85,
    0x31, 0x58, 0x18, 0x18, 0x21, 0x52, 0x4C, 0x0A, 0xFD, 0x40, 0x3A, 0xE0, 0xFF, 0x7D, 0x86, 0x03,
    0xFF, 0x73, 0x99, 0x0C, 0x7E, 0xFE, 0xF7, 0x67, 0x38, 0x08, 0x36, 0xEF, 0x3F, 0x07, 0x48, 0x1D,
    0xC4, 0x5D, 0x0C, 0x02, 0xCB, 0xDE, 0xBE, 0xAF, 0x06, 0xEA, 0x00, 0x00, 0x22, 0x60, 0x50, 0x8F,
    0x78, 0x9C, 0x1D, 0x8C, 0x21, 0x0E, 0x02, 0x31, 0x14, 0x44, 0xA7, 0x01, 0x0A, 0x09, 0x09, 0x12,
    0x07, 0xA9, 0xC3, 0x71, 0x05, 0x7A, 0x02, 0xE0, 0x02, 0x08, 0x34, 0x82, 0xBD, 0x11, 0xDC, 0x00,
    0x85, 0xDD, 0x05, 0x2E, 0xB0, 0x16, 0x87, 0xC3, 0x20, 0x9A, 0x15, 0x9B, 0x2C, 0x6D, 0xE8, 0xF0,
    0xDB, 0x67, 0x5E, 0x7E, 0xFE, 0xCC, 0x00, 0xE6, 0x19, 0x4B, 0x0D, 0xC0, 0x93, 0x74, 0x1A, 0x77,
    0x26, 0x56, 0x72, 0xEE, 0xD4, 0x3E, 0x6A, 0xCB, 0x4A, 0x7E, 0x5B, 0xDC, 0x38, 0x47, 0xA2, 0xE1,
    0x28, 0xBB, 0x65, 0x2F, 0xFB, 0x4B, 0x5C, 0x63, 0x39, 0x80, 0x7F, 0x3D, 0xA4, 0x56, 0xAB, 0xE0,
    0x62, 0xEA, 0x8F, 0x03, 0xB9, 0x30, 0x6F, 0x6E, 0x3C, 0x67, 0x80, 0xE5, 0xA9, 0xA3, 0x92, 0xF4,
    0xAF, 0x6A, 0xB3, 0x43, 0xDD, 0x70, 0x28, 0x8E, 0x97, 0x33, 0x97, 0x40, 0xC1, 0xA3, 0xA1, 0x9B,
    0x9A, 0x8E, 0x13, 0x19, 0x4E, 0xF4, 0x61, 0xD3, 0xCE, 0x5A, 0x32, 0xC5, 0xC7, 0x1D, 0x80, 0x3F,
    0x4C, 0x9C, 0x54, 0xE2, 0x78, 0x9C, 0xFB, 0xFB, 0x1F, 0x0C, 0xF6, 0xFF, 0x45, 0xA5, 0xE3, 0x19,
    0x40, 0xE0, 0xC2, 0x7F, 0x0E, 0x30, 0xFD, 0x73, 0x3F, 0x98, 0x0A, 0xF8, 0x2F, 0x07, 0xA6, 0x1F,
    0xFC, 0x67, 0x85, 0x08, 0x9F, 0x07, 0x53, 0x02, 0xFF, 0xFD, 0xC1, 0xF4, 0x84, 0xFF, 0xBC, 0x60,
    0xFA, 0xE3, 0x7F, 0x36, 0x30, 0xFD, 0xED, 0x3F, 0x23, 0x98, 0xFE, 0x0D, 0x51, 0xC6, 0xF0, 0xBF,
    0x1F, 0x4C, 0x39, 0xFC, 0xCF, 0x07, 0xD3, 0x05, 0xFF, 0xED, 0xC1, 0xF4, 0x82, 0xFF, 0xF2, 0x60,
    0xFA, 0xC0, 0x7F, 0x7E, 0xA8, 0xE9, 0x7C, 0x60, 0xFA, 0x03, 0xDC, 0x38, 0x1E, 0x20, 0x09, 0x00,
    0xB5, 0xDB, 0x36, 0x76, 0x78, 0x9C, 0x1D, 0x8D, 0xBB, 0x0D, 0xC2, 0x30, 0x18, 0x84, 0x2F, 0x44,
    0x58, 0x4A, 0x22, 0x24, 0x06, 0xA0, 0x70, 0xC3, 0x00, 0x4C, 0x00, 0x1B, 0x40, 0x4F, 0x03, 0x13,
    0x40, 0x4F, 0x93, 0x0D, 0xCC, 0x06, 0xA1, 0xA0, 0x4F, 0x36, 0xB0, 0xE8, 0xE8, 0x60, 0x03, 0xC4,
    0x04, 0xAE, 0x22, 0x05, 0x8C, 0x73, 0xFC, 0xCE, 0x35, 0x9F, 0x4E, 0xBA, 0x07, 0x70, 0x0D, 0x6E,
    0x0B, 0xE0, 0x46, 0xD1, 0x0C, 0x08, 0x91, 0x2F, 0xEC, 0x68, 0xD3, 0x85, 0xA7, 0xBA, 0x70, 0x02,
    0x3C, 0x99, 0x37, 0xCC, 0x81, 0x92, 0x45, 0x19, 0xFD, 0x99, 0x99, 0xA6, 0x4D, 0xF0, 0xE6, 0x08,
    0x2D, 0xEB, 0x79, 0x38, 0x00, 0xAB, 0x5E, 0x7A, 0xE3, 0x98, 0x21, 0x9D, 0xC2, 0x34, 0x98, 0xBD,
    0xA7, 0x95, 0xAA, 0x82, 0xFE, 0xB2, 0xE8, 0x1E, 0xF2, 0x71, 0xE4, 0xFA, 0x67, 0x84, 0x60, 0x15,
    0xAA, 0x81, 0xB5, 0x97, 0x09, 0x6C, 0x68, 0x5A, 0x9A, 0x54, 0x77, 0x5C, 0x36, 0x1C, 0x94, 0xE1,
    0x13, 0x21, 0x61, 0x7D, 0xEF, 0xDD, 0x29, 0xC1, 0x1F, 0x3E, 0x2A, 0x57, 0x67, 0x78, 0x9C, 0x25,
    0xCE, 0xCD, 0x09, 0xC2, 0x40, 0x14, 0x04, 0xE0, 0x89, 0x92, 0x44, 0x04, 0x8F, 0x82, 0x27, 0xCD,
    0xC9, 0x9B, 0xB0, 0x1D, 0xD8, 0x82, 0x67, 0xF1, 0x60, 0x07, 0x8A, 0x1D, 0x58, 0x81, 0x25, 0x68,
    0x05, 0xA6, 0x05, 0x6F, 0xB9, 0xD9, 0xC2, 0x4A, 0x1A, 0x48, 0xC4, 0xBF, 0x44, 0xE2, 0x8E, 0x93,
    0x64, 0x2E, 0xF3, 0xF1, 0x16, 0xDE, 0x3E, 0x60, 0x5F, 0x65, 0x4B, 0x28, 0x6B, 0x2A, 0x33, 0xE1,
    0x53, 0x23, 0xEB, 0xC0, 0x30, 0x9B, 0x46, 0x05, 0x07, 0x38, 0x71, 0x0E, 0x2C, 0xB8, 0xC1, 0x8D,
    0x7D, 0xBD, 0x7F, 0x2D, 0x72, 0xF6, 0x84, 0x17, 0xBD, 0xBC, 0x99, 0x3C, 0xE9, 0x5F, 0x38, 0x06,
    0x8C, 0x63, 0xB0, 0xA5, 0x1D, 0x9A, 0x92, 0x0C, 0xE1, 0xEA, 0x3D, 0x3F, 0x21, 0x55, 0xC7, 0x77,
    0x06, 0x40, 0xE2, 0xCE, 0xDD, 0x07, 0x7D, 0x34, 0x79, 0xD3, 0x6B, 0x51, 0xD9, 0xB6, 0x0D, 0x0F,
    0xFA, 0x47, 0x48, 0x39, 0x01, 0xCA, 0x95, 0xB7, 0xD3, 0xBE, 0xF6, 0x2E, 0x1E, 0x35, 0x2E, 0x6A,
    0x84, 0x42, 0x94, 0xB8, 0xEB, 0x48, 0xFD, 0x07, 0xF5, 0x77, 0x55, 0xD0, 0x78, 0x9C, 0x13, 0x78,
    0xD5, 0xC7, 0x70, 0xE0, 0xFF, 0x7F, 0x8E, 0xCF, 0xFF, 0xFF, 0xF3, 0x7F, 0xFD, 0xFF, 0x5F, 0x1F,
    0x44, 0x83, 0xF8, 0x02, 0x40, 0x71, 0x74, 0x20, 0x80, 0x47, 0x2D, 0x00, 0x1C, 0xD3, 0x23, 0x7D,
    0x78, 0x9C, 0x13, 0x78, 0xD5, 0xC7, 0x70, 0xE0, 0xFF, 0x7F, 0x8E, 0xCF, 0xFF, 0xFF, 0xF3, 0x7F,
    0xFD, 0xFF, 0x5F, 0x1F, 0x44, 0x83, 0xF8, 0x02, 0x40, 0x71, 0xAC, 0xE0, 0xE5, 0x7A, 0xC6, 0x05,
    0xFF, 0xFF, 0xF3, 0x7C, 0xF8, 0xFF, 0xDF, 0x1F, 0x88, 0xEB, 0x37, 0xFC, 0xFF, 0x3F, 0x5F, 0xE0,
    0xD5, 0xFF, 0xF9, 0x0C, 0x0C, 0xBF, 0xFA, 0x19, 0x18, 0xFE, 0xFA, 0x33, 0x24, 0xFC, 0xE7, 0x63,
    0xF8, 0xF2, 0x9F, 0x6D, 0xE2, 0xFF, 0xFD, 0x0C, 0x3F, 0xFF, 0x73, 0x31, 0x7C, 0xF2, 0x65, 0x60,
    0x50, 0x00, 0x6A, 0x03, 0x00, 0x04, 0x03, 0x2E, 0x7C, 0x78, 0x9C, 0x63, 0x60, 0x00, 0x81, 0x34,
    0x30, 0x79, 0xA8, 0x1E, 0x44, 0x16, 0xFC, 0x07, 0x51, 0x06, 0x7F, 0xFF, 0x4B, 0x01, 0xA9, 0x9F,
    0xFF, 0xE3, 0x80, 0xE4, 0x93, 0xFF, 0xFB, 0x19, 0x19, 0x18, 0x16, 0xFE, 0xFF, 0xCF, 0xC6, 0xC0,
    0x90, 0xF0, 0xEF, 0xBF, 0x0E, 0x50, 0xE8, 0x23, 0x58, 0x15, 0x90, 0x62, 0x65, 0x40, 0xF0, 0xA0,
    0x72, 0x50, 0x95, 0x30, 0x7D, 0x30, 0x53, 0x60, 0x66, 0x42, 0x6D, 0x80, 0xD9, 0x07, 0xB4, 0x1D,
    0x00, 0x2D, 0x84, 0x26, 0xD8, 0x78, 0x9C, 0xFB, 0xF6, 0x1F, 0x0C, 0xEC, 0xBF, 0xA1, 0xD1, 0x0C,
    0x44, 0x02, 0x74, 0x7D, 0x30, 0x1A, 0x00, 0x8D, 0xC9, 0x2B, 0x1B, 0x78, 0x9C, 0xF3, 0x60, 0x00,
    0x83, 0x5F, 0x52, 0x10, 0xEA, 0x3D, 0x2B, 0x88, 0x3A, 0xF4, 0x7F, 0x3F, 0x13, 0x88, 0xFE, 0xFE,
    0xBF, 0x1E, 0x44, 0x29, 0xFC, 0xFD, 0xAF, 0x03, 0xA2, 0x1B, 0xFE, 0xFF, 0xE7, 0x00, 0xD1, 0x97,
    0xFF, 0xDF, 0x67, 0x01, 0xD1, 0x3F, 0xFF, 0xF3, 0x81, 0xA8, 0x09, 0x10, 0x0A, 0xC2, 0x83, 0xC8,
    0x41, 0x54, 0x02, 0xF5, 0xD9, 0xC0, 0x4D, 0x81, 0x9A, 0x09, 0xB5, 0x01, 0x6A, 0x9F, 0x07, 0xC4,
    0x76, 0x00, 0xD3, 0x2D, 0x25, 0x42, 0x78, 0x9C, 0x63, 0x08, 0x78, 0xFD, 0x7F, 0x2E, 0x33, 0x83,
    0xC1, 0xDF, 0xFF, 0xFF, 0xFF, 0xF7, 0x33, 0x7C, 0xFE, 0x0F, 0x02, 0xEC, 0x1B, 0xDE, 0x8B, 0x29,
    0xFC, 0xFA, 0xCF, 0xC7, 0x20, 0xCE, 0xC0, 0x70, 0xE0, 0xBF, 0x3C, 0x03, 0x10, 0x4C, 0xF8, 0xCF,
    0x0F, 0xA2, 0x1E, 0xFE, 0xE7, 0x02, 0x92, 0x02, 0x7F, 0xEF, 0x83, 0x38, 0x8F, 0xFF, 0xCB, 0x00,
    0x49, 0x83, 0xFF, 0xFB, 0x41, 0x9C, 0x0B, 0xFF, 0x79, 0x40, 0xD4, 0xD7, 0xFF, 0x4C, 0x20, 0xEA,
    0xFB, 0x7B, 0x06, 0x9C, 0xE0, 0xF0, 0x79, 0x90, 0x12, 0x81, 0xFF, 0x40, 0xF3, 0x19, 0x18, 0x02,
    0xFE, 0xFF, 0xB7, 0x47, 0x50, 0x40, 0x41, 0x5E, 0xB8, 0x12, 0x00, 0xDA, 0xC4, 0x2E, 0xEA, 0x78,
    0x9C, 0x25, 0x8D, 0x3D, 0x0A, 0xC2, 0x50, 0x10, 0x84, 0x27, 0x46, 0x50, 0x41, 0x48, 0x0A, 0xFB,
    0xCD, 0x01, 0x04, 0x6D, 0xAD, 0x62, 0x6D, 0xE3, 0x11, 0xB4, 0xB5, 0xD2, 0x1B, 0x04, 0x04, 0x7B,
    0x8B, 0xF4, 0x7A, 0x83, 0x78, 0x03, 0xC5, 0x8B, 0x3C, 0xED, 0x2C, 0x94, 0xF8, 0x43, 0xE2, 0xCB,
    0x8F, 0xAE, 0x6F, 0xCD, 0x14, 0xCB, 0xC7, 0xEC, 0xEC, 0x0E, 0x80, 0xF0, 0xA6, 0x06, 0x30, 0x3A,
    0xB2, 0x51, 0x13, 0xE8, 0x7F, 0x05, 0x02, 0xE0, 0xCC, 0x1B, 0xDB, 0xD3, 0x5C, 0x43, 0x11, 0xDB,
    0xC6, 0xE6, 0x66, 0x9F, 0x7B, 0x12, 0xCC, 0xDB, 0x5B, 0xC9, 0x01, 0xA9, 0x73, 0x67, 0x0B, 0x70,
    0x57, 0xA5, 0xF3, 0x8A, 0x80, 0x69, 0xC9, 0x4C, 0xE9, 0x1C, 0xDE, 0xC7, 0xDC, 0x93, 0xF6, 0xCD,
    0x03, 0x35, 0x2B, 0x29, 0x23, 0x68, 0x65, 0xA3, 0xA0, 0xDC, 0x41, 0xE9, 0x43, 0x80, 0xF0, 0x21,
    0x0C, 0x99, 0xB2, 0x1E, 0x8A, 0xC8, 0x7A, 0xFF, 0xC3, 0x89, 0xB4, 0x52, 0x12, 0x60, 0xC7, 0xAC,
    0x12, 0x7A, 0xEE, 0x81, 0x8B, 0x6A, 0x3C, 0xE8, 0x24, 0x15, 0xA2, 0x05, 0xB7, 0x2A, 0x70, 0x79,
    0x5C, 0x01, 0x34, 0xD7, 0xCD, 0xAC, 0x01, 0x07, 0x8E, 0x3A, 0x6E, 0x38, 0x31, 0x3B, 0xE9, 0x66,
    0x65, 0xDC, 0xB5, 0x40, 0x57, 0x52, 0xCB, 0x6B, 0x3C, 0x02, 0x7E, 0x4A, 0x6E, 0x65, 0xEA, 0x78,
    0x9C, 0x2D, 0xCE, 0x6D, 0x0D, 0x82, 0x50, 0x18, 0x86, 0xE1, 0x87, 0x29, 0x4E, 0x98, 0x82, 0x0D,
    0xA4, 0x01, 0x36, 0x20, 0x82, 0x46, 0xA0, 0x01, 0x11, 0xB4, 0x81, 0x11, 0xA4, 0x81, 0x36, 0x30,
    0x02, 0x44, 0xA0, 0x81, 0x13, 0x75, 0x8C, 0xA1, 0xDE, 0x72, 0xCE, 0xF1, 0xF9, 0x75, 0xBD, 0xDB,
    0xFB, 0x25, 0xE9, 0x00, 0x53, 0xD9, 0xD4, 0x10, 0x38, 0xB5, 0x10, 0x39, 0x75, 0x67, 0xB6, 0x4E,
    0xEF, 0x62, 0x38, 0x59, 0xAC, 0x48, 0xBB, 0x9B, 0x55, 0x4E, 0xF4, 0x60, 0x62, 0x74, 0x21, 0x68,
    0x98, 0x1B, 0xDD, 0xF1, 0x4B, 0x96, 0x46, 0x2F, 0xBC, 0x9C, 0xD4, 0x68, 0xA8, 0x94, 0xB0, 0x37,
    0xE2, 0x28, 0x7D, 0xAA, 0x11, 0x3B, 0x32, 0xA9, 0xC7, 0x93, 0x4A, 0x6C, 0x66, 0x52, 0xE3, 0xB4,
    0x90, 0x9E, 0x4E, 0xEB, 0x7F, 0x4B, 0x4E, 0x21, 0x7D, 0xCD, 0x58, 0xC2, 0x55, 0x1B, 0xB3, 0x64,
    0xAC, 0x19, 0x5F, 0xCF, 0x8C, 0x7A, 0xFC, 0x9A, 0xD8, 0x9D, 0x0C, 0x5B, 0x42, 0xF7, 0x46, 0xFC,
    0x03, 0xBC, 0x21, 0x55, 0x34, 0x78, 0x9C, 0xFB, 0xF4, 0xFF, 0xFF, 0xFF, 0xF7, 0xD5, 0x8C, 0x0C,
    0x0C, 0x9F, 0xFE, 0x83, 0x40, 0x3E, 0x8C, 0xF1, 0x9F, 0x15, 0xC8, 0xE0, 0x62, 0x70, 0xFC, 0xFD,
    0x9F, 0x17, 0xCC, 0x60, 0xB8, 0xF0, 0x5F, 0x1E, 0xC2, 0x98, 0xF0, 0x5F, 0x1F, 0xC2, 0xD8, 0xF0,
    0x9F, 0x1F, 0xC2, 0xF8, 0x08, 0x24, 0x40, 0x8C, 0xC0, 0xBF, 0xEF, 0x99, 0xA0, 0xDA, 0xB5, 0xA1,
    0xE6, 0xDC, 0x17, 0x87, 0x1B, 0xC8, 0x0E, 0x56, 0xA3, 0x70, 0xED, 0x7F, 0x3D, 0x44, 0x97, 0xC0,
    0xBF, 0xFF, 0x10, 0x06, 0xC3, 0x8F, 0xFF, 0xCC, 0x10, 0xC6, 0xF7, 0xFF, 0x2C, 0x10, 0xC6, 0x4F,
    0xA8, 0x88, 0xC2, 0x7F, 0x88, 0x1A, 0x85, 0xE7, 0xFF, 0xE7, 0xC3, 0xCC, 0x91, 0x85, 0x32, 0xF6,
    0x33, 0x82, 0x19, 0xEF, 0x7B, 0x98, 0x19, 0x18, 0x00, 0xBA, 0x52, 0x6D, 0x97, 0x78, 0x9C, 0x63,
    0x60, 0x60, 0x48, 0xB8, 0xFD, 0x7F, 0x2E, 0x33, 0x03, 0x90, 0xFE, 0xF7, 0xFF, 0xFF, 0xFF, 0xFD,
    0x8C, 0x0C, 0x0C, 0xBF, 0xFE, 0x83, 0x00, 0x2F, 0xC3, 0x84, 0xFF, 0xFF, 0x2D, 0x19, 0x96, 0xFC,
    0x67, 0x66, 0xF8, 0xFA, 0xDF, 0x1F, 0x28, 0xEF, 0xCA, 0xC0, 0xF0, 0xF7, 0x3F, 0x2B, 0x03, 0x08,
    0x38, 0xFC, 0x3F, 0x0F, 0xA6, 0x19, 0x1A, 0xFE, 0xE7, 0x43, 0x18, 0x07, 0xFE, 0xEB, 0x43, 0x18,
    0x0F, 0xFE, 0xF3, 0x43, 0x18, 0x1F, 0xFE, 0xF3, 0xC1, 0x18, 0xFC, 0x68, 0x52, 0x17, 0x60, 0x8A,
    0x27, 0xC0, 0xB4, 0x07, 0xC0, 0x0C, 0x64, 0xF8, 0x07, 0xB5, 0x82, 0xE1, 0xDB, 0x7F, 0x7B, 0x20,
    0x79, 0x85, 0x91, 0x61, 0x03, 0xC8, 0x19, 0x8B, 0xFF, 0xCB, 0x32, 0x08, 0xFC, 0x01, 0x3B, 0xCC,
    0x0E, 0x64, 0x2D, 0x10, 0x9C, 0x67, 0x02, 0xCA, 0x17, 0xBE, 0x79, 0x3F, 0x97, 0x85, 0x01, 0x00,
    0xEA, 0x97, 0x42, 0xF9, 0x78, 0x9C, 0xFB, 0xF6, 0xFF, 0xFF, 0xFB, 0x39, 0x2C, 0x0C, 0x0C, 0x0C,
    0xDF, 0xFE, 0x03, 0xC1, 0x7D, 0x16, 0x28, 0xE3, 0x7F, 0x3E, 0x88, 0xC1, 0xA6, 0x70, 0xED, 0xFF,
    0x7F, 0x16, 0x10, 0x83, 0x81, 0xE1, 0xD7, 0x7F, 0x3E, 0x08, 0xE3, 0xC0, 0xFF, 0x7A, 0x08, 0xC3,
    0xE1, 0xFF, 0x7D, 0x08, 0x83, 0xE1, 0xDF, 0x7F, 0x28, 0xE3, 0xF7, 0x7F, 0x66, 0x08, 0xE3, 0xE7,
    0x7F, 0x16, 0x08, 0xE3, 0xC7, 0x7F, 0x36, 0x18, 0x83, 0x15, 0x4D, 0x0A, 0xAE, 0xF8, 0x3F, 0x54,
    0x7B, 0xC0, 0xFF, 0xF3, 0x10, 0xC6, 0x85, 0xFF, 0xF1, 0x28, 0x96, 0xC2, 0x9C, 0x01, 0x77, 0x18,
    0xC2, 0xA9, 0xEF, 0xE7, 0x82, 0x1C, 0x0F, 0x00, 0x20, 0xEF, 0x63, 0xAE, 0x78, 0x9C, 0xFB, 0xF9,
    0x1F, 0x0C, 0x98, 0x7F, 0x62, 0xD0, 0xCC, 0x0C, 0x20, 0x40, 0x3C, 0x0D, 0x02, 0xDC, 0x58, 0x68,
    0x52, 0xCD, 0x41, 0x36, 0xEF, 0x3F, 0x27, 0x3A, 0x0D, 0x00, 0x34, 0x6A, 0x55, 0x93, 0x78, 0x9C,
    0xFB, 0xF8, 0x1F, 0x0C, 0xB8, 0x3F, 0x62, 0xD0, 0x3C, 0x0C, 0x20, 0x40, 0x3A, 0x0D, 0x02, 0xF6,
    0x58, 0x68, 0x72, 0xCD, 0x43, 0xA5, 0x01, 0x4D, 0x12, 0x47, 0x24, 0x78, 0x9C, 0x63, 0x60, 0x60,
    0x68, 0x7E, 0xFB, 0x3E, 0x9B, 0x01, 0x08, 0x36, 0xFD, 0x07, 0x82, 0x38, 0x06, 0x06, 0x83, 0x7F,
    0x20, 0xC6, 0x7F, 0x66, 0x86, 0x4F, 0xFF, 0xEF, 0x8B, 0x09, 0x3C, 0xEF, 0x67, 0x60, 0xF8, 0xF3,
    0x9F, 0x9B, 0x81, 0x41, 0x80, 0x9D, 0xC1, 0xE1, 0xFF, 0x7B, 0x06, 0x30, 0xD8, 0xF0, 0x3F, 0x1F,
    0xC2, 0xF8, 0xF0, 0x9F, 0x1F, 0xC2, 0xF8, 0xFC, 0x9F, 0x07, 0xC2, 0xF8, 0xF2, 0x9F, 0x0B, 0xC2,
    0xF8, 0xF6, 0x9F, 0x93, 0x21, 0x01, 0x68, 0x0E, 0x2F, 0x9C, 0xF1, 0x15, 0x28, 0x05, 0x66, 0x40,
    0x14, 0x2F, 0xF8, 0xCF, 0x0B, 0xD1, 0x0E, 0x64, 0x6C, 0xF8, 0x1F, 0x0F, 0x61, 0x04, 0xFC, 0xBF,
    0x0F, 0x61, 0x30, 0xFC, 0x05, 0x6A, 0x03, 0x33, 0x3E, 0xFF, 0x3F, 0x2F, 0xAA, 0xF0, 0x1D, 0xC8,
    0x08, 0x00, 0xBB, 0x0B, 0x24, 0x7C, 0x18, 0x44, 0xD7, 0x81, 0x6C, 0x99, 0xF2, 0xF7, 0x7D, 0x36,
    0x23, 0x03, 0x00, 0x76, 0xFC, 0x55, 0x17, 0x78, 0x9C, 0xFB, 0xF5, 0x9F, 0x99, 0x81, 0x21, 0xE1,
    0x7F, 0xFE, 0x2F, 0x8A, 0x69, 0x30, 0xC0, 0x42, 0x53, 0xCB, 0x7C, 0x08, 0x0D, 0x00, 0xD9, 0xAC,
    0x5E, 0x28, 0x78, 0x9C, 0xFB, 0xFC, 0x1F, 0x0C, 0xF8, 0x3F, 0xA3, 0xD1, 0x0C, 0x0C, 0x0C, 0xFF,
    0xEF, 0x33, 0x80, 0xC1, 0x80, 0xD0, 0xE8, 0xEE, 0x81, 0xD1, 0x00, 0xE6, 0x70, 0x47, 0xC9, 0x78,
    0x9C, 0x63, 0xF8, 0xF7, 0x1F, 0x04, 0xB8, 0x18, 0xD0, 0x69, 0x10, 0xF8, 0x44, 0x63, 0xFA, 0xF3,
    0x7F, 0x4E, 0x06, 0x56, 0x20, 0xFD, 0xED, 0x3F, 0x7B, 0x41, 0x3F, 0x90, 0xFE, 0xFB, 0x9F, 0xF9,
    0xDB, 0x7F, 0x1F, 0x86, 0xCD, 0xFF, 0xCF, 0x33, 0x3C, 0x02, 0x3B, 0xC3, 0x9E, 0x41, 0xE1, 0x37,
    0x90, 0x7A, 0xCF, 0xCC, 0xC0, 0xE0, 0x70, 0xF3, 0xFF, 0x3E, 0x36, 0x06, 0x06, 0x00, 0x9D, 0xA5,
    0x43, 0x8C, 0x78, 0x9C, 0x25, 0xCD, 0xCD, 0x0D, 0x01, 0x61, 0x14, 0x46, 0xE1, 0x3B, 0xE3, 0x27,
    0x23, 0x23, 0xA2, 0x01, 0x51, 0x02, 0x5B, 0x2B, 0x3A, 0x50, 0x82, 0x52, 0x94, 0x40, 0x07, 0x4A,
    0xA0, 0x04, 0x1D, 0xD8, 0xDB, 0x4C, 0xA2, 0x81, 0x49, 0xC6, 0x17, 0x11, 0x7F, 0xC7, 0x9D, 0xF7,
    0x9E, 0xD5, 0xB3, 0x3B, 0x89, 0x81, 0xD9, 0xF8, 0x47, 0x37, 0xB5, 0x38, 0xB3, 0x33, 0xE1, 0x49,
    0x29, 0xAC, 0xA8, 0x32, 0xE1, 0xC6, 0xD2, 0x84, 0x0F, 0x7D, 0x61, 0xCF, 0xC1, 0x84, 0x07, 0x43,
    0x61, 0x01, 0x1D, 0xE1, 0x0A, 0x85, 0xE0, 0x4D, 0x03, 0x15, 0xC7, 0xC0, 0xE4, 0x4B, 0x2E, 0xE4,
    0xC9, 0x0F, 0x8E, 0x8D, 0x3F, 0xD7, 0x2D, 0x4A, 0x7F, 0x5D, 0x62, 0x61, 0x6F, 0x7A, 0x81, 0x3B,
    0xA3, 0xC0, 0x89, 0x6D, 0x60, 0x4E, 0x9D, 0x09, 0xF6, 0xA2, 0x08, 0x34, 0xCC, 0xFE, 0x53, 0x7E,
    0x5E, 0xFF, 0x78, 0x9C, 0xFB, 0xF0, 0x9F, 0x87, 0x01, 0x04, 0x3E, 0x0C, 0x3A, 0x1A, 0x0C, 0xF8,
    0xD0, 0x69, 0x00, 0x44, 0xEC, 0x3A, 0x8A, 0x78, 0x9C, 0x85, 0xC9, 0x51, 0x0D, 0x83, 0x40, 0x10,
    0x84, 0xE1, 0x09, 0x49, 0x13, 0xFA, 0x40, 0x2D, 0xB4, 0x0E, 0xC0, 0x41, 0x25, 0x20, 0x01, 0x09,
    0xE0, 0xE0, 0x70, 0xB4, 0x75, 0x80, 0x84, 0xE2, 0xA0, 0x12, 0x4A, 0x48, 0xE0, 0xC2, 0xD1, 0x65,
    0xD8, 0x03, 0x01, 0x9D, 0xFC, 0xC9, 0xF7, 0x30, 0xCA, 0x14, 0x78, 0x51, 0x94, 0x19, 0x30, 0x44,
    0xEF, 0xC0, 0x14, 0xAD, 0x81, 0x60, 0x7E, 0x3B, 0x60, 0x53, 0x51, 0x21, 0x0A, 0x2E, 0xA2, 0x8E,
    0x97, 0x96, 0xB3, 0x68, 0xC9, 0x6B, 0xFF, 0x8E, 0xFE, 0x6E, 0xA3, 0xF3, 0xA6, 0xCF, 0xE7, 0xA7,
    0xFD, 0xD5, 0xE8, 0x42, 0x16, 0x44, 0xEB, 0xBE, 0xDB, 0xD2, 0x68, 0x43, 0x26, 0xAB, 0xF9, 0xE0,
    0x07, 0xA6, 0x83, 0x75, 0xE8, 0xF3, 0xD3, 0x22, 0x39, 0xB5, 0xFD, 0x77, 0x07, 0xED, 0xC7, 0x65,
    0x6F, 0x78, 0x9C, 0x2D, 0xCA, 0xD1, 0x09, 0x40, 0x50, 0x18, 0x86, 0xE1, 0xDF, 0x8D, 0x94, 0xE4,
    0xDE, 0x0D, 0x65, 0x00, 0x46, 0x30, 0x82, 0x0D, 0x8E, 0x4D, 0xAC, 0x60, 0x03, 0x2B, 0xD8, 0xC0,
    0x08, 0x8C, 0x60, 0x83, 0x93, 0x50, 0x28, 0x3E, 0xF9, 0xCE, 0x7F, 0xF5, 0xD4, 0xDB, 0x7B, 0x21,
    0x14, 0xA9, 0x61, 0x2E, 0x14, 0x6A, 0xAF, 0xC2, 0x53, 0x03, 0x3A, 0x22, 0x76, 0xDE, 0x2D, 0x9D,
    0x76, 0x4B, 0xED, 0x0C, 0x9F, 0x5F, 0x83, 0xA8, 0xFA, 0x95, 0xD7, 0x38, 0xCF, 0xA9, 0xFC, 0xF5,
    0x56, 0xE4, 0xB4, 0x43, 0x42, 0x33, 0xA4, 0x54, 0xEE, 0xF6, 0xA5, 0x9B, 0x7D, 0xE8, 0x00, 0xD7,
    0x2B, 0x55, 0x1E, 0xF5, 0x50, 0x17, 0x98, 0x0F, 0xAF, 0x50, 0x67, 0xF0, 0x78, 0x9C, 0x3D, 0x8E,
    0x51, 0x0E, 0xC1, 0x50, 0x10, 0x45, 0x6F, 0x25, 0x4A, 0x10, 0x7D, 0x3B, 0x61, 0x07, 0xBA, 0x01,
    0xB1, 0x03, 0x5D, 0x82, 0x95, 0x88, 0x2E, 0xC1, 0x12, 0x2C, 0x81, 0x65, 0xF0, 0x65, 0x07, 0x1A,
    0x4D, 0x8A, 0xFA, 0x38, 0xE6, 0xBD, 0x7A, 0x9D, 0x8F, 0xC9, 0x99, 0xDC, 0x99, 0xB9, 0x57, 0xCA,
    0xAF, 0xEC, 0x07, 0x92, 0x5C, 0x0B, 0x1C, 0x0C, 0x2E, 0xF8, 0x9A, 0x48, 0x2D, 0x6B, 0xD7, 0xB0,
    0xD3, 0x92, 0x47, 0x62, 0x8D, 0xE4, 0x48, 0x61, 0xFA, 0x87, 0x51, 0xC5, 0xDC, 0xE0, 0xC9, 0xAC,
    0xF6, 0x7B, 0xBA, 0x93, 0x35, 0x8C, 0x0D, 0x4E, 0xAC, 0x5E, 0xA4, 0x06, 0x25, 0x9B, 0x37, 0xC3,
    0x00, 0x45, 0x0F, 0xBD, 0x14, 0x97, 0x17, 0x35, 0xD3, 0xEE, 0xBC, 0x22, 0xEB, 0x1E, 0x96, 0xE6,
    0xE7, 0x2D, 0xD2, 0x68, 0xEA, 0x87, 0x6D, 0x88, 0xA1, 0x73, 0x0C, 0xE6, 0xBE, 0xFF, 0xA8, 0xCA,
    0x6F, 0x21, 0xFC, 0x0F, 0x91, 0x0E, 0x5B, 0x38, 0x78, 0x9C, 0xFB, 0xF8, 0xFF, 0xFF, 0xFF, 0xF7,
    0x73, 0x58, 0x18, 0x18, 0x3E, 0xFE, 0x07, 0x81, 0xFD, 0x8C, 0x50, 0xC6, 0x7F, 0x5E, 0x20, 0x83,
    0x9B, 0x41, 0xE1, 0xF9, 0xFF, 0x7E, 0x30, 0x83, 0x41, 0xE1, 0xFF, 0x7B, 0x08, 0x83, 0xE1, 0xF7,
    0x7F, 0x46, 0x08, 0xE3, 0xE7, 0x7F, 0x26, 0x34, 0xC6, 0xDF, 0xFF, 0x10, 0x35, 0x01, 0xFF, 0xCF,
    0x83, 0x19, 0x06, 0x3F, 0xFF, 0xFB, 0xC3, 0x0C, 0xE4, 0x84, 0x32, 0xEA, 0x21, 0x76, 0xBD, 0xAF,
    0x66, 0x64, 0x80, 0x1A, 0xC8, 0x40, 0x31, 0x03, 0x00, 0x50, 0x5B, 0x56, 0xAD, 0x78, 0x9C, 0x3D,
    0x8F, 0xD1, 0x0D, 0x82, 0x30, 0x10, 0x40, 0x0F, 0x8D, 0x48, 0x94, 0x04, 0x47, 0x60, 0x03, 0x18,
    0x81, 0x05, 0x0C, 0x1B, 0xA8, 0x0B, 0xA8, 0x93, 0x18, 0x1D, 0x81, 0x11, 0xD8, 0x40, 0x36, 0xF0,
    0x5B, 0xBF, 0x74, 0x02, 0x8C, 0x24, 0x20, 0x12, 0xF2, 0x3C, 0xA8, 0x72, 0x1F, 0xBD, 0xD7, 0xEB,
    0xB5, 0xF7, 0x2A, 0x12, 0x5E, 0x39, 0x8C, 0x44, 0xE3, 0x03, 0x1C, 0x35, 0x67, 0x74, 0x31, 0x13,
    0xA9, 0x59, 0x2E, 0x4A, 0xF6, 0x12, 0x92, 0x5B, 0xBA, 0x60, 0x25, 0xBA, 0xE9, 0xCA, 0xF6, 0x13,
    0x4F, 0xE1, 0x85, 0x5B, 0x30, 0x57, 0xB8, 0xE3, 0x95, 0x38, 0x0A, 0x29, 0x41, 0x85, 0xAD, 0x90,
    0x10, 0xBF, 0x7B, 0x38, 0xB1, 0x1E, 0xA0, 0x62, 0x6A, 0x8E, 0x4C, 0x73, 0x46, 0x30, 0x5C, 0x37,
    0x0F, 0x16, 0xB8, 0xE9, 0x6F, 0x84, 0x13, 0xFD, 0x87, 0x4A, 0xC3, 0x4A, 0x35, 0xD4, 0xEC, 0xD1,
    0x8B, 0xB9, 0x22, 0x7E, 0xAB, 0xF9, 0x6C, 0x69, 0xE3, 0xA6, 0xE5, 0x32, 0xE9, 0xE4, 0xC5, 0xB8,
    0x69, 0xF8, 0xE4, 0x23, 0x43, 0x35, 0x3B, 0x6B, 0x2C, 0xBD, 0x16, 0xC4, 0x7D, 0xA9, 0x31, 0x5F,
    0x14, 0x89, 0x6E, 0x6C, 0xBF, 0xB5, 0x0A, 0x6D, 0x20, 0x78, 0x9C, 0xFB, 0xFC, 0xFF, 0xFF, 0xFF,
    0xF7, 0x3D, 0xCC, 0x0C, 0x0C, 0x9F, 0xFF, 0x83, 0xC0, 0x7A, 0x18, 0xE3, 0x3F, 0x37, 0x90, 0xC1,
    0xC9, 0x60, 0xF0, 0xE3, 0x7F, 0x3C, 0x98, 0xC1, 0xE0, 0xF0, 0x7F, 0x3F, 0x84, 0xC1, 0xF0, 0xEF,
    0x3E, 0x94, 0xF1, 0xF7, 0x3D, 0x94, 0xF1, 0x1F, 0x2A, 0xD2, 0xF0, 0x7F, 0x3E, 0x44, 0xD7, 0xAF,
    0xFF, 0xF6, 0x30, 0x73, 0x38, 0xA0, 0x8C, 0x7A, 0xA8, 0xC9, 0xF7, 0x19, 0x19, 0xC0, 0x6A, 0xFE,
    0xFD, 0x67, 0x86, 0x30, 0xBE, 0x01, 0xAD, 0x02, 0x33, 0x2E, 0xFC, 0xF7, 0x87, 0x30, 0x12, 0xFE,
    0x9F, 0x87, 0x30, 0x18, 0xFE, 0xFE, 0x67, 0x85, 0x30, 0xBE, 0xFE, 0xE7, 0x85, 0x30, 0x2E, 0xFC,
    0xCF, 0x87, 0x30, 0x02, 0xFE, 0xC3, 0x6C, 0xFF, 0xF3, 0x9F, 0x03, 0x00, 0xB3, 0x92, 0x67, 0x63,
    0x78, 0x9C, 0x63, 0x60, 0x30, 0xB8, 0xF9, 0xEF, 0x9C, 0x06, 0x03, 0x10, 0xFC, 0xFC, 0x0F, 0x04,
    0xDA, 0x0C, 0x0C, 0x1B, 0x40, 0xF4, 0xFF, 0xF7, 0x8C, 0x0C, 0xDF, 0xFF, 0xFB, 0x32, 0x06, 0xFE,
    0xCE, 0x67, 0x60, 0xF8, 0xF7, 0x9F, 0x91, 0x81, 0xC1, 0x81, 0x83, 0x41, 0xE0, 0xFF, 0x79, 0x06,
    0x30, 0x10, 0xF8, 0xFF, 0x1E, 0xC2, 0x00, 0x4A, 0x49, 0x43, 0x18, 0xDF, 0xFF, 0xFF, 0xB7, 0x04,
    0x33, 0x40, 0xDA, 0x63, 0xC0, 0xAC, 0x1F, 0x40, 0x56, 0x1E, 0x88, 0xA1, 0x00, 0x32, 0x5A, 0x06,
    0xAC, 0xF1, 0x39, 0xD8, 0x64, 0x10, 0xB8, 0xFA, 0xFF, 0x3F, 0x07, 0x44, 0xEB, 0xEF, 0xFF, 0xBC,
    0x10, 0xC6, 0xC7, 0xFF, 0x7C, 0x0C, 0x0A, 0x20, 0xC6, 0x07, 0xA0, 0xC8, 0x2F, 0x76, 0x20, 0xE3,
    0xEB, 0x7F, 0xAE, 0x86, 0xFF, 0xF7, 0xCD, 0x19, 0x8B, 0xFE, 0xFF, 0x67, 0x9E, 0x00, 0x76, 0xD7,
    0xFF, 0x7A, 0x06, 0x86, 0x23, 0x60, 0x07, 0xB2, 0x02, 0xE5, 0x8B, 0xDF, 0xFC, 0xDF, 0xC7, 0xC6,
    0xC0, 0x00, 0x00, 0x23, 0xD3, 0x4F, 0x86, 0x78, 0x9C, 0xFB, 0xFB, 0x1F, 0x02, 0xE6, 0xFF, 0xC5,
    0x60, 0x30, 0x30, 0x30, 0x7C, 0xF8, 0xCF, 0xCB, 0x00, 0x06, 0x83, 0x9C, 0x01, 0x00, 0x5D, 0x57,
    0x3F, 0x74, 0x78, 0x9C, 0xFB, 0xF5, 0x9F, 0x99, 0x81, 0xC1, 0xE0, 0x7F, 0xFE, 0x2F, 0x1A, 0xD3,
    0x3F, 0xA1, 0xF4, 0x0F, 0x10, 0xED, 0xF0, 0x3F, 0xFE, 0xFB, 0x7F, 0x56, 0x06, 0x86, 0x80, 0xFF,
    0xFE, 0x5F, 0xFE, 0x73, 0x30, 0x30, 0x4C, 0xF8, 0x2F, 0xFF, 0xE1, 0xBF, 0x1C, 0x03, 0xC3, 0xC7,
    0xFF, 0x3C, 0x0D, 0xFF, 0xEF, 0xB3, 0x04, 0xFC, 0xFD, 0xCF, 0xC6, 0xF0, 0xF7, 0x3F, 0x10, 0xEC,
    0x67, 0x60, 0x38, 0x08, 0xA2, 0xB9, 0x19, 0x18, 0x18, 0x96, 0xFE, 0xBB, 0xEF, 0xC5, 0xC0, 0x00,
    0x00, 0xF0, 0xBB, 0x53, 0x4F, 0x78, 0x9C, 0x25, 0x8D, 0x6B, 0x11, 0x82, 0x60, 0x14, 0x44, 0x57,
    0x54, 0x7C, 0xE0, 0x68, 0x04, 0x8D, 0x60, 0x03, 0x8C, 0x40, 0x03, 0x23, 0x48, 0x04, 0x1B, 0x60,
    0x03, 0x6D, 0xA0, 0x11, 0x68, 0x80, 0x0D, 0xA4, 0x81, 0x32, 0x32, 0xC8, 0x88, 0x7A, 0xE4, 0x7E,
    0xEC, 0x9F, 0x7B, 0xEE, 0xCC, 0xCE, 0xD9, 0x9C, 0xA5, 0xDA, 0x3C, 0x09, 0x0E, 0xEC, 0x8C, 0x5E,
    0xF8, 0x11, 0x67, 0xA3, 0x86, 0x9E, 0xC0, 0x88, 0xCC, 0xBE, 0xBE, 0xB4, 0x21, 0x91, 0x2A, 0xC6,
    0xD2, 0x9E, 0x50, 0x2A, 0x98, 0x49, 0x57, 0xE6, 0x52, 0x6A, 0x9A, 0x82, 0x89, 0x14, 0xB3, 0xB5,
    0xCA, 0x40, 0x5A, 0x71, 0x94, 0xDE, 0x4E, 0xF0, 0xBD, 0x4B, 0x3F, 0x27, 0xAD, 0xF1, 0xD6, 0xD6,
    0x90, 0x4A, 0xFC, 0xB8, 0x1B, 0xCF, 0x09, 0x2E, 0x66, 0x92, 0x4E, 0x2C, 0x1E, 0x8C, 0x8C, 0x22,
    0xC2, 0x12, 0x4F, 0x6E, 0x3D, 0xA9, 0x6F, 0x0E, 0xD4, 0x64, 0x9F, 0xA4, 0xA3, 0x0A, 0xDB, 0xB7,
    0x14, 0xD8, 0xBE, 0x25, 0x85, 0x69, 0x47, 0x31, 0x0C, 0xDB, 0xF3, 0x07, 0xA6, 0xD8, 0x4E, 0x07,
    0x78, 0x9C, 0x15, 0x8E, 0xCD, 0x75, 0x82, 0x60, 0x00, 0x04, 0x37, 0x1A, 0xFF, 0x82, 0x42, 0x3A,
    0x88, 0x1D, 0xE0, 0xC9, 0xAB, 0xE9, 0x40, 0x3B, 0xC0, 0x67, 0x03, 0xDA, 0x01, 0x76, 0x00, 0x1D,
    0x68, 0x07, 0xD8, 0x81, 0x76, 0x00, 0x1D, 0x24, 0x1D, 0x08, 0x8A, 0x02, 0x0F, 0x75, 0xFC, 0xD8,
    0xD3, 0x9C, 0x76, 0xA6, 0xA6, 0x23, 0xB3, 0x05, 0x7E, 0x49, 0xAF, 0xA1, 0x25, 0xDE, 0x9D, 0x7E,
    0x43, 0x5B, 0x66, 0x39, 0x83, 0x86, 0x42, 0x7E, 0x2E, 0x58, 0x0D, 0xED, 0x71, 0x52, 0x86, 0x5A,
    0x4D, 0x75, 0x62, 0x94, 0x60, 0xAB, 0x3A, 0x2A, 0xC1, 0x3A, 0xE0, 0xE8, 0x89, 0xFE, 0x19, 0x84,
    0x38, 0xDF, 0xD0, 0x4E, 0xE9, 0x6D, 0x70, 0x17, 0xD0, 0xCD, 0xE8, 0xFC, 0x32, 0x0B, 0xFF, 0xF8,
    0xBA, 0xD0, 0x1A, 0x33, 0x4F, 0xA2, 0xA7, 0x7D, 0x45, 0x62, 0x9D, 0xF9, 0xB5, 0x7B, 0x3B, 0x4B,
    0x2F, 0x3F, 0xF7, 0x0A, 0xEF, 0x1E, 0x4B, 0x8F, 0xA0, 0x74, 0xF3, 0x5D, 0x11, 0x49, 0xD5, 0xAE,
    0xB6, 0xB3, 0xB8, 0x0C, 0xA4, 0x22, 0x7A, 0x59, 0x09, 0xD5, 0x5A, 0xBA, 0xC5, 0xF4, 0xF7, 0xD4,
    0x73, 0xE9, 0x0A, 0x9F, 0x4B, 0x70, 0xA5, 0x14, 0x3E, 0x26, 0x18, 0xBB, 0x71, 0x9B, 0x2B, 0x18,
    0xC9, 0x94, 0x99, 0x83, 0x87, 0xE9, 0x7D, 0x03, 0x0E, 0x1B, 0x70, 0xA7, 0x78, 0x9C, 0x25, 0x8E,
    0xDB, 0x0D, 0x01, 0x61, 0x14, 0x84, 0x67, 0x6D, 0xE2, 0x96, 0x8D, 0x6C, 0xA2, 0x00, 0x3A, 0xA0,
    0x13, 0x3A, 0x58, 0x7D, 0x78, 0xA0, 0x03, 0x54, 0xB0, 0x3A, 0xA0, 0x03, 0x2D, 0xE8, 0xC0, 0x76,
    0xB0, 0x71, 0x09, 0x56, 0xF0, 0x99, 0x7F, 0x9D, 0x97, 0x99, 0xE4, 0x7C, 0x67, 0xCE, 0x5C, 0x18,
    0x48, 0x3A, 0xD3, 0x5B, 0x93, 0xDB, 0x54, 0x34, 0x53, 0x68, 0x28, 0xE5, 0x24, 0x3D, 0xE8, 0x6A,
    0xCD, 0x44, 0x2A, 0x18, 0x19, 0x49, 0xA4, 0x29, 0x07, 0x23, 0xB1, 0xC1, 0x37, 0x7D, 0x76, 0x56,
    0x5D, 0x99, 0x7B, 0xEB, 0xD9, 0x02, 0xED, 0x60, 0x86, 0x50, 0x46, 0xC1, 0x18, 0x5D, 0xD4, 0xAA,
    0xEF, 0x9F, 0xD5, 0xD2, 0x4C, 0xB8, 0x76, 0xDA, 0x2B, 0xE4, 0x05, 0x64, 0x43, 0x66, 0x1D, 0x93,
    0x0F, 0x29, 0x6D, 0xF6, 0x2E, 0x54, 0xD1, 0x92, 0x6E, 0x74, 0x8C, 0xB9, 0xDD, 0x87, 0xC8, 0x87,
    0xB9, 0x66, 0xAC, 0xEA, 0xA8, 0xB8, 0xA8, 0x3B, 0xDF, 0x49, 0x9E, 0xF5, 0xC3, 0x23, 0xD9, 0x0F,
    0x1C, 0x04, 0x52, 0x9C, 0x78, 0x9C, 0xAD, 0xCC, 0x71, 0x09, 0xC2, 0x60, 0x10, 0x40, 0xF1, 0xA7,
    0x22, 0xC8, 0x14, 0xAC, 0x60, 0x03, 0x23, 0xAC, 0x82, 0x11, 0x16, 0x61, 0x0D, 0xAC, 0x62, 0x83,
    0x45, 0xB0, 0xC2, 0xD7, 0x60, 0x36, 0x18, 0x82, 0x0E, 0x41, 0xE7, 0xDB, 0x77, 0x9B, 0x11, 0xBC,
    0xBF, 0xDE, 0xC1, 0xEF, 0x2E, 0x79, 0x24, 0xCF, 0xC3, 0xE2, 0x64, 0x13, 0xF5, 0x76, 0xC9, 0xE0,
    0x02, 0x0E, 0xB1, 0xF7, 0x6E, 0xE0, 0x12, 0x26, 0xB9, 0x87, 0xBB, 0x05, 0x54, 0x9E, 0xE1, 0xE5,
    0x2A, 0xE3, 0x6F, 0x07, 0x5E, 0xE3, 0xAC, 0x77, 0x5D, 0x5B, 0x46, 0xDD, 0xDC, 0x25, 0xB7, 0x51,
    0x95, 0xE5, 0x73, 0x62, 0x19, 0x36, 0x9F, 0x89, 0x05, 0x9C, 0x59, 0xC0, 0x99, 0x41, 0xED, 0x8F,
    0xE5, 0x6F, 0x2D, 0x7F, 0xAB, 0x11, 0x8D, 0xA9, 0x40, 0xCE, 0x78, 0x9C, 0xFB, 0xF0, 0x1F, 0x0C,
    0xCE, 0x7F, 0x40, 0xA5, 0xFB, 0x19, 0x40, 0xE0, 0xCB, 0x7F, 0x5E, 0x30, 0xFD, 0xF7, 0x3F, 0x33,
    0x88, 0x9A, 0x00, 0x15, 0xFE, 0x8C, 0x2A, 0xDC, 0xF0, 0x7F, 0x3E, 0x54, 0x98, 0x0F, 0x2A, 0xCC,
    0x02, 0xA2, 0x0A, 0xA0, 0xC2, 0x9F, 0xFE, 0xCB, 0x81, 0xE9, 0x3F, 0x30, 0xE1, 0xF5, 0x28, 0xC2,
    0xBF, 0xFF, 0xB3, 0x82, 0xA8, 0x04, 0xA8, 0xF0, 0x47, 0xB8, 0x30, 0x18, 0xBC, 0xFF, 0x8F, 0x46,
    0x03, 0x00, 0x33, 0xF4, 0x4F, 0x3D, 0x78, 0x9C, 0xFB, 0xFF, 0xFF, 0xFF, 0xFF, 0xFA, 0xFF, 0x08,
    0x82, 0x9F, 0x81, 0x81, 0x81, 0xCE, 0x04, 0xAA, 0x0B, 0x00, 0xCB, 0xD2, 0x33, 0x25, 0x78, 0x9C,
    0x7B, 0xF0, 0x9F, 0x85, 0x01, 0x04, 0x26, 0xFC, 0xE7, 0x02, 0xD3, 0x06, 0xFF, 0xE5, 0xC1, 0x34,
    0xC3, 0xDF, 0x7C, 0x08, 0xFD, 0xFD, 0x3C, 0x84, 0xFE, 0xF8, 0x9F, 0x09, 0x4C, 0x6F, 0xF8, 0xCF,
    0x01, 0xA6, 0x03, 0xFE, 0xF3, 0x41, 0x24, 0xFE, 0xFB, 0x43, 0xE8, 0x9F, 0xEB, 0x21, 0xF4, 0xE7,
    0xFF, 0x8C, 0x60, 0xFA, 0xC2, 0x7F, 0x36, 0x30, 0x5D, 0xF0, 0x9F, 0x07, 0x4C, 0x0B, 0xFC, 0xD7,
    0x87, 0x28, 0xF8, 0xDD, 0x0F, 0xA1, 0xBF, 0xBE, 0x87, 0xD0, 0x1F, 0xA8, 0xEE, 0x84, 0x2F, 0x68,
    0x4E, 0x68, 0xF8, 0xCF, 0x03, 0x00, 0x7B, 0x1A, 0x2F, 0x44, 0x78, 0x9C, 0xFB, 0xF5, 0xFF, 0xFF,
    0xFF, 0xF3, 0xBF, 0xE0, 0x04, 0x03, 0x03, 0xC3, 0x27, 0x3A, 0x13, 0xBF, 0x50, 0x5D, 0x00, 0x00,
    0x74, 0x55, 0x44, 0xFC, 0x78, 0x9C, 0x63, 0x60, 0x78, 0xF0, 0x9F, 0x8B, 0x01, 0x08, 0xBE, 0xFC,
    0x97, 0x07, 0x51, 0xBF, 0xFE, 0xD7, 0x03, 0x49, 0x81, 0xFF, 0x7F, 0xEF, 0x03, 0xA9, 0x82, 0xFF,
    0xCB, 0xFF, 0x33, 0x33, 0x30, 0x5C, 0xF8, 0x1F, 0x04, 0x52, 0xF3, 0xF9, 0x3C, 0xC3, 0x7F, 0x7E,
    0x06, 0x86, 0x9F, 0xF5, 0x0C, 0xBF, 0xF2, 0x19, 0x18, 0x80, 0xCA, 0xBF, 0x9C, 0x67, 0x48, 0xF8,
    0xCF, 0x0D, 0x34, 0x80, 0xF9, 0xC0, 0x7F, 0x56, 0x86, 0x86, 0xFF, 0x9C, 0x9F, 0xFE, 0x33, 0x30,
    0x18, 0xFC, 0xE7, 0xFB, 0x39, 0x1F, 0xA8, 0xF7, 0x6F, 0x3C, 0x00, 0x42, 0x59, 0x24, 0xED, 0x78,
    0x9C, 0xFB, 0xF0, 0x1F, 0x02, 0x78, 0x3F, 0x60, 0x30, 0x00, 0x59, 0x2A, 0x17, 0xE3, 0x78, 0x9C,
    0x63, 0xD8, 0xC4, 0xC0, 0xC0, 0xA0, 0xF0, 0x8F, 0x93, 0x81, 0xE1, 0xC1, 0xFF, 0x7C, 0x06, 0x86,
    0x84, 0xFF, 0xFF, 0x99, 0x19, 0x18, 0xBE, 0xFE, 0x97, 0x63, 0x60, 0x70, 0xF8, 0x7F, 0x1E, 0x28,
    0xF5, 0x05, 0x44, 0x18, 0x70, 0x33, 0x00, 0x00, 0x0C, 0x85, 0x0C, 0xA7, 0x78, 0x9C, 0x1D, 0xCA,
    0xA1, 0x0E, 0x81, 0x51, 0x00, 0x86, 0xE1, 0xF7, 0x48, 0x36, 0x81, 0x66, 0x9A, 0x20, 0xB9, 0x02,
    0xCD, 0x7F, 0x05, 0xE8, 0xC2, 0xA7, 0x6A, 0x74, 0xC5, 0x6C, 0xB2, 0xD9, 0xF4, 0xFF, 0x8A, 0x4C,
    0x97, 0x34, 0xC5, 0xCE, 0x28, 0xCC, 0x38, 0x1F, 0xE7, 0x7F, 0xCA, 0x5B, 0x5E, 0x38, 0xDC, 0xE2,
    0x2A, 0xD0, 0xBA, 0xFA, 0x6F, 0xC4, 0xC9, 0x95, 0xDA, 0xC4, 0xD3, 0x50, 0x7C, 0xDC, 0x60, 0x00,
    0x5C, 0xDC, 0x24, 0xDB, 0x79, 0x08, 0xDD, 0xED, 0x39, 0x79, 0xCC, 0x3A, 0xE5, 0x4F, 0x45, 0x15,
    0xEB, 0xEE, 0x38, 0xEF, 0x2D, 0xAD, 0xA7, 0xEB, 0xB0, 0xB0, 0xDE, 0x0E, 0x50, 0x5A, 0x2F, 0xF7,
    0xD9, 0x24, 0xEB, 0x91, 0xAF, 0x68, 0xCD, 0x72, 0x3B, 0x16, 0xFB, 0x74, 0x6C, 0xF3, 0xD5, 0x0F,
    0xA9, 0x8A, 0x4A, 0x00, 0x78, 0x9C, 0xFB, 0xF2, 0x9F, 0x83, 0x01, 0x0C, 0xBE, 0x90, 0xC9, 0x60,
    0x5F, 0xF2, 0x6F, 0x1D, 0x0B, 0x88, 0xB1, 0xE3, 0xFF, 0xFF, 0xFF, 0xF3, 0x41, 0x0C, 0x30, 0xE0,
    0x00, 0x31, 0x34, 0x14, 0x7E, 0xFE, 0xD7, 0x07, 0x32, 0xF4, 0x18, 0x18, 0x16, 0xFC, 0xEF, 0x87,
    0xE8, 0x32, 0xF8, 0x7F, 0x1E, 0xAA, 0xFD, 0xFF, 0x7F, 0x28, 0xE3, 0x1F, 0x06, 0xE3, 0xFF, 0x7B,
    0x08, 0x23, 0xE0, 0xFF, 0x7A, 0x88, 0xF6, 0x0B, 0xFF, 0xE3, 0x81, 0x8C, 0xF7, 0x62, 0x0E, 0x7F,
    0xFF, 0xF3, 0xC0, 0xAC, 0x60, 0x02, 0x32, 0x9E, 0x00, 0x69, 0x5D, 0xA0, 0xA5, 0xE7, 0x19, 0x8E,
    0xBF, 0xCF, 0x01, 0x6A, 0x04, 0x00, 0x20, 0x28, 0x5B, 0x42, 0x78, 0x9C, 0x63, 0x60, 0x30, 0x38,
    0xF1, 0xEF, 0x9C, 0x06, 0x03, 0x83, 0xC2, 0xEF, 0xFF, 0x40, 0xC0, 0xC9, 0xF0, 0x05, 0x44, 0xFD,
    0x8F, 0x57, 0xF8, 0xFF, 0x3F, 0x97, 0xC9, 0xF1, 0x37, 0xE7, 0x81, 0xFF, 0xFB, 0x19, 0x18, 0x18,
    0x1C, 0x18, 0x3E, 0xFD, 0xE7, 0x63, 0x00, 0x81, 0x6F, 0xFF, 0x39, 0xC0, 0xF4, 0x8F, 0xFF, 0x6C,
    0x28, 0xF4, 0x77, 0xA0, 0x56, 0x10, 0xF8, 0x0C, 0x55, 0x77, 0x01, 0xA2, 0x8F, 0xCD, 0x01, 0x68,
    0x0E, 0xA3, 0xE3, 0x6F, 0x7B, 0xA0, 0x46, 0x10, 0xD8, 0xCF, 0xE0, 0xF0, 0x0F, 0x62, 0x0F, 0x43,
    0xC0, 0xAD, 0xFF, 0xFB, 0xC4, 0x19, 0x00, 0xCB, 0xC1, 0x36, 0xCC, 0x78, 0x9C, 0x63, 0x60, 0x00,
    0x81, 0xDF, 0xFF, 0x19, 0x19, 0xC8, 0x64, 0x34, 0xFE, 0x3D, 0xCF, 0xF6, 0x0B, 0xC8, 0x08, 0xF8,
    0xFF, 0xFF, 0xFF, 0x7D, 0x90, 0xC8, 0xD7, 0xFF, 0x60, 0xC0, 0x28, 0xF0, 0xFF, 0xBF, 0x8D, 0xC0,
    0x33, 0x20, 0xA3, 0xE1, 0xFF, 0x79, 0x06, 0x06, 0x85, 0x7F, 0xFF, 0x19, 0x1F, 0xFC, 0xD7, 0x87,
    0xE8, 0xFA, 0xF8, 0x9F, 0x17, 0xC2, 0xF8, 0xFC, 0x9F, 0x1B, 0x8D, 0xF1, 0xE9, 0x3F, 0x0F, 0x84,
    0xF1, 0xE1, 0xBF, 0x3C, 0x84, 0xB1, 0xE1, 0x7F, 0x3F, 0x03, 0xC8, 0x74, 0x46, 0x87, 0xFF, 0xFF,
    0x35, 0x15, 0x7E, 0x00, 0x19, 0x0C, 0xBF, 0xA0, 0x56, 0x30, 0x2C, 0x00, 0x92, 0xEB, 0xBF, 0x82,
    0x9C, 0xB1, 0xE4, 0xDF, 0x3A, 0x96, 0x8F, 0xFF, 0x19, 0x01, 0x98, 0x0A, 0x5C, 0x65, 0x78, 0x9C,
    0x63, 0x60, 0x68, 0x7C, 0xF3, 0xBE, 0x86, 0x91, 0x81, 0xA1, 0xE1, 0x3F, 0x10, 0xC4, 0x31, 0x30,
    0xFC, 0x06, 0xD1, 0xFF, 0x59, 0x27, 0xFC, 0x3F, 0x2F, 0x2A, 0xF0, 0xEC, 0x3F, 0xDF, 0xE7, 0xFF,
    0xDC, 0x0C, 0x0C, 0x0A, 0xFF, 0xF3, 0x7F, 0xFE, 0x67, 0x62, 0x60, 0x60, 0xF8, 0xB5, 0xFF, 0x2F,
    0x58, 0xFA, 0xFF, 0xFD, 0xFF, 0xA8, 0xF4, 0xF9, 0xBF, 0xEF, 0x19, 0xC0, 0xE0, 0xE7, 0x7F, 0x16,
    0x30, 0xFD, 0xF9, 0xBF, 0x1E, 0x90, 0x54, 0x60, 0x98, 0xF0, 0xFF, 0xBF, 0x25, 0xA3, 0xE3, 0x2F,
    0x36, 0xA8, 0xB9, 0x7C, 0x10, 0x7B, 0xDE, 0xB3, 0x33, 0x30, 0x14, 0xBE, 0xFE, 0xBF, 0x96, 0x8D,
    0x01, 0x00, 0x12, 0x8D, 0x49, 0x8E, 0x78, 0x9C, 0x63, 0x60, 0x60, 0x50, 0xB8, 0xF9, 0xEF, 0x9C,
    0x27, 0x03, 0x10, 0xFC, 0xF8, 0x0F, 0x04, 0x40, 0x3A, 0x01, 0x44, 0xEF, 0x07, 0x32, 0x1E, 0xFC,
    0x9F, 0xCF, 0xA4, 0x18, 0x06, 0x64, 0x7C, 0xF9, 0xCF, 0xCD, 0x00, 0x06, 0xDF, 0xFE, 0xB3, 0x41,
    0x18, 0xDF, 0xFF, 0xB3, 0x80, 0xA8, 0xB7, 0xFF, 0x40, 0x6A, 0xFF, 0xB3, 0x33, 0xFC, 0xFF, 0x8F,
    0xCE, 0x80, 0xAB, 0xA1, 0x27, 0x03, 0x00, 0x6F, 0x94, 0x44, 0xA7, 0x78, 0x9C, 0x2D, 0x8D, 0xBD,
    0x0D, 0xC2, 0x30, 0x14, 0x84, 0xCF, 0x41, 0x28, 0x51, 0xD2, 0x30, 0x82, 0x4B, 0x56, 0x80, 0x02,
    0xB1, 0x41, 0x56, 0x60, 0x03, 0x06, 0xA0, 0x00, 0xB1, 0x00, 0x2B, 0x20, 0x24, 0x4A, 0x94, 0x54,
    0xD4, 0x4C, 0x40, 0x46, 0x08, 0x12, 0x2D, 0xC2, 0x16, 0x12, 0x58, 0xFC, 0xE5, 0x78, 0x76, 0xF8,
    0x9A, 0xFB, 0xF4, 0xE4, 0xF3, 0x01, 0xFB, 0x86, 0x42, 0x8A, 0x33, 0x03, 0xA9, 0xE6, 0x5F, 0x4A,
    0x16, 0xD1, 0xC6, 0x8B, 0x65, 0x06, 0xBC, 0x73, 0xE0, 0xC6, 0x18, 0x70, 0x35, 0x60, 0xE5, 0x3D,
    0x5E, 0x04, 0x0E, 0x5C, 0x61, 0x41, 0xB9, 0x8C, 0x49, 0x43, 0x4E, 0x01, 0x3C, 0x7C, 0x39, 0x11,
    0xF9, 0x1C, 0x69, 0x86, 0x92, 0x6B, 0x76, 0x7A, 0xF0, 0x58, 0xF6, 0x43, 0xE2, 0x14, 0x06, 0x76,
    0x5D, 0x4C, 0xDA, 0xA9, 0x4A, 0x3E, 0xBB, 0x06, 0x8B, 0xCB, 0x4A, 0x01, 0xDA, 0x31, 0x7B, 0xE6,
    0x6D, 0x25, 0x6B, 0xE6, 0x5E, 0xEE, 0x4C, 0xBE, 0x1C, 0x28, 0xBD, 0xA5, 0x51, 0xAE, 0x6D, 0x8D,
    0x64, 0xD9, 0x53, 0x44, 0xC0, 0xF2, 0xC2, 0x7A, 0x26, 0xF9, 0x03, 0x06, 0xAE, 0x70, 0xD7, 0x78,
    0x9C, 0xFB, 0xF2, 0x9F, 0x83, 0x01, 0x04, 0xBE, 0x90, 0x4C, 0xB3, 0x17, 0xBE, 0xB9, 0x2F, 0x09,
    0xA4, 0x5D, 0xFF, 0xFD, 0xFF, 0xFF, 0x9E, 0xE9, 0xCB, 0xFF, 0xDF, 0xFF, 0x81, 0x80, 0xE7, 0xCB,
    0xFF, 0xFF, 0xD6, 0x02, 0xDF, 0xFF, 0xEB, 0x7F, 0xF9, 0x3F, 0x9F, 0x81, 0x61, 0xC1, 0xFF, 0xFC,
    0x2F, 0xFF, 0xB9, 0x19, 0x18, 0x02, 0xFE, 0xF7, 0x83, 0xF5, 0x39, 0xC0, 0xE9, 0xF9, 0x94, 0xD2,
    0x00, 0xB4, 0xBA, 0x53, 0x90, 0x78, 0x9C, 0x63, 0x60, 0x60, 0x30, 0xF8, 0xA3, 0xC3, 0x00, 0x04,
    0x1F, 0xFF, 0xBF, 0x07, 0x51, 0x9F, 0xFF, 0xFF, 0x67, 0x44, 0xF0, 0x1C, 0xFE, 0xDA, 0x30, 0x60,
    0x05, 0x40, 0x65, 0xFF, 0xFF, 0xCF, 0x47, 0xA3, 0x80, 0xC0, 0x80, 0x46, 0x14, 0x00, 0x86, 0x0F,
    0x33, 0xA2, 0x78, 0x9C, 0x63, 0x60, 0x60, 0x60, 0x38, 0x7C, 0x9E, 0x09, 0x48, 0x0A, 0xFC, 0xFF,
    0xCF, 0x07, 0xA4, 0x0C, 0xFE, 0xFF, 0x97, 0x47, 0xF0, 0x18, 0xAE, 0x9C, 0x67, 0x66, 0xC0, 0x06,
    0x80, 0xCA, 0x80, 0x80, 0x13, 0x95, 0x02, 0x49, 0x7C, 0xA6, 0x25, 0xC5, 0x01, 0xA2, 0xBE, 0xFE,
    0x67, 0x07, 0x51, 0xBF, 0xFF, 0xB3, 0x04, 0x58, 0x32, 0x36, 0xFD, 0x7F, 0xCF, 0x70, 0x00, 0x64,
    0x79, 0x3E, 0x50, 0x1A, 0x08, 0xD8, 0x19, 0x0C, 0x6E, 0xFE, 0x3F, 0xA7, 0xC1, 0xC0, 0x00, 0x00,
    0xFF, 0x5D, 0x49, 0x27, 0x78, 0x9C, 0x9D, 0xCD, 0xC1, 0x09, 0x80, 0x30, 0x10, 0x05, 0xD1, 0x18,
    0x50, 0x10, 0xD2, 0x82, 0x62, 0x05, 0x31, 0x05, 0x08, 0xDA, 0x89, 0x25, 0xDA, 0x82, 0x25, 0xD8,
    0x81, 0x25, 0x44, 0x50, 0x11, 0x2F, 0x8E, 0xEC, 0xC6, 0x0A, 0xDC, 0xD3, 0x63, 0x60, 0xF9, 0x1B,
    0xCE, 0xE8, 0x6D, 0xFF, 0x31, 0xB0, 0x66, 0x8A, 0x83, 0x4A, 0x8B, 0x04, 0x85, 0x04, 0x41, 0x20,
    0x5A, 0xC5, 0x8E, 0xD7, 0xAF, 0x0E, 0x72, 0xC5, 0x03, 0xB5, 0x82, 0xC8, 0x94, 0xE0, 0x6F, 0x0A,
    0x41, 0xB4, 0x0B, 0xAD, 0xA0, 0x37, 0x81, 0xF5, 0xDB, 0xBA, 0x28, 0x13, 0x66, 0xC6, 0x84, 0x86,
    0x98, 0xD6, 0xCD, 0x89, 0x7B, 0x01, 0xA9, 0xF9, 0x53, 0x6C, 0x78, 0x9C, 0xFB, 0xFF, 0xFF, 0xFF,
    0x7F, 0x7F, 0x06, 0x06, 0x86, 0xFF, 0x68, 0x34, 0x03, 0x43, 0x03, 0xDD, 0xE9, 0x78, 0x30, 0x9D,
    0xF0, 0xBF, 0x1F, 0x4C, 0x2B, 0xFC, 0xFF, 0x2F, 0xAE, 0xC0, 0x0E, 0x64, 0xFC, 0x86, 0x3A, 0xE9,
    0x22, 0x90, 0x9E, 0x0F, 0x92, 0x39, 0xFE, 0xFF, 0x9C, 0x05, 0x00, 0x90, 0x62, 0x37, 0xCE, 0x78,
    0x9C, 0xFB, 0xDE, 0x5F, 0xF0, 0x57, 0x47, 0xE0, 0xD5, 0x7A, 0xC6, 0xEF, 0xEB, 0x7F, 0xFE, 0x7F,
    0x7F, 0xF1, 0xFF, 0x7F, 0xDE, 0xEF, 0xEF, 0xFF, 0xFF, 0xFF, 0xFF, 0xF7, 0xFF, 0xFF, 0xF8, 0xEF,
    0xFF, 0xFD, 0x2F, 0xFE, 0x3F, 0x9F, 0xF8, 0xBF, 0xFF, 0xFB, 0x7F, 0xCE, 0x86, 0xFF, 0xFA, 0x0C,
    0xFF, 0xD7, 0x7F, 0xFF, 0xCF, 0x5C, 0xF0, 0x9F, 0x07, 0xC6, 0xE0, 0xA6, 0x05, 0x03, 0x00, 0xA9,
    0xA5, 0x59, 0x0A, 0x78, 0x9C, 0xFB, 0xF2, 0x9E, 0xA1, 0xF0, 0xCD, 0x7D, 0x49, 0x86, 0x2F, 0xFF,
    0x1D, 0xFE, 0xFD, 0xFF, 0xFF, 0x9E, 0xE9, 0xCB, 0xFF, 0x9F, 0xFF, 0x81, 0x80, 0xE7, 0xCB, 0xFF,
    0xFF, 0x36, 0x02, 0xDF, 0xFF, 0xEB, 0x7F, 0xF9, 0xBF, 0x9E, 0x81, 0x61, 0xC1, 0xFF, 0xFC, 0x2F,
    0xFF, 0x79, 0x18, 0x18, 0x02, 0xFE, 0xF7, 0x7F, 0xF9, 0xCF, 0xC1, 0xC0, 0xE0, 0x00, 0xA7, 0xE7,
    0x53, 0x4A, 0x03, 0x00, 0x09, 0x62, 0x45, 0xA7, 0x78, 0x9C, 0x63, 0x60, 0x70, 0xB8, 0xF5, 0x7F,
    0x2E, 0x33, 0x03, 0x03, 0x83, 0xC2, 0x9F, 0xFF, 0xFF, 0xFF, 0xAF, 0x07, 0x32, 0x1E, 0xFD, 0x07,
    0x01, 0x59, 0x06, 0x86, 0xBF, 0xFF, 0xAD, 0x19, 0xAE, 0xFC, 0xDF, 0xCF, 0x50, 0x00, 0xC4, 0x0C,
    0x02, 0x7F, 0xFF, 0xB3, 0x5C, 0xF8, 0xAF, 0x0F, 0x94, 0xFF, 0xFA, 0x9F, 0xEB, 0xE3, 0x7F, 0x5E,
    0x20, 0xE3, 0xC3, 0x7F, 0xBE, 0xCF, 0xFF, 0xB9, 0x81, 0x8C, 0x07, 0xFF, 0xF9, 0xE1, 0x0C, 0xB8,
    0x14, 0x5C, 0x71, 0x03, 0x4C, 0x3B, 0xC3, 0x3F, 0xA8, 0x81, 0x0C, 0x9F, 0x61, 0x56, 0x28, 0xFC,
    0x05, 0xD2, 0xFB, 0x19, 0x81, 0x0A, 0x03, 0x20, 0xCE, 0x00, 0x00, 0x96, 0xB2, 0x45, 0x0B, 0x78,
    0x9C, 0xFB, 0xF2, 0x9E, 0x61, 0xC9, 0xBF, 0x75, 0x2C, 0x0C, 0x0C, 0x5F, 0xFE, 0x1F, 0xFE, 0xFF,
    0xFF, 0xFF, 0x7A, 0x10, 0x03, 0x0C, 0x38, 0x40, 0x0C, 0x0D, 0x85, 0x9F, 0xFF, 0xF5, 0x81, 0x0C,
    0x7B, 0x06, 0x86, 0x05, 0xFF, 0xFB, 0x81, 0x0C, 0x0E, 0x06, 0x06, 0x83, 0xFF, 0xE7, 0x21, 0x0C,
    0x86, 0xFF, 0xFF, 0xA1, 0x8C, 0x7F, 0x18, 0x8C, 0xFF, 0xEF, 0x21, 0x8C, 0x00, 0xA0, 0x89, 0x5F,
    0xFE, 0xCB, 0x30, 0x30, 0x5C, 0xF8, 0x1F, 0x0F, 0x64, 0xDC, 0x17, 0x75, 0xF8, 0xFB, 0x9F, 0x17,
    0x66, 0x05, 0x13, 0x90, 0xF1, 0x12, 0x48, 0xEB, 0x82, 0x2C, 0x15, 0xBB, 0xFE, 0x3E, 0x87, 0x01,
    0xC4, 0x60, 0x67, 0x00, 0x03, 0x88, 0x39, 0xA4, 0x32, 0x00, 0x78, 0xAD, 0x5B, 0x8F, 0x78, 0x9C,
    0x63, 0x60, 0x68, 0xFC, 0x7B, 0x9E, 0xFD, 0xC3, 0x7F, 0x46, 0x86, 0x80, 0xFF, 0xFF, 0xFF, 0xDF,
    0xFF, 0x0A, 0x64, 0x7C, 0xFD, 0x0F, 0x06, 0x8C, 0x02, 0xFF, 0xFF, 0xDB, 0x08, 0x7C, 0x07, 0x32,
    0x1A, 0xFE, 0x9F, 0x67, 0x60, 0x30, 0x00, 0x32, 0x1E, 0xFC, 0xD7, 0x67, 0x60, 0x60, 0xF8, 0xFD,
    0x9F, 0xF1, 0xE3, 0x7F, 0x5E, 0x08, 0xE3, 0xF3, 0x7F, 0x6E, 0x34, 0xC6, 0xA7, 0xFF, 0x3C, 0x10,
    0xC6, 0x87, 0xFF, 0xF2, 0x10, 0xC6, 0x86, 0xFF, 0xFD, 0x0C, 0x0C, 0x0E, 0x40, 0xED, 0x40, 0xAC,
    0xA9, 0xF0, 0x03, 0xC8, 0x60, 0xF8, 0x05, 0xB5, 0x82, 0x61, 0x01, 0x90, 0x5C, 0xFF, 0x13, 0xC8,
    0x60, 0x58, 0xF2, 0x6F, 0x1D, 0xCB, 0x2F, 0x10, 0x83, 0x01, 0xA2, 0x8B, 0x3C, 0x06, 0x00, 0x27,
    0xC9, 0x5C, 0x75, 0x78, 0x9C, 0xFB, 0x5D, 0xCF, 0xE0, 0x70, 0xEB, 0x7F, 0xED, 0xEF, 0x7E, 0x85,
    0x3F, 0xFF, 0xFF, 0xAF, 0xFF, 0xBD, 0xFE, 0xF3, 0xFF, 0xFF, 0xFF, 0xE3, 0x7F, 0xDF, 0xFF, 0x37,
    0x5F, 0x58, 0x40, 0xF4, 0xF7, 0xFF, 0xFB, 0x4C, 0x0C, 0x0C, 0x0C, 0xBF, 0xFF, 0xCB, 0x32, 0x80,
    0x29, 0x16, 0x08, 0xC5, 0x44, 0x09, 0x05, 0x00, 0xDA, 0xDF, 0x2B, 0xD8, 0x78, 0x9C, 0x63, 0x10,
    0xD8, 0xFE, 0xEF, 0x7D, 0x36, 0x23, 0x03, 0xC3, 0xB7, 0xFF, 0x40, 0x30, 0x9F, 0x31, 0xE0, 0x3F,
    0x18, 0x70, 0x1D, 0xF8, 0xDF, 0xCF, 0xA4, 0x70, 0xEC, 0x3D, 0xE3, 0x87, 0xFF, 0x7C, 0x0C, 0x0C,
    0x0C, 0x26, 0x0C, 0x17, 0xFE, 0xF7, 0x03, 0x15, 0x31, 0x30, 0x00, 0xE5, 0xEF, 0x67, 0x31, 0x31,
    0x40, 0xD4, 0xBF, 0x97, 0x00, 0x32, 0xB6, 0x81, 0xD4, 0xB3, 0x01, 0x19, 0x06, 0xCB, 0xFE, 0xFD,
    0xD7, 0x07, 0xA9, 0x61, 0x98, 0xF0, 0xBF, 0x7F, 0x81, 0x24, 0x90, 0x76, 0xF8, 0xDF, 0xFF, 0xF5,
    0x7F, 0x96, 0x90, 0xC0, 0x95, 0xFF, 0xF1, 0x3F, 0x21, 0xE6, 0xF2, 0x38, 0xFC, 0x06, 0x51, 0xEB,
    0x19, 0x19, 0x14, 0x80, 0xF6, 0xF6, 0x30, 0x33, 0x00, 0x00, 0x4D, 0x29, 0x41, 0x9A, 0x78, 0x9C,
    0x63, 0x60, 0x10, 0xF8, 0x2F, 0xCF, 0x00, 0x06, 0x06, 0x30, 0x46, 0x00, 0x8C, 0x91, 0x00, 0x63,
    0x34, 0x40, 0x18, 0x17, 0xDE, 0xFD, 0x07, 0x03, 0xF6, 0x0F, 0xFF, 0xD1, 0x19, 0x0C, 0x0C, 0x1B,
    0x60, 0x8A, 0xC9, 0x63, 0x2C, 0xF8, 0xAF, 0x0F, 0xB3, 0xAB, 0x1F, 0xE6, 0x9E, 0xFF, 0xEA, 0x0C,
    0x49, 0x2C, 0x40, 0xD6, 0x6F, 0x90, 0x15, 0x5C, 0x40, 0xC6, 0x41, 0x10, 0x83, 0x0F, 0x24, 0xB9,
    0xED, 0xDF, 0xFB, 0x1E, 0x16, 0x00, 0xC4, 0x40, 0x3E, 0xDE, 0x78, 0x9C, 0xFB, 0xFD, 0x9F, 0x91,
    0x81, 0xE1, 0xC0, 0x7F, 0xFE, 0xDF, 0x14, 0xD2, 0xBF, 0xE0, 0x34, 0x33, 0x03, 0xC3, 0xA7, 0xFF,
    0xFC, 0x3F, 0xFE, 0xB3, 0x33, 0x08, 0xFC, 0xFD, 0xCF, 0xFF, 0xE5, 0x7F, 0x3C, 0xC3, 0x95, 0xFF,
    0xFF, 0xF9, 0x1F, 0xFC, 0x07, 0x82, 0xBE, 0xFF, 0xFC, 0x0E, 0x40, 0xEA, 0xBC, 0xD3, 0x7F, 0x7E,
    0x86, 0x45, 0xFF, 0xCE, 0xB1, 0x29, 0xFC, 0xE7, 0x07, 0x00, 0xEA, 0x5E, 0x42, 0x98, 0x78, 0x9C,
    0x1D, 0xCA, 0xC1, 0x0D, 0x82, 0x00, 0x10, 0x44, 0xD1, 0xC1, 0x48, 0x20, 0x46, 0x31, 0x74, 0x40,
    0x07, 0x50, 0x82, 0x1D, 0x50, 0x82, 0x9E, 0xBC, 0x5A, 0x8A, 0x96, 0x40, 0x07, 0x16, 0xE0, 0x01,
    0x3A, 0xB1, 0x05, 0xF5, 0xA0, 0x26, 0x42, 0x3E, 0xB3, 0x5E, 0x76, 0xFF, 0x66, 0xDF, 0x87, 0x54,
    0xD2, 0x81, 0xF6, 0xC9, 0xDA, 0x31, 0xB0, 0xE9, 0xA8, 0x1D, 0x2F, 0xB2, 0x86, 0xB3, 0xE3, 0x4B,
    0xA2, 0xE9, 0xEE, 0x98, 0xAE, 0xD2, 0x9B, 0xA5, 0x76, 0xB4, 0xD2, 0x83, 0x95, 0x3A, 0x0A, 0xE9,
    0xC2, 0xD6, 0x47, 0x26, 0x35, 0x9C, 0xFC, 0x4E, 0x0C, 0xC7, 0x5E, 0xBF, 0xDE, 0xDB, 0x67, 0x19,
    0x36, 0xF4, 0x31, 0x6C, 0xE8, 0x1B, 0x79, 0x44, 0x05, 0x2C, 0x22, 0x34, 0xF2, 0xB7, 0xA1, 0xF7,
    0x9E, 0x33, 0x50, 0x32, 0x36, 0x74, 0x78, 0x9C, 0x1D, 0x8D, 0xDD, 0x15, 0x81, 0x00, 0x00, 0x46,
    0xBF, 0xA3, 0x93, 0x23, 0x7F, 0xD9, 0x20, 0x1B, 0x64, 0x03, 0xDE, 0x3C, 0xB2, 0x41, 0x36, 0xF0,
    0xE2, 0x5D, 0x1B, 0x34, 0x82, 0x36, 0xC8, 0x06, 0x8D, 0x50, 0x1B, 0xB0, 0x81, 0x44, 0x2A, 0xE9,
    0x5C, 0x71, 0x1F, 0xEF, 0xC3, 0xBD, 0x0D, 0xFA, 0x43, 0x50, 0xD1, 0xD3, 0x61, 0xAD, 0x39, 0x5E,
    0x81, 0xA9, 0x4F, 0xA2, 0x2D, 0x6E, 0xCE, 0x40, 0x20, 0x1F, 0xFB, 0xCA, 0x68, 0x01, 0x46, 0xC8,
    0xF8, 0xCC, 0x74, 0x17, 0xD3, 0x4F, 0xB1, 0x3A, 0x1D, 0x9E, 0xDA, 0x61, 0x46, 0x7F, 0xCB, 0x32,
    0x3D, 0x36, 0x93, 0x1C, 0x63, 0xCE, 0xFE, 0xEE, 0x55, 0x4E, 0xC1, 0x2F, 0xF9, 0x74, 0x8B, 0x4D,
    0x79, 0x91, 0x3E, 0x51, 0x69, 0xE7, 0x41, 0x1D, 0x49, 0x75, 0xF2, 0x1E, 0x5F, 0xE3, 0xE6, 0x28,
    0xBD, 0x68, 0xAD, 0xF3, 0xAD, 0xDD, 0x48, 0x0F, 0x30, 0x7D, 0x70, 0xA4, 0x0C, 0x7A, 0x2B, 0x98,
    0x4A, 0x69, 0x77, 0x9D, 0xC1, 0x48, 0x5F, 0x8B, 0xD0, 0x56, 0xB4, 0x78, 0x9C, 0x35, 0x8C, 0xBD,
    0x09, 0xC2, 0x60, 0x18, 0x06, 0x4F, 0xF0, 0xA7, 0x10, 0xC4, 0xC2, 0x5A, 0x1C, 0xC1, 0x11, 0xB2,
    0x81, 0x2B, 0xB8, 0x91, 0x6E, 0x90, 0x09, 0x24, 0x6E, 0xE0, 0x0A, 0x59, 0x21, 0x60, 0x2F, 0x58,
    0x44, 0xA3, 0xE8, 0xF9, 0xBE, 0x1F, 0xF8, 0x34, 0x4F, 0x71, 0xC7, 0x1D, 0x3D, 0x00, 0x83, 0x53,
    0x3E, 0x8E, 0xD9, 0x7A, 0x81, 0xBB, 0x0B, 0x5A, 0xD7, 0xB0, 0xB7, 0xE6, 0xE1, 0x24, 0xF8, 0xDB,
    0x95, 0x4D, 0x3C, 0x9D, 0xA7, 0x24, 0x50, 0x69, 0xF8, 0xB9, 0x57, 0x58, 0xB9, 0xE5, 0xB7, 0xA4,
    0xE0, 0xFC, 0x47, 0xBD, 0xD7, 0x22, 0x6F, 0xAC, 0xAB, 0x0C, 0x97, 0xEA, 0xE0, 0x0C, 0x9E, 0x51,
    0x6D, 0xDD, 0x45, 0xA5, 0x49, 0x7C, 0x1B, 0x75, 0x45, 0xEC, 0x9D, 0xFF, 0x00, 0xC5, 0x25, 0x3B,
    0x2F, 0x78, 0x9C, 0x2D, 0x8E, 0xD1, 0x09, 0xC2, 0x40, 0x10, 0x44, 0x27, 0x82, 0x47, 0x40, 0x0C,
    0xE9, 0x44, 0x0B, 0x10, 0xB4, 0x93, 0xB3, 0x84, 0x94, 0x90, 0x12, 0xEC, 0x20, 0xE9, 0x40, 0xC1,
    0x7F, 0x53, 0x42, 0x2C, 0x25, 0x2A, 0x12, 0x25, 0x72, 0x93, 0xB9, 0x3D, 0xF7, 0x67, 0x1F, 0xBB,
    0x6F, 0x99, 0x1D, 0xB9, 0x04, 0x70, 0xA0, 0x1F, 0xB8, 0x12, 0xB4, 0x2C, 0x6A, 0x6E, 0x04, 0x03,
    0xF3, 0x92, 0x8D, 0xE0, 0xCD, 0x05, 0xBE, 0x14, 0x4C, 0x1D, 0xF0, 0xA4, 0x43, 0x49, 0x0F, 0x5C,
    0xB8, 0x46, 0xC5, 0x02, 0xD8, 0x72, 0x8F, 0x3B, 0x73, 0xED, 0x7F, 0x67, 0xBC, 0xE4, 0xC6, 0x0B,
    0x7C, 0xE4, 0x42, 0x73, 0x17, 0x7C, 0x84, 0x23, 0x77, 0xD1, 0x55, 0x85, 0xCE, 0x5C, 0x60, 0xA4,
    0xB9, 0xC0, 0x83, 0xBD, 0x75, 0x9C, 0xE8, 0x13, 0xB4, 0x7F, 0x57, 0xAB, 0xE4, 0x62, 0x4A, 0x6E,
    0x76, 0xB5, 0x8F, 0x94, 0x49, 0xC5, 0xAB, 0x2A, 0xB2, 0xCF, 0x22, 0xD4, 0xE1, 0xE6, 0xCC, 0x9C,
    0x01, 0x6A, 0xA6, 0x44, 0x58, 0x78, 0x9C, 0x9B, 0xF0, 0x1F, 0x0C, 0xF2, 0x27, 0xA0, 0xD2, 0x72,
    0x0C, 0x40, 0x10, 0xF0, 0xFF, 0x3D, 0x13, 0x88, 0xFE, 0xF2, 0xDF, 0x1E, 0x44, 0x19, 0xFC, 0xFF,
    0xCF, 0x0A, 0xA2, 0x1F, 0xFE, 0xCF, 0x07, 0x51, 0x02, 0x7F, 0xFF, 0x73, 0x80, 0xE8, 0x03, 0xFF,
    0xD7, 0x83, 0x28, 0x86, 0x5F, 0xFF, 0xB9, 0x41, 0xD4, 0x84, 0xFF, 0xF7, 0xC1, 0xDC, 0xEF, 0xE8,
    0x66, 0x80, 0xC1, 0xFE, 0x5F, 0x68, 0x34, 0x00, 0x2A, 0x4A, 0x41, 0xEA, 0x78, 0x9C, 0x63, 0x60,
    0x60, 0x68, 0x7C, 0xF3, 0xBF, 0x9E, 0x81, 0x41, 0xE0, 0xDF, 0x7F, 0x10, 0x35, 0xE1, 0x3F, 0x98,
    0xBA, 0xF0, 0xDF, 0x8F, 0x91, 0x81, 0x81, 0xE1, 0xC3, 0x7F, 0x56, 0x20, 0xC9, 0xF0, 0xE0, 0x3F,
    0x33, 0x12, 0x75, 0xE0, 0x3F, 0x0B, 0x88, 0xDA, 0x00, 0xA3, 0xC0, 0x4A, 0x16, 0xFC, 0x67, 0x83,
    0x28, 0x01, 0xF1, 0x92, 0xFE, 0xFE, 0x67, 0x62, 0x60, 0xF8, 0x02, 0x36, 0x09, 0x48, 0x9D, 0x67,
    0x66, 0x80, 0xF3, 0x40, 0x72, 0x8C, 0x08, 0x95, 0x30, 0x7D, 0x0B, 0x20, 0x3C, 0xA8, 0x99, 0x50,
    0x1B, 0x50, 0xAD, 0x85, 0xBA, 0x05, 0xEA, 0x32, 0xA8, 0x3B, 0xA1, 0xAE, 0x06, 0xFB, 0x01, 0x00,
    0x50, 0x54, 0x44, 0x6D, 0x78, 0x9C, 0xFB, 0x33, 0xFF, 0x0F, 0x85, 0x10, 0x00, 0xF5, 0x73, 0x34,
    0xFC, 0x78, 0x9C, 0xFB, 0xF5, 0x7F, 0x1F, 0x1B, 0x03, 0x03, 0xC3, 0xAF, 0xFF, 0xFF, 0xCF, 0x43,
    0xA8, 0xFF, 0x20, 0xAE, 0xC0, 0xB7, 0xFF, 0x5C, 0x40, 0x8A, 0xA1, 0xE1, 0x3F, 0x37, 0x88, 0x4A,
    0x80, 0x51, 0x60, 0xC1, 0x82, 0xFF, 0x9C, 0x10, 0x8A, 0x03, 0xA2, 0x84, 0x1D, 0x89, 0x2A, 0x80,
    0xA8, 0x74, 0xF8, 0xBF, 0x5F, 0x94, 0x01, 0x62, 0x9E, 0x3C, 0x90, 0x0A, 0xF8, 0x0B, 0xA6, 0x20,
    0x3C, 0xA8, 0x1C, 0x54, 0x25, 0xBA, 0x76, 0x0E, 0x24, 0x1B, 0xA0, 0xF6, 0x25, 0xC0, 0x54, 0x72,
    0xC3, 0x5D, 0x06, 0x75, 0x27, 0xDC, 0xD5, 0x60, 0x3F, 0x00, 0x00, 0xA4, 0x9F, 0x3D, 0x84, 0x78,
    0x9C, 0x63, 0x60, 0x80, 0x82, 0x89, 0xFF, 0xA4, 0x18, 0x18, 0x0E, 0x48, 0x08, 0xFC, 0xFB, 0xFF,
    0x9E, 0x85, 0xE1, 0x4B, 0xFF, 0x81, 0xFF, 0xFF, 0xFF, 0xD7, 0x1B, 0xFE, 0x93, 0xFF, 0x72, 0x5E,
    0xE8, 0x17, 0x90, 0xC9, 0xF1, 0x5B, 0x9E, 0xA1, 0xE0, 0xFF, 0xFF, 0xF3, 0x0C, 0x8B, 0xB8, 0x18,
    0x18, 0x36, 0xBF, 0xE7, 0x80, 0xE9, 0x62, 0x00, 0x00, 0x39, 0x9D, 0x19, 0x10, 0x78, 0x9C, 0x03,
    0x00, 0x00, 0x00, 0x00, 0x01, 0x78, 0x9C, 0x9B, 0xF0, 0x8E, 0xFD, 0xE7, 0xFF, 0xF8, 0x7F, 0xFF,
    0xD7, 0x03, 0x11, 0x90, 0x31, 0xE1, 0x1D, 0x3B, 0x03, 0x0C, 0x24, 0xFC, 0x67, 0x4A, 0xF8, 0xCF,
    0x5C, 0xF0, 0x9F, 0xA5, 0xE1, 0x3F, 0xEB, 0x84, 0xFF, 0x6C, 0x0B, 0xFE, 0xB3, 0x6F, 0x00, 0x21,
    0x8E, 0x03, 0xFF, 0x39, 0x2F, 0xFC, 0xE7, 0x7A, 0xF0, 0x9F, 0x1B, 0x88, 0x3E, 0x80, 0x10, 0x0F,
    0x00, 0xFF, 0xC0, 0x24, 0xDD, 0x78, 0x9C, 0x63, 0x60, 0x60, 0xD8, 0xD0, 0xCF, 0x00, 0x02, 0x28,
    0x54, 0xE3, 0x9F, 0xFF, 0xBD, 0x8C, 0x0C, 0x05, 0xFF, 0x81, 0xC0, 0x9F, 0xE1, 0x07, 0x88, 0xB2,
    0x0F, 0xF8, 0xFF, 0x7F, 0x5B, 0xFF, 0x15, 0xB6, 0x0B, 0xFF, 0xFD, 0x41, 0x4A, 0x3E, 0xFF, 0xE7,
    0x02, 0x51, 0xDF, 0xFE, 0xB3, 0x82, 0xA8, 0x1F, 0xFF, 0x99, 0x91, 0xA8, 0xEF, 0x10, 0x41, 0xA8,
    0x92, 0x07, 0x60, 0x0D, 0x4C, 0x05, 0x20, 0xED, 0x47, 0xE4, 0x18, 0x7E, 0x83, 0x0C, 0x5B, 0xCF,
    0x30, 0x01, 0x44, 0xE5, 0x33, 0x30, 0x4C, 0xFA, 0xFB, 0xBF, 0x86, 0x11, 0xDD, 0x76, 0x30, 0x05,
    0x00, 0xEF, 0xCF, 0x45, 0x48, 0x78, 0x9C, 0x63, 0x60, 0x60, 0xD8, 0xF6, 0xEF, 0xBE, 0x25, 0x03,
    0x03, 0xC3, 0x93, 0xFF, 0x40, 0xC0, 0xC9, 0xE0, 0x00, 0xA2, 0xFE, 0xF7, 0x33, 0x5C, 0xF8, 0xBF,
    0x5F, 0xD8, 0xE0, 0x17, 0x37, 0xC3, 0xE7, 0xFF, 0x5C, 0x0C, 0x0C, 0x0E, 0x0C, 0x0C, 0x5F, 0xFF,
    0xB3, 0x30, 0x80, 0x00, 0x8C, 0xFE, 0xF4, 0x9F, 0x0D, 0x4C, 0x1F, 0xF8, 0xCF, 0x0D, 0xA2, 0xAE,
    0xFF, 0x03, 0x69, 0xE3, 0x65, 0xF8, 0xF9, 0x1F, 0x95, 0x66, 0x60, 0xF8, 0xBD, 0x1E, 0xAC, 0x8E,
    0xE1, 0x17, 0x94, 0xFE, 0x33, 0x1F, 0x4C, 0x09, 0xFC, 0x8F, 0x07, 0xD3, 0x13, 0xFE, 0xF3, 0x80,
    0xE9, 0xEF, 0xF7, 0x19, 0x41, 0xD4, 0x26, 0xB0, 0xBE, 0xFF, 0xF7, 0x7F, 0xA2, 0xD1, 0x00, 0xD8,
    0x78, 0x4E, 0x20, 0x78, 0x9C, 0x13, 0x90, 0x66, 0x00, 0x81, 0xC5, 0x0C, 0x17, 0xEF, 0x33, 0x02,
    0x69, 0x85, 0x7F, 0xDC, 0x8F, 0xFE, 0xCB, 0x5C, 0xFF, 0x9F, 0xF3, 0xE8, 0x3F, 0x8F, 0xC2, 0x7F,
    0x30, 0x00, 0x8A, 0x7F, 0x01, 0x33, 0xE4, 0x18, 0x18, 0x3E, 0xFC, 0x8F, 0x13, 0xF8, 0xFE, 0x9F,
    0x97, 0x81, 0xE1, 0xFB, 0x7F, 0x16, 0x86, 0x82, 0xFF, 0xFE, 0x0C, 0x0C, 0xBF, 0xCF, 0x03, 0x75,
    0xFD, 0xEF, 0x67, 0x60, 0xF8, 0x3B, 0x1F, 0xC8, 0xF8, 0xBB, 0x1E, 0xCA, 0xF8, 0xB3, 0x1E, 0x49,
    0x0A, 0xA2, 0xD8, 0x9E, 0x81, 0xE1, 0x01, 0x58, 0x3B, 0x0F, 0x03, 0xC3, 0x67, 0xB0, 0x81, 0xB2,
    0x40, 0xEB, 0xA0, 0x56, 0x00, 0x2D, 0xBD, 0x01, 0xB6, 0x14, 0xEE, 0x0C, 0x01, 0x98, 0xC3, 0x00,
    0xFD, 0xBD, 0x4B, 0x03, 0x78, 0x9C, 0x8D, 0xCB, 0xB1, 0x0D, 0xC2, 0x30, 0x10, 0x46, 0xE1, 0x3F,
    0x12, 0x85, 0x23, 0x81, 0x14, 0xF7, 0x48, 0x64, 0x83, 0x30, 0x02, 0x1B, 0xB1, 0x02, 0x1B, 0xA4,
    0xA4, 0xCD, 0x08, 0x6C, 0x80, 0x27, 0xB2, 0x49, 0x24, 0x28, 0x5C, 0xF8, 0xE5, 0x12, 0xA4, 0xD4,
    0xB9, 0xE6, 0x3E, 0xE9, 0xDE, 0x7D, 0x71, 0x92, 0x06, 0xBA, 0xC0, 0xC5, 0x30, 0xE1, 0xAE, 0xF4,
    0x86, 0x9C, 0x2A, 0x65, 0x2A, 0xB5, 0xDC, 0xA5, 0xD1, 0xA2, 0x81, 0x93, 0xF4, 0xB0, 0x68, 0xE2,
    0x60, 0xF7, 0xD2, 0x2B, 0xBF, 0x6D, 0xEB, 0x97, 0x5A, 0xBA, 0x05, 0x81, 0x27, 0xF5, 0x82, 0x1B,
    0xC5, 0x9E, 0xF5, 0x8A, 0x11, 0x88, 0xD1, 0x05, 0xFE, 0x53, 0x6F, 0x68, 0xBC, 0x1F, 0x39, 0x7B,
    0x6F, 0x95, 0x3E, 0x1C, 0xB5, 0xC6, 0x85, 0xB4, 0x33, 0xDE, 0x30, 0x03, 0xEC, 0x6E, 0x5B, 0x91,
    0x78, 0x9C, 0xFB, 0x33, 0xFF, 0x0F, 0x4E, 0xD8, 0xE6, 0xC1, 0x00, 0x06, 0x6D, 0x1E, 0xB8, 0xD5,
    0xFC, 0x99, 0x0F, 0x00, 0x1D, 0xC8, 0x2E, 0x91, 0x78, 0x9C, 0x25, 0x8E, 0x3B, 0x0E, 0x01, 0x61,
    0x14, 0x46, 0xBF, 0x89, 0x09, 0x41, 0x98, 0x9A, 0xC6, 0xB4, 0x0A, 0xC9, 0xAC, 0x40, 0x2C, 0x44,
    0xC2, 0x12, 0xD8, 0x80, 0xC7, 0x0E, 0xEC, 0xC0, 0x0E, 0xC4, 0x12, 0x44, 0xA5, 0x1B, 0x8D, 0x5A,
    0x21, 0x6A, 0x32, 0x26, 0xC8, 0x78, 0x1C, 0xF7, 0x1F, 0xB7, 0x39, 0xC5, 0xFD, 0x5E, 0xD2, 0xFC,
    0x73, 0x6C, 0x4B, 0x0A, 0xBF, 0x40, 0x53, 0xDA, 0x1B, 0x18, 0x48, 0x29, 0x8D, 0xE8, 0x55, 0x96,
    0x1E, 0x48, 0x3D, 0xFB, 0xDF, 0xF1, 0xE5, 0x2E, 0x61, 0x9A, 0x73, 0x0D, 0x13, 0xCF, 0xF8, 0x34,
    0xF9, 0x44, 0x1A, 0x31, 0x7D, 0x41, 0x47, 0x57, 0xFC, 0x28, 0xE3, 0xE2, 0xDD, 0xCC, 0x16, 0xBE,
    0x29, 0xA7, 0x78, 0x4E, 0x1B, 0x24, 0x54, 0xA4, 0x88, 0xD6, 0x86, 0xB8, 0xA0, 0x90, 0xC0, 0xEA,
    0x62, 0x7F, 0x46, 0x55, 0x5B, 0x88, 0x33, 0x0A, 0xD2, 0xD9, 0x82, 0xBA, 0x2E, 0xF9, 0x00, 0xA5,
    0xBC, 0xE2, 0x4E, 0x3D, 0xE7, 0x88, 0x40, 0x1A, 0x4B, 0x43, 0x63, 0xF8, 0xE9, 0x7B, 0x27, 0x6A,
    0x5A, 0xB8, 0x99, 0x14, 0xFF, 0xFD, 0x4B, 0xB7, 0x7F, 0xF7, 0x5D, 0xD9, 0xC2, 0x1F, 0x23, 0xFA,
    0x5C, 0xDB, 0x78, 0x9C, 0xDB, 0xB8, 0x9E, 0x41, 0xE1, 0x0F, 0xE7, 0xCF, 0xFF, 0xEC, 0x1B, 0xFE,
    0xC7, 0xFF, 0xFE, 0xCF, 0x75, 0xE1, 0x7F, 0xFF, 0x8F, 0xFF, 0xEC, 0x0B, 0xFE, 0xC7, 0x6F, 0x04,
    0x8B, 0x03, 0x00, 0x14, 0x73, 0x11, 0x76, 0x78, 0x9C, 0x3D, 0x8F, 0xBB, 0x11, 0x82, 0x40, 0x14,
    0x45, 0x2F, 0x38, 0x22, 0x22, 0xC8, 0xA6, 0x6A, 0x20, 0x25, 0x90, 0x9A, 0x59, 0x82, 0x1D, 0x58,
    0x01, 0x83, 0x1D, 0x58, 0x02, 0xDB, 0x81, 0x89, 0xC6, 0x52, 0x83, 0x16, 0x20, 0x1D, 0x2C, 0x46,
    0x9A, 0xB1, 0x03, 0x24, 0xF2, 0xF1, 0xB9, 0xAB, 0x33, 0xDE, 0xE8, 0xBC, 0xFF, 0x7D, 0x00, 0x4E,
    0xBD, 0x58, 0x41, 0xEB, 0x4A, 0x4A, 0x0B, 0x05, 0x6B, 0x8A, 0xCC, 0xE0, 0x51, 0x98, 0x40, 0x99,
    0xE8, 0x42, 0xE3, 0x01, 0x9D, 0xAD, 0x29, 0x4D, 0x10, 0x0A, 0x6C, 0x3A, 0x31, 0x64, 0x64, 0xF0,
    0x2D, 0x1A, 0xA2, 0x18, 0x2F, 0x2B, 0xF3, 0x77, 0xA4, 0xA9, 0x72, 0xA4, 0x9B, 0xD3, 0x2C, 0xB4,
    0x21, 0xBD, 0x72, 0x52, 0xDD, 0xF4, 0x48, 0xEE, 0x97, 0x4E, 0x7D, 0xD0, 0x94, 0xF9, 0xFF, 0xDC,
    0x54, 0x7A, 0x92, 0x2C, 0x36, 0x52, 0x7D, 0xD9, 0x92, 0x53, 0xD1, 0xC5, 0xA8, 0x1D, 0x1E, 0xA3,
    0x27, 0x3A, 0xAB, 0x7D, 0xEA, 0x06, 0x27, 0xB2, 0x59, 0x01, 0xB4, 0x63, 0x04, 0x03, 0xA4, 0x7B,
    0xE0, 0xAE, 0xBD, 0xB0, 0xD6, 0x05, 0xC2, 0x77, 0x64, 0x86, 0x4F, 0x61, 0xA8, 0xF8, 0xA2, 0x3D,
    0xCF, 0xBF, 0xF6, 0x8F, 0xBF, 0x3F, 0x3E, 0x0E, 0xC9, 0x52, 0x7F, 0x78, 0x9C, 0x63, 0x58, 0xF2,
    0x6F, 0x1D, 0xD3, 0xA1, 0xFF, 0xFF, 0xFF, 0xEB, 0x7F, 0x06, 0x12, 0xEB, 0x37, 0x74, 0x9D, 0xFA,
    0xF7, 0x3E, 0xE0, 0x1F, 0x90, 0xF9, 0xF5, 0xBC, 0xD9, 0xC1, 0xFF, 0x7F, 0x78, 0x19, 0x0E, 0xFC,
    0xFF, 0x67, 0xA7, 0xF0, 0xF3, 0xFF, 0x6F, 0xA0, 0xD0, 0xFF, 0x2F, 0xFF, 0xFF, 0xE7, 0xFC, 0x77,
    0xF8, 0x53, 0xCB, 0xC0, 0x00, 0x00, 0x6E, 0xCD, 0x27, 0xFF, 0x78, 0x9C, 0x63, 0x60, 0x38, 0xC4,
    0xC4, 0xC0, 0x70, 0x90, 0x99, 0xC1, 0xE0, 0x1F, 0x2F, 0x83, 0xC0, 0x5F, 0x79, 0x86, 0xCF, 0xFF,
    0x59, 0x19, 0x1E, 0xFD, 0xE7, 0x70, 0xF8, 0x3F, 0x9F, 0x41, 0xE1, 0xDF, 0x7E, 0x86, 0x2F, 0xFF,
    0x79, 0x80, 0x5C, 0x39, 0x86, 0x7F, 0xEF, 0x19, 0x19, 0xFE, 0xFC, 0x67, 0x66, 0xF8, 0xE7, 0xCF,
    0xC0, 0xF0, 0xA7, 0x9E, 0x01, 0x41, 0x43, 0xC5, 0x61, 0xEA, 0x60, 0xFA, 0xA0, 0xE6, 0xB0, 0xC3,
    0xCD, 0x85, 0xDA, 0x03, 0x00, 0xE4, 0x6A, 0x2C, 0x78, 0x78, 0x9C, 0xFB, 0xF6, 0x1F, 0x0C, 0xEC,
    0xBF, 0xA1, 0xD1, 0x0C, 0x60, 0xF0, 0x8B, 0x44, 0xDA, 0x88, 0x19, 0x00, 0xA7, 0x67, 0x1D, 0x19,
    0x78, 0x9C, 0xFB, 0xF6, 0x1F, 0x0C, 0xEC, 0xBF, 0xA1, 0xD1, 0x00, 0x15, 0x0B, 0x15, 0x8E, 0x78,
    0x9C, 0x63, 0x50, 0xB8, 0xF9, 0xBF, 0x86, 0x91, 0x81, 0xE1, 0x9B, 0xA5, 0xC0, 0x11, 0x3B, 0x86,
    0x80, 0x7C, 0x45, 0x21, 0x86, 0x5F, 0x4C, 0x0F, 0xB8, 0x7E, 0xFD, 0xD7, 0x7D, 0xC0, 0xF5, 0x85,
    0xE5, 0x97, 0xC3, 0xFA, 0x06, 0xF9, 0xEF, 0x8C, 0xBF, 0x1C, 0xFA, 0x03, 0xEC, 0x81, 0xD4, 0x7F,
    0xEE, 0x00, 0xFB, 0x2F, 0xCC, 0xBF, 0x26, 0xC8, 0x37, 0xC8, 0x03, 0x95, 0x08, 0xAC, 0x7F, 0xC0,
    0x1D, 0x10, 0xCF, 0xC0, 0xC0, 0xF0, 0x93, 0x09, 0xA8, 0x9D, 0x01, 0xA8, 0x9D, 0x01, 0x62, 0x18,
    0x00, 0xC9, 0x0A, 0x22, 0x17, 0x78, 0x9C, 0xFB, 0xFD, 0xFF, 0xFF, 0xFF, 0xFE, 0xDF, 0x70, 0x02,
    0x00, 0x6F, 0x3F, 0x0D, 0x96, 0x78, 0x9C, 0x63, 0x38, 0xF2, 0xDF, 0x9A, 0x21, 0xE0, 0xFF, 0xFF,
    0xFF, 0x2C, 0x1F, 0xF3, 0x05, 0x7F, 0xF0, 0x7D, 0xE3, 0x62, 0xB8, 0xE0, 0xFF, 0x03, 0x48, 0xC4,
    0x7F, 0x03, 0x72, 0xFD, 0x3F, 0x02, 0x25, 0xF8, 0x12, 0x40, 0xB2, 0x0C, 0x20, 0x75, 0x00, 0x20,
    0x53, 0x18, 0x2F, 0x78, 0x9C, 0x63, 0x60, 0x60, 0xF8, 0x11, 0xCF, 0x00, 0x06, 0x44, 0xD1, 0xDF,
    0xFE, 0x83, 0x81, 0x3D, 0x3A, 0x4D, 0xAC, 0x7E, 0x74, 0x80, 0xCB, 0x3C, 0x00, 0x88, 0xDE, 0x39,
    0xD8, 0x78, 0x9C, 0x63, 0x68, 0xFC, 0xBB, 0x8E, 0x99, 0xC1, 0xE0, 0xDF, 0xFF, 0xFF, 0xF1, 0x0C,
    0x0F, 0xFF, 0xFF, 0xFF, 0xFF, 0x9E, 0xE1, 0x71, 0xBD, 0xE0, 0xB7, 0xFF, 0xCC, 0x0A, 0xAC, 0x0C,
    0x13, 0xFE, 0xB3, 0x30, 0x30, 0x30, 0x34, 0xFC, 0x67, 0x02, 0x92, 0x17, 0xD6, 0x03, 0x09, 0x86,
    0x5F, 0x72, 0x40, 0x62, 0xC3, 0x7F, 0x66, 0x06, 0x06, 0x85, 0xBF, 0xF6, 0x40, 0xE6, 0x93, 0xF7,
    0xCC, 0x20, 0x05, 0x40, 0xC0, 0xF7, 0x00, 0x4C, 0x5E, 0x00, 0x93, 0x00, 0x17, 0x8A, 0x26, 0xF5,
    0x78, 0x9C, 0x63, 0x48, 0xF8, 0xB3, 0x9F, 0x85, 0x81, 0xE1, 0xF7, 0xFF, 0xFF, 0xF5, 0x0C, 0x0B,
    0xFE, 0x03, 0x01, 0x53, 0xC2, 0x7A, 0xA6, 0xC3, 0xFF, 0xD9, 0x18, 0x98, 0x18, 0x0A, 0xFE, 0x03,
    0x25, 0x04, 0x9E, 0x9E, 0x67, 0x60, 0x60, 0xF8, 0xF3, 0x5F, 0x0A, 0x4C, 0xE6, 0x01, 0x49, 0x81,
    0x23, 0xFF, 0x59, 0x41, 0xD4, 0x7F, 0x1E, 0x03, 0x36, 0x06, 0x86, 0xFF, 0x7C, 0x5F, 0xE6, 0x33,
    0x2D, 0xFA, 0xCF, 0xF3, 0x10, 0xA4, 0x97, 0x4D, 0xE1, 0xEF, 0xFF, 0xFF, 0xEB, 0x19, 0x18, 0x0A,
    0xFF, 0xEE, 0x67, 0x65, 0x00, 0x00, 0xDF, 0xA4, 0x27, 0x1D, 0x78, 0x9C, 0x63, 0x60, 0xD8, 0xC8,
    0xC8, 0xC0, 0xC0, 0xF0, 0x47, 0x96, 0x81, 0x61, 0xC2, 0xFF, 0xF3, 0x0C, 0x0C, 0xDF, 0xFE, 0xDB,
    0x31, 0x18, 0xFC, 0x7F, 0xCF, 0xCC, 0xF0, 0xF0, 0xBF, 0x1E, 0x03, 0xC3, 0xC3, 0xFB, 0x4C, 0x0C,
    0x0C, 0x0A, 0xD2, 0x40, 0x05, 0x00, 0x0A, 0xF6, 0x0C, 0x89, 0x78, 0x9C, 0xFB, 0xF9, 0x9F, 0x99,
    0x81, 0xE1, 0xC3, 0x7F, 0x5E, 0x86, 0x9F, 0xB8, 0x18, 0x3C, 0x18, 0x0C, 0x6E, 0x0C, 0x06, 0x17,
    0x56, 0x06, 0x2B, 0x03, 0xC3, 0x17, 0x30, 0x83, 0x93, 0x41, 0xE0, 0x2F, 0x98, 0x51, 0x2F, 0x78,
    0xF5, 0x3F, 0x58, 0x17, 0x10, 0xD4, 0xFD, 0x7F, 0xCF, 0x02, 0x66, 0x88, 0xFC, 0xFF, 0xCF, 0xF1,
    0xF3, 0xFF, 0x91, 0xF7, 0x5A, 0x0C, 0x4F, 0xFF, 0x73, 0xFD, 0xFC, 0xCF, 0x00, 0x02, 0x82, 0x0C,
    0x50, 0x06, 0x03, 0x32, 0x83, 0x11, 0xC6, 0x60, 0xC2, 0x60, 0x30, 0x43, 0x18, 0x00, 0xE2, 0x46,
    0x57, 0x27, 0x78, 0x9C, 0x63, 0x60, 0x68, 0x7A, 0xF3, 0x5F, 0xF8, 0xFF, 0x7E, 0x86, 0x86, 0xFF,
    0xFF, 0xC1, 0xF4, 0x4F, 0x08, 0x6D, 0xF0, 0x1F, 0x42, 0x4F, 0x80, 0xD2, 0x17, 0xA0, 0xF4, 0x07,
    0x34, 0xFA, 0x01, 0x94, 0xDE, 0x00, 0xA5, 0x03, 0xA0, 0x34, 0xC3, 0x1F, 0x28, 0x7D, 0x11, 0x4A,
    0x33, 0xFC, 0x80, 0xD2, 0x0C, 0x25, 0x33, 0x04, 0xC1, 0x34, 0x03, 0x83, 0x00, 0xE5, 0x34, 0x00,
    0x24, 0x9F, 0x66, 0x55, 0x78, 0x9C, 0x13, 0x78, 0xD5, 0xC7, 0x70, 0xE0, 0xFF, 0x7F, 0x8E, 0xCF,
    0xFF, 0xFF, 0xF3, 0x7F, 0xFD, 0xFF, 0x5F, 0x1F, 0x44, 0x83, 0xF8, 0x02, 0x40, 0x71, 0x00, 0x07,
    0xF7, 0x11, 0xBF, 0x78, 0x9C, 0x63, 0xF8, 0xCA, 0xC7, 0xC0, 0xF0, 0x97, 0x83, 0x21, 0xE0, 0x7F,
    0x1F, 0x03, 0xC3, 0xE2, 0xFF, 0xEC, 0x0C, 0x02, 0xFF, 0xB9, 0x05, 0xB6, 0xFC, 0xE7, 0xFC, 0xFE,
    0xFF, 0x3E, 0xE3, 0x97, 0xB5, 0xAC, 0x0C, 0x00, 0xC0, 0x0E, 0x0C, 0xF1, 0x78, 0x9C, 0x63, 0x30,
    0xF8, 0xD9, 0xCF, 0xC0, 0xB0, 0xE0, 0xDF, 0x7F, 0x20, 0x79, 0xE1, 0x3F, 0x88, 0x64, 0x60, 0xF8,
    0x4A, 0x24, 0xF9, 0xED, 0x3F, 0x10, 0xC8, 0x23, 0x93, 0x00, 0x76, 0xFA, 0x22, 0x11, 0x78, 0x9C,
    0x63, 0x28, 0xF8, 0xB3, 0x9F, 0x95, 0x81, 0xE1, 0xCF, 0xFF, 0xFF, 0xEB, 0x19, 0x16, 0xFC, 0x07,
    0x02, 0xF6, 0x4F, 0xFF, 0xC5, 0x1A, 0xFF, 0xF3, 0x7D, 0x9B, 0x0F, 0x14, 0xD4, 0xFF, 0x9E, 0xCF,
    0xC0, 0xF0, 0xCB, 0x1F, 0xC2, 0x86, 0x88, 0x43, 0xD4, 0x08, 0x80, 0xD5, 0x33, 0x14, 0xFC, 0x39,
    0xCF, 0xCA, 0x00, 0x00, 0xCF, 0x12, 0x24, 0x72, 0x78, 0x9C, 0x0B, 0xE0, 0x66, 0x60, 0x30, 0x90,
    0x61, 0x60, 0xF8, 0x7C, 0x9E, 0x81, 0xE1, 0xE3, 0x7D, 0x46, 0x86, 0x05, 0xFF, 0x65, 0x18, 0x1A,
    0xFE, 0xEB, 0x32, 0x30, 0xFC, 0x3D, 0xCF, 0xC8, 0xF0, 0xFB, 0x3D, 0x13, 0xC3, 0xA7, 0xFF, 0xB2,
    0x0C, 0x0F, 0xFF, 0xEB, 0x31, 0x24, 0xFC, 0x9F, 0xCF, 0x60, 0xF0, 0x7F, 0x3F, 0x03, 0xC3, 0xCF,
    0xF9, 0x0C, 0x0C, 0xDF, 0xCF, 0xC3, 0xE9, 0x00, 0xA8, 0x38, 0x4C, 0x1D, 0x54, 0x1F, 0xC8, 0x9C,
    0x02, 0xA0, 0x39, 0x30, 0x73, 0x03, 0xA0, 0xF6, 0x00, 0x00, 0x08, 0x56, 0x2D, 0x61, 0x78, 0x9C,
    0x63, 0x50, 0xF8, 0xD1, 0xCF, 0x00, 0x04, 0x6D, 0x0C, 0x0C, 0xFF, 0xFE, 0x83, 0x58, 0x06, 0xFF,
    0x39, 0x19, 0xFE, 0x83, 0x59, 0x0F, 0xFF, 0x73, 0x30, 0x30, 0x7C, 0x05, 0xB1, 0xFE, 0xD4, 0x33,
    0x40, 0x58, 0x0B, 0xFE, 0xB3, 0x43, 0x59, 0xDF, 0x41, 0x42, 0x20, 0x96, 0xC1, 0x7F, 0x36, 0x28,
    0x8B, 0x21, 0x9D, 0x01, 0xC6, 0x62, 0x40, 0x63, 0x81, 0xC0, 0x05, 0x76, 0x18, 0xEB, 0x3B, 0x1F,
    0x98, 0x8A, 0x04, 0x5A, 0x09, 0x16, 0x9B, 0xF0, 0x9E, 0x21, 0xE1, 0x3F, 0x23, 0x88, 0xF5, 0xCB,
    0x9F, 0xE1, 0x42, 0xFF, 0x83, 0xF9, 0x10, 0x8B, 0xBE, 0xCA, 0x83, 0x58, 0xBF, 0xD6, 0x03, 0xED,
    0xE7, 0x04, 0xB2, 0x36, 0xFC, 0xE7, 0x61, 0x50, 0xF8, 0x0F, 0x04, 0xFE, 0x07, 0xDE, 0x33, 0x02,
    0xAD, 0x05, 0xB1, 0x18, 0xAC, 0xC0, 0x26, 0x81, 0xD4, 0x31, 0xC0, 0x58, 0x00, 0x19, 0x29, 0x3D,
    0x65, 0x78, 0x9C, 0x5D, 0xCE, 0xBB, 0x0D, 0xC2, 0x50, 0x0C, 0x85, 0xE1, 0x3F, 0x02, 0x11, 0x22,
    0x65, 0x00, 0x4A, 0x46, 0x48, 0xCD, 0x12, 0xD4, 0x4C, 0x40, 0xCB, 0x06, 0x74, 0xB4, 0x30, 0x02,
    0x1B, 0xC0, 0x06, 0x04, 0x36, 0x60, 0x02, 0x44, 0x2A, 0xBA, 0x54, 0x28, 0xE8, 0x0A, 0x38, 0xD8,
    0xC9, 0x4D, 0x83, 0x1B, 0x7F, 0x3A, 0x92, 0x1F, 0x4C, 0x5F, 0x5B, 0xAC, 0x36, 0xF0, 0x95, 0xAB,
    0x50, 0x86, 0x5A, 0xDD, 0x35, 0x86, 0xA7, 0xEB, 0xBD, 0xA6, 0xD3, 0x5E, 0x69, 0x54, 0xE3, 0x91,
    0xAB, 0xD0, 0x28, 0x8A, 0x25, 0xBD, 0xF8, 0x93, 0xD7, 0xE3, 0x96, 0x76, 0x28, 0xA5, 0x93, 0xF7,
    0x05, 0x41, 0xD2, 0x00, 0x76, 0x35, 0xD5, 0xE4, 0xAC, 0x21, 0x84, 0xB9, 0xE5, 0x2B, 0x25, 0xF1,
    0xD0, 0xD5, 0x8E, 0x84, 0x83, 0x3F, 0xF5, 0xC9, 0x38, 0x2A, 0x37, 0x35, 0xB6, 0xB3, 0xAC, 0x13,
    0xB8, 0xD8, 0x6C, 0xCE, 0xCC, 0xA3, 0x56, 0xF4, 0xFA, 0x01, 0x9D, 0xE6, 0x42, 0x95, 0x78, 0x9C,
    0x45, 0xCD, 0xC1, 0x09, 0xC2, 0x40, 0x10, 0x85, 0xE1, 0x3F, 0x7A, 0x88, 0x0A, 0x46, 0x1B, 0x50,
    0x63, 0x01, 0x4A, 0x2A, 0x90, 0x74, 0x90, 0xDC, 0x05, 0xB5, 0x00, 0x41, 0x4B, 0xB0, 0x01, 0xB1,
    0x04, 0x31, 0x58, 0x80, 0x1D, 0x58, 0x82, 0xB1, 0x02, 0x03, 0x16, 0xE0, 0x41, 0x82, 0x10, 0x64,
    0xC7, 0xC9, 0x86, 0xE0, 0xBB, 0xCC, 0xB7, 0xB3, 0xB3, 0xB3, 0x24, 0x66, 0x8D, 0x4D, 0x2C, 0x22,
    0xAE, 0xD6, 0x4B, 0x63, 0xA7, 0xF2, 0x54, 0xC5, 0x8C, 0xB9, 0x6F, 0x7A, 0xB0, 0x95, 0x29, 0x84,
    0xD2, 0x81, 0xFC, 0xD5, 0xA0, 0x2F, 0x57, 0x07, 0x5F, 0x26, 0xA8, 0xA4, 0xCD, 0xFD, 0xE1, 0x10,
    0x2F, 0xC6, 0x45, 0x44, 0x31, 0x80, 0x4C, 0xDF, 0x6E, 0x38, 0x39, 0xB0, 0x52, 0x75, 0xAB, 0xD5,
    0x89, 0xD9, 0x3B, 0xFC, 0x93, 0xBA, 0xB5, 0x3E, 0x5E, 0x75, 0x0F, 0xC6, 0xF6, 0x7C, 0xD3, 0x5A,
    0x89, 0x1D, 0x7D, 0xDE, 0x48, 0x0F, 0xD9, 0x11, 0x02, 0x33, 0x24, 0x1F, 0x95, 0x7A, 0x4B, 0x93,
    0x6F, 0x5B, 0x15, 0xC8, 0x52, 0xFF, 0xD7, 0x44, 0xA1, 0xB4, 0xF4, 0x54, 0x8A, 0xB3, 0xDD, 0x54,
    0xCE, 0x51, 0xEB, 0x07, 0xE7, 0x55, 0x48, 0x10, 0x78, 0x9C, 0x63, 0x60, 0x70, 0xF8, 0xAB, 0xCD,
    0x00, 0x04, 0x9F, 0xFE, 0xDF, 0x07, 0x51, 0xDF, 0xFE, 0xFF, 0x67, 0x42, 0x50, 0x50, 0x41, 0xA8,
    0x12, 0xAC, 0x40, 0xE0, 0xBF, 0x3D, 0x58, 0x09, 0x84, 0xBA, 0xF0, 0x9F, 0x07, 0x44, 0xFD, 0xFA,
    0xCF, 0x02, 0x24, 0x37, 0xFC, 0x8F, 0x07, 0x71, 0x7E, 0xFF, 0x67, 0x05, 0x92, 0x0D, 0x10, 0xCE,
    0xC7, 0xFF, 0x9C, 0x20, 0xEA, 0xCB, 0x7F, 0x36, 0x10, 0xF5, 0xF9, 0x3F, 0x17, 0x03, 0x43, 0x12,
    0xC3, 0x87, 0xFF, 0xFD, 0x8C, 0x4D, 0xFF, 0x39, 0x1A, 0xFE, 0x83, 0x80, 0x1C, 0xC3, 0x4F, 0x20,
    0xB9, 0x9F, 0x91, 0xC1, 0xE0, 0xD6, 0xFF, 0xB5, 0x2C, 0x0C, 0x00, 0x89, 0x51, 0x32, 0x4D, 0x78,
    0x9C, 0x5D, 0xCF, 0xCD, 0x0D, 0x82, 0x40, 0x10, 0x05, 0xE0, 0x47, 0x14, 0x23, 0x44, 0xC1, 0x0E,
    0xA4, 0x03, 0xEC, 0x80, 0x12, 0xB4, 0x04, 0x3A, 0xF0, 0xEE, 0x45, 0x3B, 0xA0, 0x04, 0xE9, 0x40,
    0xA9, 0x80, 0x12, 0xA0, 0x04, 0x2E, 0x9E, 0x8D, 0xA8, 0x21, 0x04, 0xE5, 0xB9, 0xC3, 0xAE, 0x1E,
    0x9C, 0xD3, 0x77, 0x98, 0x9F, 0x37, 0x00, 0xB2, 0x11, 0x4C, 0xBD, 0xB6, 0x06, 0x2B, 0xD2, 0x31,
    0xCC, 0x98, 0x5B, 0x86, 0x17, 0xDA, 0x46, 0x8B, 0x1D, 0xFE, 0xEB, 0x40, 0x8E, 0xB5, 0xCA, 0xDF,
    0x70, 0x4D, 0x7A, 0x5A, 0xCD, 0x89, 0xEB, 0xEF, 0x8D, 0xEE, 0xA8, 0x77, 0x30, 0x6C, 0xAE, 0x83,
    0x62, 0x7A, 0x77, 0x0E, 0x21, 0xCE, 0x74, 0x2A, 0x4E, 0x45, 0x37, 0xDA, 0x29, 0xE7, 0xA2, 0x27,
    0xAD, 0x98, 0xA1, 0xA8, 0x2B, 0x10, 0x70, 0x2F, 0x62, 0x02, 0xBC, 0x0B, 0x85, 0x0D, 0x23, 0xA0,
    0xA5, 0x4A, 0x98, 0x72, 0xA8, 0x09, 0x50, 0x69, 0xCD, 0x80, 0x87, 0xD6, 0xD2, 0xB4, 0xC4, 0x54,
    0xFF, 0xF5, 0x32, 0x16, 0x30, 0x57, 0x3F, 0x26, 0xB2, 0xAA, 0xA7, 0x8A, 0x1E, 0x89, 0x5A, 0xDA,
    0x25, 0x7D, 0x7D, 0xD2, 0xAD, 0xE9, 0xEA, 0x18, 0xFE, 0x07, 0x21, 0x25, 0x5E, 0x6D, 0x78, 0x9C,
    0x65, 0xCE, 0xC1, 0x0D, 0x82, 0x40, 0x10, 0x05, 0xD0, 0x4F, 0x14, 0x23, 0x44, 0xC1, 0x0E, 0xA4,
    0x03, 0x6C, 0xC0, 0x50, 0x82, 0x96, 0x40, 0x07, 0x94, 0x20, 0x67, 0x2F, 0x96, 0xA0, 0x1D, 0xA8,
    0x15, 0x58, 0x02, 0x94, 0x40, 0x07, 0x44, 0xD4, 0x20, 0x41, 0xFC, 0x32, 0x0C, 0x9C, 0xFC, 0xA7,
    0xB7, 0x9B, 0xD9, 0x9D, 0x0F, 0xB4, 0xD9, 0xDA, 0xE8, 0xF3, 0x3E, 0xF6, 0xB8, 0x32, 0x37, 0x3A,
    0x78, 0x0D, 0x2D, 0xBD, 0x8A, 0xB9, 0x1E, 0xC6, 0xF6, 0xF8, 0x4B, 0x4C, 0x8E, 0x55, 0x29, 0x87,
    0x17, 0x05, 0xE9, 0xA8, 0xCA, 0x33, 0x37, 0xAA, 0x4F, 0x54, 0xEB, 0x8E, 0x05, 0xFD, 0x32, 0xEF,
    0x14, 0xD2, 0x79, 0x70, 0x24, 0xBA, 0xD0, 0xCA, 0x38, 0x15, 0xDD, 0x69, 0x9E, 0x38, 0x17, 0xBD,
    0x68, 0x84, 0xF4, 0x45, 0x75, 0x02, 0x8F, 0x3B, 0x11, 0x0F, 0x40, 0x93, 0x48, 0x73, 0x06, 0x40,
    0xC5, 0xB6, 0xEA, 0x89, 0x5D, 0x26, 0x40, 0xA6, 0x9A, 0x01, 0x4F, 0xD5, 0xB2, 0x1F, 0x09, 0x19,
    0x01, 0x5F, 0x79, 0xE6, 0xF1, 0x86, 0x95, 0x7C, 0xD2, 0x9E, 0xD9, 0x56, 0x0F, 0x44, 0x15, 0xCD,
    0x94, 0xAE, 0xAE, 0xB4, 0x0B, 0xDA, 0x5A, 0xC3, 0xFD, 0x01, 0xDB, 0x3E, 0x5E, 0x30, 0x78, 0x9C,
    0x55, 0xCF, 0xD1, 0x0D, 0x82, 0x40, 0x10, 0x04, 0xD0, 0x45, 0xC5, 0x08, 0x51, 0xB0, 0x00, 0x13,
    0xE9, 0x00, 0x2B, 0x50, 0x3B, 0xD0, 0x12, 0xE8, 0x00, 0x3B, 0xD0, 0x0E, 0x28, 0x41, 0x3A, 0xD0,
    0x0E, 0x4C, 0x6C, 0x00, 0x3A, 0x10, 0x2B, 0x20, 0xA2, 0x42, 0x08, 0xCA, 0x78, 0x7B, 0xCB, 0x8F,
    0xF3, 0xF5, 0x72, 0xB9, 0xBD, 0x9B, 0x25, 0xA2, 0x03, 0x60, 0x92, 0x4E, 0x09, 0xAC, 0x34, 0x16,
    0x58, 0x96, 0xB9, 0xC1, 0xBA, 0xDF, 0x7A, 0x6B, 0x8C, 0x59, 0xBB, 0x19, 0xD1, 0x75, 0x40, 0xFF,
    0x51, 0xB3, 0xDD, 0x51, 0x0A, 0x58, 0xA2, 0x02, 0x70, 0x44, 0xD5, 0x09, 0x1B, 0xD1, 0x27, 0x6C,
    0x8E, 0x1A, 0x53, 0xF8, 0x55, 0xAE, 0x15, 0xC0, 0x79, 0xA2, 0xCF, 0x3A, 0xC3, 0xCA, 0x30, 0x62,
    0x3D, 0x60, 0xC6, 0x98, 0xB0, 0xDE, 0x30, 0x02, 0xF8, 0xAC, 0x26, 0x21, 0x0F, 0x7B, 0x16, 0x22,
    0xA2, 0x6F, 0xA2, 0xB0, 0xE5, 0x9A, 0x35, 0x54, 0xC1, 0x18, 0x3A, 0x43, 0xA2, 0x4C, 0xA4, 0xAA,
    0xBE, 0x44, 0xF3, 0xEE, 0x4A, 0x80, 0x90, 0xA8, 0xE5, 0x31, 0x0F, 0x17, 0xB5, 0x59, 0xC4, 0x4F,
    0xB5, 0x50, 0xD5, 0xF5, 0xAE, 0x35, 0xCC, 0x14, 0xAE, 0x7C, 0x69, 0x17, 0xB0, 0xA5, 0x86, 0xFB,
    0x03, 0x3B, 0xA2, 0x62, 0x9C, 0x78, 0x9C, 0x55, 0xCF, 0xCD, 0x0D, 0x82, 0x40, 0x14, 0x04, 0xE0,
    0x47, 0x14, 0x23, 0x44, 0x81, 0x0E, 0xB4, 0x03, 0x2C, 0xC0, 0xC4, 0x12, 0xB4, 0x84, 0x6D, 0xC0,
    0x50, 0x82, 0x76, 0x60, 0x09, 0x72, 0xF7, 0xA0, 0x67, 0x2F, 0x94, 0xB0, 0xD8, 0x01, 0x07, 0x0F,
    0xDE, 0x8C, 0xF8, 0x43, 0x0C, 0xE2, 0xF8, 0xDE, 0x2E, 0x17, 0xE7, 0xF4, 0x65, 0xB3, 0xD9, 0x9D,
    0x21, 0x52, 0xCD, 0x92, 0xD4, 0x8E, 0x38, 0x2F, 0x60, 0x7A, 0x82, 0xE8, 0x0B, 0x4E, 0xC6, 0x18,
    0xC3, 0x3F, 0x03, 0x33, 0xD1, 0xB1, 0x13, 0x5D, 0x74, 0x97, 0xFE, 0xB3, 0x06, 0xDA, 0xA3, 0x1C,
    0xF0, 0xAC, 0x4A, 0x20, 0xB0, 0xAA, 0xF6, 0x98, 0x5B, 0x7D, 0x92, 0x7A, 0x6B, 0x10, 0x21, 0xAE,
    0xAE, 0x46, 0x0A, 0xC1, 0x1D, 0x1D, 0xD1, 0x01, 0x5E, 0x81, 0xBE, 0xE8, 0x06, 0x37, 0xC5, 0x50,
    0xF4, 0x84, 0xA3, 0x10, 0x8B, 0x6A, 0xCD, 0x2D, 0x56, 0x22, 0x6C, 0x88, 0x1A, 0xCD, 0x58, 0x48,
    0xA3, 0x37, 0x1C, 0xA2, 0x14, 0x26, 0x3D, 0xA2, 0xC2, 0x6A, 0x40, 0xF4, 0xB0, 0x1A, 0xB5, 0x57,
    0x14, 0x12, 0x1E, 0xA4, 0xCD, 0x98, 0x8C, 0x26, 0xF2, 0x88, 0x0C, 0xE4, 0xEA, 0x32, 0x8B, 0xEF,
    0xB8, 0x39, 0x42, 0xFB, 0xA5, 0x5F, 0xC2, 0xB7, 0x35, 0xC2, 0x1F, 0x40, 0xF8, 0x69, 0xB4, 0x78,
    0x9C, 0x55, 0xCE, 0xFD, 0x0D, 0x82, 0x30, 0x14, 0x04, 0xF0, 0x23, 0x8A, 0x01, 0xA2, 0xE0, 0x06,
    0xB2, 0x01, 0x6E, 0xC0, 0x08, 0x3A, 0x42, 0x37, 0x60, 0x04, 0xDD, 0xC0, 0x11, 0x64, 0x03, 0xD9,
    0x80, 0x11, 0x60, 0x04, 0x36, 0x30, 0xE2, 0x07, 0x21, 0x88, 0x67, 0xDB, 0x67, 0xA2, 0xDE, 0x5F,
    0xBF, 0xA6, 0xED, 0x7B, 0x07, 0xE4, 0xA5, 0x13, 0x8F, 0x1E, 0x74, 0x1E, 0xF4, 0x0A, 0x26, 0xFF,
    0xFA, 0xDE, 0xFE, 0x64, 0x4F, 0x4E, 0x45, 0x35, 0xE9, 0x8B, 0x5A, 0x32, 0x14, 0x75, 0x27, 0x6E,
    0x44, 0xCF, 0x6C, 0x38, 0x5A, 0x2C, 0x99, 0x74, 0x67, 0x2B, 0xC5, 0xF0, 0xCA, 0x89, 0x51, 0x41,
    0xBF, 0xA1, 0x9D, 0x7C, 0xA1, 0x9B, 0x73, 0x61, 0x74, 0xA7, 0xA3, 0x64, 0xEF, 0x50, 0x21, 0xE6,
    0xCE, 0x88, 0x07, 0x60, 0xAC, 0x34, 0xB6, 0x4C, 0x81, 0x9E, 0x8E, 0x2E, 0x45, 0x9B, 0x19, 0xD0,
    0x88, 0xE6, 0xC0, 0x4D, 0xB4, 0xFA, 0x3C, 0x51, 0xCC, 0x80, 0x97, 0xF9, 0x16, 0xB3, 0xC4, 0xDA,
    0x0C, 0xD1, 0x67, 0xEA, 0xEA, 0xA9, 0x51, 0x4F, 0xB7, 0x66, 0x24, 0x2B, 0x83, 0x96, 0x81, 0xD4,
    0x88, 0xDE, 0x3C, 0x50, 0x61, 0xF4, 0x78, 0x9C, 0x5D, 0xCF, 0xCD, 0x0D, 0x82, 0x40, 0x10, 0x05,
    0xE0, 0x21, 0x0A, 0x11, 0xA2, 0xE0, 0xDD, 0x83, 0xDB, 0x01, 0x76, 0x60, 0x09, 0xDA, 0x81, 0x74,
    0x40, 0x09, 0xDA, 0x81, 0x56, 0xA0, 0x74, 0xA0, 0x1D, 0x58, 0x02, 0x94, 0x80, 0x5E, 0x3D, 0x18,
    0xF1, 0x07, 0x09, 0xEA, 0x73, 0x67, 0xC7, 0x84, 0xC4, 0x39, 0x7D, 0xBB, 0x99, 0xD9, 0x79, 0x4B,
    0x44, 0xEA, 0xB4, 0xB6, 0xC8, 0xD4, 0x01, 0xE8, 0x8A, 0x1E, 0x83, 0xE3, 0x58, 0xF4, 0x74, 0x56,
    0xB3, 0xFF, 0xBB, 0xA6, 0xAF, 0x99, 0x6D, 0x6A, 0x01, 0xB4, 0x45, 0x19, 0xE0, 0x8A, 0x0A, 0xC0,
    0x17, 0x95, 0x5B, 0x4C, 0x44, 0xAF, 0xB8, 0xDE, 0x18, 0xF4, 0x11, 0x96, 0x67, 0xA3, 0x08, 0xFE,
    0x15, 0x2D, 0xD6, 0x0E, 0x6E, 0x8E, 0x0E, 0xEB, 0x02, 0x3B, 0x41, 0x8F, 0x75, 0x87, 0x15, 0x21,
    0x64, 0xD5, 0x29, 0x29, 0xCC, 0x59, 0x58, 0x12, 0xBD, 0x53, 0x8D, 0x29, 0x74, 0xB8, 0x0A, 0x3A,
    0x4D, 0x02, 0x53, 0x0E, 0x51, 0x2E, 0xD2, 0x59, 0x6F, 0xA2, 0xE1, 0xAF, 0x25, 0x42, 0x4C, 0xF4,
    0xE1, 0x31, 0x85, 0x3D, 0x8D, 0xF8, 0x11, 0x7D, 0x86, 0x8E, 0x6E, 0x7E, 0x58, 0xC1, 0xCE, 0x10,
    0xC8, 0x4A, 0xAF, 0x80, 0x27, 0x31, 0x82, 0x2F, 0xD0, 0x99, 0x64, 0xAF, 0x78, 0x9C, 0x45, 0xCD,
    0xB1, 0x0D, 0x82, 0x50, 0x14, 0x85, 0xE1, 0x5B, 0x48, 0xA1, 0x92, 0xE8, 0x06, 0xB2, 0x81, 0x8C,
    0xC2, 0x06, 0xB0, 0x81, 0x2B, 0x38, 0x82, 0x23, 0x60, 0x43, 0x45, 0xE1, 0x06, 0x8F, 0x51, 0x58,
    0x41, 0x02, 0x21, 0x21, 0x9A, 0x9F, 0xC7, 0x0B, 0x07, 0xFE, 0xEA, 0x2B, 0x4E, 0xEE, 0x35, 0x33,
    0x1B, 0x58, 0x3A, 0x78, 0xD9, 0xB4, 0xF1, 0xCA, 0xC6, 0x02, 0x47, 0x6C, 0xA1, 0x86, 0x5A, 0xEC,
    0xA8, 0xC4, 0x91, 0xB7, 0xF8, 0x77, 0xE5, 0xCA, 0x94, 0x87, 0xF8, 0xE2, 0x52, 0xFA, 0x5B, 0x77,
    0xCF, 0x96, 0xB3, 0xD8, 0x13, 0x89, 0x13, 0xA6, 0x6D, 0xF8, 0x1A, 0x98, 0xED, 0xFC, 0xEC, 0xFC,
    0x72, 0xD2, 0x76, 0x24, 0x12, 0x7F, 0xD8, 0xCA, 0x04, 0xB7, 0xD0, 0x77, 0x7C, 0x92, 0x8B, 0x2D,
    0x37, 0x71, 0x06, 0x91, 0xA9, 0x69, 0xC6, 0x78, 0x9C, 0x63, 0x60, 0x60, 0x48, 0xB8, 0xFD, 0x7F,
    0x2E, 0x33, 0x03, 0x90, 0xFE, 0xF7, 0xFF, 0xFF, 0xFF, 0xFD, 0x8C, 0x0C, 0x0C, 0xBF, 0xFE, 0x83,
    0x00, 0x2F, 0xC3, 0x84, 0xFF, 0xFF, 0x2D, 0x19, 0x96, 0xFC, 0x67, 0x66, 0xF8, 0xFA, 0xDF, 0x1F,
    0x28, 0xEF, 0xCA, 0xC0, 0xF0, 0xF7, 0x3F, 0x2B, 0x03, 0x08, 0x38, 0xFC, 0x3F, 0x0F, 0xA6, 0x19,
    0x1A, 0xFE, 0xE7, 0x43, 0x18, 0x07, 0xFE, 0xEB, 0x43, 0x18, 0x0F, 0xFE, 0xF3, 0x43, 0x18, 0x1F,
    0xFE, 0xF3, 0xC1, 0x18, 0xFC, 0x68, 0x52, 0x17, 0x60, 0x8A, 0x27, 0xC0, 0xB4, 0x07, 0xC0, 0x0C,
    0x64, 0xF8, 0x07, 0xB5, 0x82, 0xE1, 0xDB, 0x7F, 0x7B, 0x20, 0x79, 0x85, 0x91, 0x61, 0x03, 0xC8,
    0x19, 0x8B, 0xFF, 0xCB, 0x32, 0x08, 0xFC, 0x01, 0x3B, 0xCC, 0x0E, 0x64, 0x2D, 0x10, 0x9C, 0x67,
    0x02, 0xCA, 0x17, 0xBE, 0x79, 0x3F, 0x97, 0x05, 0x62, 0x68, 0x3F, 0xD4, 0x84, 0xAF, 0xF2, 0x50,
    0xC6, 0x9F, 0xFD, 0xCC, 0x10, 0x46, 0xE2, 0x3F, 0x98, 0xD0, 0x4F, 0x7B, 0x08, 0x9D, 0x04, 0x15,
    0x79, 0xF0, 0xFF, 0x3F, 0x3B, 0xC4, 0xFD, 0xE7, 0x34, 0x80, 0x24, 0x00, 0x68, 0x82, 0x4F, 0xFA,
    0x78, 0x9C, 0x63, 0x60, 0x38, 0xC8, 0xC4, 0x00, 0x02, 0x02, 0x7F, 0xFD, 0xC1, 0x74, 0xC0, 0xFF,
    0xFF, 0xEC, 0x60, 0xC6, 0xA1, 0xFF, 0xEB, 0xC1, 0x34, 0xC3, 0xF7, 0xFF, 0x2C, 0x60, 0x5A, 0x21,
    0x9A, 0x01, 0x01, 0x7E, 0xFE, 0x07, 0x03, 0x66, 0x4C, 0x9A, 0x19, 0x2A, 0x4F, 0x2C, 0x0D, 0x02,
    0xDC, 0x58, 0x68, 0x52, 0xCD, 0x41, 0x36, 0xEF, 0x3F, 0x27, 0x3A, 0x0D, 0x00, 0xD6, 0xA7, 0x5E,
    0xEC, 0x78, 0x9C, 0x63, 0x60, 0x60, 0x60, 0x28, 0xE0, 0x64, 0x00, 0x83, 0x5F, 0xF5, 0x60, 0xEA,
    0xE0, 0xFF, 0xFB, 0x20, 0xCA, 0xE0, 0xDF, 0x7F, 0x0E, 0x10, 0xBD, 0xE0, 0xBF, 0x0E, 0x44, 0xBA,
    0x9A, 0x01, 0x09, 0xFC, 0xFC, 0x0F, 0x06, 0xCC, 0x98, 0x34, 0x33, 0x54, 0x9E, 0x58, 0x1A, 0x04,
    0xB8, 0xB1, 0xD0, 0xA4, 0x9A, 0x83, 0x6C, 0xDE, 0x7F, 0x4E, 0x74, 0x1A, 0x00, 0x8F, 0xDD, 0x5E,
    0x9F, 0x78, 0x9C, 0x63, 0x60, 0x58, 0xF0, 0xFF, 0x3F, 0x0B, 0x03, 0x10, 0x7C, 0xFF, 0xFF, 0x5F,
    0x0F, 0x48, 0x05, 0xFC, 0xD7, 0xFB, 0x7E, 0x1F, 0x48, 0x7F, 0x3A, 0xCF, 0x18, 0xF0, 0x9F, 0x9B,
    0x81, 0xA1, 0x01, 0x88, 0x8F, 0x30, 0x33, 0xC0, 0xC0, 0xCF, 0xFF, 0x60, 0xC0, 0x8C, 0x49, 0x33,
    0x43, 0xE5, 0x89, 0xA5, 0x41, 0x80, 0x1B, 0x0B, 0x4D, 0xAA, 0x39, 0xC8, 0xE6, 0xFD, 0xE7, 0x44,
    0xA7, 0x01, 0x1C, 0xA2, 0x63, 0x19, 0x78, 0x9C, 0x63, 0xD8, 0xB8, 0x9F, 0xC1, 0xE1, 0x2D, 0x1B,
    0x03, 0xC3, 0xF7, 0xFF, 0x6C, 0x17, 0xFE, 0xCB, 0x23, 0x68, 0xB0, 0x38, 0x3B, 0x03, 0x0C, 0xFC,
    0xFC, 0x0F, 0x06, 0xCC, 0x98, 0x34, 0x33, 0x54, 0x9E, 0x58, 0x1A, 0x04, 0xB8, 0xB1, 0xD0, 0xA4,
    0x9A, 0x83, 0x6C, 0xDE, 0x7F, 0x4E, 0x74, 0x1A, 0x00, 0x7E, 0xBA, 0x62, 0xAE, 0x78, 0x9C, 0x63,
    0x60, 0xD8, 0xC8, 0xCC, 0x00, 0x06, 0x7F, 0xF2, 0xC1, 0x94, 0xC1, 0xFF, 0xFF, 0x9C, 0x60, 0xC6,
    0xC6, 0xFF, 0xFB, 0x19, 0xC1, 0x8C, 0xA7, 0xFF, 0x59, 0xC1, 0xB4, 0x40, 0x15, 0x03, 0x02, 0x7C,
    0xFE, 0x0F, 0x06, 0xFC, 0xE8, 0x34, 0x50, 0xEA, 0xFF, 0x7D, 0x88, 0x92, 0x01, 0xA1, 0x71, 0xB9,
    0x0B, 0x00, 0x6C, 0x95, 0x51, 0x02, 0x78, 0x9C, 0x63, 0x60, 0x60, 0x60, 0x08, 0xE0, 0x62, 0x00,
    0x83, 0x1F, 0xF3, 0xC1, 0xD4, 0xC6, 0xFF, 0xEF, 0x19, 0x81, 0x94, 0xC2, 0xDF, 0xFF, 0x9C, 0x20,
    0x6E, 0xC3, 0x7F, 0x5B, 0x88, 0x74, 0x17, 0x03, 0x12, 0xF8, 0xFC, 0x1F, 0x0C, 0xF8, 0xD1, 0x69,
    0xA0, 0xD4, 0xFF, 0xFB, 0x10, 0x25, 0x03, 0x42, 0xE3, 0x72, 0x17, 0x00, 0x33, 0x24, 0x50, 0xC5,
    0x78, 0x9C, 0x63, 0x60, 0x68, 0xF8, 0xFF, 0x9F, 0x95, 0x01, 0x08, 0xBE, 0xFD, 0xFF, 0x6F, 0x0F,
    0xA4, 0x0C, 0xFE, 0xDB, 0x7D, 0x7B, 0xCF, 0xC8, 0xC0, 0xF0, 0xF0, 0x3E, 0x93, 0xC3, 0x7F, 0x1E,
    0x06, 0x86, 0x02, 0x19, 0x06, 0x86, 0x43, 0x2C, 0x0C, 0x30, 0xF0, 0xF9, 0x3F, 0x18, 0xF0, 0xA3,
    0xD3, 0x40, 0xA9, 0xFF, 0xF7, 0x21, 0x4A, 0x06, 0x84, 0xC6, 0xE5, 0x2E, 0x00, 0xB4, 0xF0, 0x55,
    0x31, 0x78, 0x9C, 0x63, 0x58, 0xB0, 0x9F, 0x51, 0xE1, 0x2F, 0x07, 0x03, 0xC3, 0xB7, 0xFF, 0x1C,
    0x1B, 0xFE, 0xEB, 0x23, 0x68, 0x98, 0x38, 0x14, 0x7C, 0xFE, 0x0F, 0x06, 0xFC, 0xE8, 0x34, 0x50,
    0xEA, 0xFF, 0x7D, 0x88, 0x92, 0x01, 0xA1, 0x71, 0xB9, 0x0B, 0x00, 0xE8, 0xE8, 0x54, 0x89, 0x78,
    0x9C, 0x63, 0xF8, 0xF6, 0xFF, 0xFF, 0xFB, 0x39, 0x2C, 0x0C, 0x40, 0x00, 0x64, 0xFD, 0xFF, 0x7F,
    0x9F, 0x05, 0xC6, 0xFA, 0x9F, 0x0F, 0x66, 0xB1, 0x29, 0x5C, 0xFB, 0xFF, 0x9F, 0x15, 0xCC, 0x62,
    0x60, 0xF8, 0xF5, 0x5F, 0x1E, 0xCA, 0x3A, 0xF0, 0xBF, 0x1E, 0xCA, 0x72, 0xF8, 0x7F, 0x1F, 0xCA,
    0x62, 0xF8, 0xF7, 0x9F, 0x11, 0xCA, 0xFA, 0xFD, 0x9F, 0xE5, 0x25, 0xC8, 0x0C, 0x4E, 0x86, 0x9F,
    0xFF, 0x59, 0xFF, 0x40, 0x58, 0x3F, 0xFE, 0xB3, 0x21, 0x58, 0x50, 0x75, 0x40, 0x59, 0x84, 0x0E,
    0x28, 0xEB, 0xFF, 0x7F, 0xA8, 0x79, 0x01, 0xFF, 0xCF, 0x43, 0x59, 0x17, 0x40, 0x8E, 0x81, 0xBA,
    0x80, 0x0F, 0xEE, 0x2A, 0x16, 0x54, 0x97, 0x22, 0xB9, 0xFE, 0xFD, 0x5C, 0x10, 0x03, 0x00, 0x6B,
    0xCF, 0x6C, 0xD5, 0x78, 0x9C, 0x35, 0xCA, 0xCD, 0x09, 0xC2, 0x40, 0x18, 0x84, 0xE1, 0x59, 0x08,
    0x46, 0x10, 0xF1, 0xEE, 0xC5, 0x80, 0x77, 0x4D, 0x09, 0x29, 0xC1, 0x0E, 0x62, 0x07, 0x96, 0x90,
    0x12, 0x4C, 0x05, 0x7A, 0x16, 0x3C, 0x88, 0x0D, 0x58, 0x42, 0x72, 0xF1, 0x6E, 0x07, 0x8B, 0x7F,
    0xE0, 0x46, 0x36, 0x23, 0xFB, 0xED, 0xE7, 0x7B, 0x79, 0x60, 0x18, 0xE4, 0xDF, 0x9D, 0xC9, 0x8E,
    0x09, 0x1E, 0xE4, 0xA6, 0x66, 0x02, 0xC7, 0x10, 0xE0, 0x17, 0x67, 0x72, 0x0B, 0x1C, 0x52, 0x5C,
    0x6D, 0x8A, 0x7F, 0x8E, 0x23, 0x60, 0xC5, 0xD2, 0x71, 0xA9, 0xEE, 0x55, 0x1A, 0x75, 0x28, 0x5E,
    0x38, 0x89, 0x76, 0x95, 0xD8, 0xBC, 0xAC, 0x68, 0x5B, 0x0E, 0xE4, 0xB7, 0xE6, 0xB8, 0x08, 0xA2,
    0x2F, 0xA3, 0x9F, 0x26, 0x0F, 0x9A, 0x3B, 0xE7, 0x62, 0xCD, 0xA9, 0x98, 0x71, 0x26, 0xA2, 0xAB,
    0x7A, 0xF1, 0x69, 0xBD, 0x78, 0x62, 0xDC, 0x0B, 0x15, 0x5E, 0x7D, 0xAB, 0x37, 0x96, 0x3F, 0x01,
    0xE3, 0x7C, 0x55, 0x78, 0x9C, 0x55, 0x8F, 0xC1, 0x0D, 0x82, 0x40, 0x10, 0x45, 0x07, 0x13, 0xC1,
    0xA8, 0x91, 0xBD, 0x5B, 0x84, 0xDE, 0x3D, 0x40, 0x03, 0x46, 0x2B, 0x80, 0x12, 0xAC, 0xC4, 0x48,
    0x07, 0x6A, 0x07, 0x94, 0xA0, 0x65, 0xE8, 0xC9, 0x0E, 0x20, 0x6E, 0x82, 0x0A, 0x89, 0xDF, 0x99,
    0x1D, 0x20, 0xF1, 0x1F, 0x36, 0x6F, 0xB3, 0x7F, 0xE7, 0xFF, 0x21, 0x32, 0x2B, 0x52, 0x5D, 0xE0,
    0x2B, 0x58, 0x1C, 0x15, 0x4C, 0x83, 0xB9, 0xD2, 0xF6, 0x9B, 0xB6, 0xAE, 0x73, 0x40, 0x7F, 0x8A,
    0x6F, 0xD8, 0x0F, 0xC4, 0x5B, 0x03, 0x38, 0x30, 0x5C, 0x21, 0x1A, 0x13, 0xD5, 0x58, 0x9B, 0x0A,
    0x3B, 0x5A, 0xA2, 0xF0, 0xF8, 0x80, 0x77, 0x82, 0x0C, 0xF9, 0x20, 0x28, 0x31, 0x63, 0x78, 0x62,
    0x6A, 0xC5, 0x47, 0x0F, 0x84, 0x15, 0x46, 0x0C, 0x39, 0xA2, 0x97, 0x2B, 0x91, 0x61, 0xF3, 0xC6,
    0xD0, 0x41, 0xDA, 0x43, 0xFF, 0xD4, 0x99, 0x17, 0x16, 0x13, 0xFD, 0x5E, 0x22, 0xD4, 0x81, 0x19,
    0xE7, 0x49, 0x84, 0xDF, 0x85, 0xCA, 0x25, 0x71, 0x35, 0x78, 0xBF, 0xB6, 0x18, 0xAF, 0xA5, 0x55,
    0x29, 0xBE, 0xBB, 0xF2, 0x3F, 0xEA, 0xA7, 0x64, 0x53, 0x78, 0x9C, 0x63, 0x60, 0x00, 0x82, 0xA5,
    0x0C, 0x10, 0xD0, 0xF0, 0x9F, 0x13, 0x4C, 0x0B, 0xFC, 0xFE, 0x2F, 0x07, 0x66, 0x5C, 0xFA, 0x3F,
    0x1F, 0x22, 0xF3, 0xE3, 0x3E, 0x33, 0x84, 0xB1, 0x80, 0x83, 0x01, 0x15, 0x38, 0xDC, 0xFC, 0xDF,
    0xCB, 0x04, 0xD2, 0xF3, 0xEB, 0xFF, 0xFF, 0xFF, 0xFD, 0x40, 0xC6, 0xC1, 0xFF, 0x20, 0xC0, 0xC5,
    0xC0, 0xF0, 0xEB, 0xBF, 0xAF, 0xC0, 0xB7, 0xFF, 0xF9, 0x0C, 0x06, 0xFF, 0xDF, 0x33, 0x02, 0x89,
    0xFF, 0x8C, 0x0B, 0xFE, 0xC7, 0x03, 0xE5, 0x7F, 0xFE, 0x67, 0xFF, 0xF0, 0x9F, 0x0F, 0xC8, 0xF8,
    0xF4, 0x9F, 0xE7, 0x33, 0x48, 0x1D, 0xC3, 0x83, 0xFF, 0xFC, 0xDF, 0xFE, 0x83, 0xCC, 0xDD, 0xF0,
    0xDF, 0xFE, 0xFB, 0x7F, 0x36, 0x20, 0x63, 0xC2, 0x7F, 0xFF, 0x1F, 0xFF, 0x59, 0xC1, 0x8C, 0x78,
    0x38, 0x03, 0x2E, 0x05, 0x53, 0xAC, 0xFF, 0xF9, 0x3F, 0x37, 0x44, 0xFB, 0x87, 0xFF, 0xFC, 0x10,
    0x03, 0x27, 0x00, 0xED, 0x03, 0x59, 0xC1, 0x06, 0xB3, 0x14, 0xC4, 0x89, 0x03, 0x3B, 0x83, 0xE1,
    0x00, 0xCC, 0x61, 0x40, 0xEF, 0x41, 0x9C, 0xCA, 0xE0, 0x70, 0x0B, 0xEC, 0x78, 0x00, 0x0A, 0x6A,
    0x64, 0x7F, 0x78, 0x9C, 0x63, 0x60, 0x60, 0xF8, 0xF1, 0x3F, 0x9E, 0x01, 0x04, 0x12, 0xFE, 0xFF,
    0xFF, 0xCF, 0x0C, 0x62, 0x7C, 0x7E, 0x9F, 0xFC, 0x5F, 0x0E, 0x48, 0x0B, 0xFC, 0xD3, 0x65, 0xF8,
    0x72, 0x1E, 0x24, 0x72, 0x9C, 0x91, 0x41, 0xC1, 0x87, 0x01, 0x19, 0x38, 0xDC, 0xFC, 0xDF, 0xCB,
    0x04, 0x52, 0xF3, 0x0B, 0xA8, 0xAB, 0x1F, 0xC8, 0x38, 0xF8, 0x1F, 0x04, 0xB8, 0x18, 0x18, 0x7E,
    0xFD, 0xF7, 0x15, 0xF8, 0xF6, 0x3F, 0x9F, 0xC1, 0xE0, 0xFF, 0x7B, 0x46, 0x20, 0xF1, 0x9F, 0x71,
    0x01, 0xD8, 0xFC, 0x9F, 0xFF, 0xD9, 0x3F, 0xFC, 0xE7, 0x03, 0x32, 0x3E, 0xFD, 0xE7, 0xF9, 0x0C,
    0x52, 0xC7, 0xF0, 0xE0, 0x3F, 0xFF, 0xB7, 0xFF, 0x1C, 0x40, 0xC6, 0x86, 0xFF, 0xF6, 0xDF, 0xFF,
    0xB3, 0x01, 0x19, 0x13, 0xFE, 0xFB, 0xFF, 0xF8, 0xCF, 0x0A, 0x66, 0xC4, 0xC3, 0x19, 0x70, 0x29,
    0x98, 0x62, 0xFD, 0xCF, 0xFF, 0xB9, 0x21, 0xDA, 0x3F, 0xFC, 0xE7, 0x87, 0x18, 0x38, 0x01, 0x68,
    0x1F, 0xC8, 0x0A, 0x36, 0x98, 0xA5, 0x20, 0x4E, 0x1C, 0xD8, 0x19, 0x0C, 0x07, 0x60, 0x0E, 0x13,
    0xF8, 0x0D, 0x75, 0x2A, 0x83, 0xC3, 0x2D, 0xB0, 0xE3, 0x01, 0x9D, 0xD5, 0x68, 0x82, 0x78, 0x9C,
    0x4D, 0x8E, 0x41, 0x0E, 0xC1, 0x50, 0x14, 0x45, 0x6F, 0x89, 0x12, 0xC4, 0x6F, 0x62, 0x21, 0xCC,
    0x0D, 0x74, 0x01, 0xC4, 0x0E, 0xD4, 0x0E, 0xAC, 0xC1, 0x02, 0x44, 0x97, 0x20, 0x36, 0xC0, 0xC8,
    0x98, 0x15, 0x98, 0x49, 0x98, 0xB0, 0x03, 0x4D, 0x9B, 0x14, 0x15, 0xBD, 0xDE, 0xFF, 0xFC, 0xC6,
    0x1B, 0xFC, 0x7F, 0x5E, 0xDE, 0x7D, 0xEF, 0x5E, 0xE0, 0x78, 0x71, 0xB1, 0xAD, 0x03, 0x13, 0xF2,
    0xD0, 0x7E, 0x2B, 0xE0, 0x4A, 0x5D, 0x0D, 0x20, 0x5E, 0xFB, 0x39, 0x59, 0x06, 0x56, 0x3D, 0xCC,
    0xF2, 0x01, 0xFE, 0xCB, 0x3F, 0x71, 0x5E, 0x92, 0xDF, 0xCB, 0x44, 0xBB, 0x10, 0xD8, 0x9B, 0x2D,
    0xB9, 0x93, 0x71, 0xE8, 0xA5, 0x9C, 0xA2, 0xCB, 0x9B, 0x23, 0x0F, 0x9D, 0x25, 0x03, 0x99, 0x3F,
    0x59, 0x8D, 0xD8, 0x12, 0x88, 0xD9, 0x4C, 0xB4, 0x4E, 0x7C, 0x54, 0xCA, 0x9A, 0xC0, 0x86, 0xFD,
    0x3B, 0x5D, 0x81, 0x90, 0xA3, 0x07, 0x2B, 0x06, 0x82, 0x02, 0x8A, 0x91, 0x15, 0x77, 0x12, 0x1D,
    0x4E, 0xAF, 0x47, 0x54, 0xDF, 0x83, 0xA1, 0xF8, 0x69, 0x0B, 0xD7, 0x9A, 0xEA, 0x66, 0x6C, 0x62,
    0x60, 0x67, 0x83, 0x79, 0xAF, 0x5F, 0x54, 0xF8, 0x67, 0x13, 0xFE, 0x03, 0xB9, 0x29, 0x6F, 0x6D,
    0x78, 0x9C, 0x4D, 0x8E, 0xC1, 0x0D, 0x82, 0x40, 0x10, 0x45, 0x07, 0x13, 0xD1, 0xA8, 0x91, 0xBD,
    0x5B, 0x84, 0x76, 0x20, 0x0D, 0x18, 0x3B, 0x10, 0x3B, 0xB0, 0x12, 0x03, 0x25, 0x58, 0x82, 0x25,
    0x68, 0x0B, 0xDC, 0xF4, 0x64, 0x07, 0x12, 0x49, 0x50, 0xE1, 0xF0, 0x9C, 0x5D, 0x64, 0x75, 0x0E,
    0x93, 0xB7, 0xF9, 0x7F, 0xF6, 0x7F, 0x91, 0x7A, 0x26, 0x79, 0x2A, 0x22, 0x5B, 0x52, 0x69, 0xE8,
    0xFD, 0x81, 0x97, 0x7E, 0x13, 0x5F, 0xD8, 0x5B, 0xC5, 0xD4, 0x80, 0x95, 0xCE, 0xD8, 0x19, 0xA9,
    0x97, 0x95, 0xA9, 0xD8, 0xC9, 0x82, 0x7B, 0xA0, 0x8B, 0xE0, 0x40, 0xA2, 0xFA, 0x9B, 0x41, 0xC1,
    0x54, 0xE1, 0xC1, 0xA4, 0xB4, 0x3E, 0xB9, 0x11, 0x55, 0x0C, 0x15, 0x8E, 0x2C, 0x9F, 0x84, 0x0A,
    0x19, 0xEB, 0x17, 0x7D, 0x07, 0x89, 0x07, 0x2F, 0x75, 0xE6, 0x79, 0xC9, 0xB8, 0x3D, 0x2F, 0x88,
    0xDA, 0x0F, 0x33, 0xCD, 0xB3, 0x11, 0x61, 0x17, 0x6A, 0x1F, 0x1B, 0x57, 0x43, 0x4E, 0x5D, 0x31,
    0xD3, 0x7C, 0xAB, 0x4A, 0x7C, 0x75, 0xE5, 0x3F, 0xCE, 0x9A, 0x67, 0xF8, 0x78, 0x9C, 0x25, 0x8C,
    0x31, 0x16, 0x80, 0x30, 0x0C, 0x42, 0x19, 0xA2, 0x3D, 0x5E, 0x8E, 0x60, 0x6F, 0xD0, 0xDE, 0xC0,
    0x2E, 0xEE, 0x4E, 0xCE, 0x3D, 0x65, 0x63, 0x5D, 0x30, 0xD1, 0x09, 0xF8, 0x3C, 0xC8, 0x09, 0x40,
    0x97, 0x51, 0x5C, 0x1E, 0x35, 0xAE, 0x38, 0xA9, 0x8D, 0x1B, 0x26, 0x05, 0x37, 0x0F, 0x77, 0x68,
    0x24, 0x17, 0xEF, 0x67, 0x04, 0x38, 0x0D, 0xA9, 0x0E, 0x05, 0x30, 0x5E, 0x54, 0x0F, 0x25, 0x06,
    0xC6, 0x84, 0x4E, 0x1D, 0xFB, 0x77, 0x56, 0xFF, 0xEB, 0x17, 0x37, 0x4D, 0x2A, 0x60, 0x78, 0x9C,
    0x2D, 0x8F, 0x41, 0x4E, 0xC2, 0x60, 0x10, 0x85, 0xBF, 0x94, 0xFE, 0xDA, 0x05, 0x09, 0x3D, 0x81,
    0xB0, 0xD4, 0x95, 0x5D, 0x72, 0x0B, 0x8E, 0x40, 0xDD, 0xB8, 0x6D, 0x39, 0x81, 0xDC, 0x40, 0x17,
    0xEC, 0x85, 0xC4, 0xA5, 0x89, 0xDC, 0x00, 0x6E, 0xC0, 0x11, 0x7A, 0x84, 0x26, 0x40, 0xD4, 0x52,
    0xCA, 0x73, 0x26, 0x38, 0x8B, 0xC9, 0xCB, 0x4C, 0xE6, 0x7D, 0xF3, 0xE0, 0x5A, 0x63, 0x6F, 0x8B,
    0xAE, 0x7A, 0xC8, 0x75, 0x0B, 0x2B, 0x59, 0x35, 0xEA, 0x91, 0x9E, 0x5D, 0xE9, 0x05, 0x96, 0xAA,
    0xE2, 0x99, 0xD4, 0x87, 0x83, 0xEE, 0xE0, 0x47, 0x43, 0x38, 0x29, 0x40, 0xE7, 0x5B, 0xD5, 0xF0,
    0x26, 0xED, 0xC8, 0xF4, 0x05, 0xC7, 0xFA, 0x22, 0x72, 0x9B, 0xA7, 0x97, 0x49, 0xAB, 0x5E, 0xA9,
    0x82, 0xB5, 0x92, 0x46, 0xF1, 0x5C, 0x53, 0xBE, 0x2B, 0x1A, 0x85, 0xB9, 0x8A, 0x91, 0x1E, 0x5D,
    0xD9, 0x76, 0xAB, 0x1B, 0x53, 0x71, 0xAE, 0xD7, 0xDF, 0x0D, 0xB4, 0x8A, 0x32, 0xD5, 0x0E, 0x31,
    0x17, 0x8C, 0x1E, 0x18, 0x99, 0xB3, 0xD1, 0xDE, 0x1D, 0x52, 0xF8, 0x07, 0x13, 0x6F, 0x03, 0xD8,
    0xAB, 0x0E, 0x4F, 0xB2, 0x73, 0xAE, 0x8F, 0x1A, 0xBC, 0xD4, 0xA7, 0xAB, 0x04, 0xB6, 0x8A, 0x3E,
    0xBA, 0xEA, 0xDE, 0x93, 0x3D, 0xFF, 0xC7, 0xE4, 0x0F, 0xF0, 0x4C, 0x74, 0xCA, 0x78, 0x9C, 0x63,
    0x60, 0xD8, 0xC8, 0xCC, 0x00, 0x06, 0x7F, 0xF2, 0xC1, 0x94, 0xC1, 0xFF, 0xFF, 0x9C, 0x60, 0xC6,
    0xC6, 0xFF, 0xFB, 0x19, 0xC1, 0x8C, 0xA7, 0xFF, 0x59, 0xC1, 0xB4, 0x40, 0x15, 0x03, 0x02, 0xFC,
    0xFA, 0xCF, 0x0C, 0x52, 0x9B, 0x4F, 0x6B, 0xFA, 0x27, 0x94, 0xFE, 0x01, 0xA2, 0x1D, 0xFE, 0xC7,
    0x7F, 0x07, 0x39, 0x26, 0xE0, 0xBF, 0xFF, 0x97, 0xFF, 0x1C, 0x0C, 0x0C, 0x13, 0xFE, 0xCB, 0x7F,
    0xF8, 0x2F, 0xC7, 0xC0, 0xF0, 0xF1, 0x3F, 0x4F, 0xC3, 0xFF, 0xFB, 0x2C, 0x01, 0x7F, 0xFF, 0xB3,
    0x31, 0xFC, 0xFD, 0x0F, 0x04, 0xFB, 0x19, 0x18, 0x0E, 0x82, 0x68, 0x6E, 0xA0, 0x4B, 0x97, 0xFE,
    0xBB, 0xEF, 0xC5, 0xC0, 0x00, 0x00, 0x76, 0xE0, 0x5C, 0x88, 0x78, 0x9C, 0x63, 0x60, 0x60, 0x60,
    0x08, 0xE0, 0x62, 0x00, 0x83, 0x1F, 0xF3, 0xC1, 0xD4, 0xC6, 0xFF, 0xEF, 0x19, 0x81, 0x94, 0xC2,
    0xDF, 0xFF, 0x9C, 0x20, 0x6E, 0xC3, 0x7F, 0x5B, 0x88, 0x74, 0x17, 0x03, 0x12, 0xF8, 0xF5, 0x9F,
    0x99, 0x81, 0xC1, 0xE0, 0x7F, 0x3E, 0xAD, 0xE9, 0x9F, 0x50, 0xFA, 0x07, 0x88, 0x76, 0xF8, 0x1F,
    0xFF, 0xFD, 0x3F, 0x2B, 0xD0, 0xC1, 0xFF, 0xFD, 0xBF, 0xFC, 0xE7, 0x60, 0x60, 0x98, 0xF0, 0x5F,
    0xFE, 0xC3, 0x7F, 0x39, 0x06, 0x86, 0x8F, 0xFF, 0x79, 0x1A, 0xFE, 0xDF, 0x67, 0x09, 0xF8, 0xFB,
    0x9F, 0x8D, 0xE1, 0xEF, 0x7F, 0x20, 0xD8, 0xCF, 0xC0, 0x70, 0x10, 0x44, 0x73, 0x03, 0x5D, 0xBA,
    0xF4, 0xDF, 0x7D, 0x2F, 0x06, 0x06, 0x00, 0x3D, 0x6F, 0x5C, 0x4B, 0x78, 0x9C, 0x63, 0x60, 0x68,
    0xF8, 0xFF, 0x9F, 0x95, 0x01, 0x08, 0xBE, 0xFD, 0xFF, 0x6F, 0x0F, 0xA4, 0x0C, 0xFE, 0xDB, 0x7D,
    0x7B, 0xCF, 0xC8, 0xC0, 0xF0, 0xF0, 0x3E, 0x93, 0xC3, 0x7F, 0x1E, 0x06, 0x86, 0x02, 0x19, 0x06,
    0x86, 0x43, 0x2C, 0x0C, 0x30, 0xF0, 0xEB, 0x3F, 0x33, 0x48, 0x4D, 0x3E, 0xAD, 0xE9, 0x9F, 0x50,
    0xFA, 0x07, 0x88, 0x76, 0xF8, 0x1F, 0xFF, 0x1D, 0xE4, 0xC8, 0x80, 0xFF, 0xFE, 0x5F, 0xFE, 0x73,
    0x30, 0x30, 0x4C, 0xF8, 0x2F, 0xFF, 0xE1, 0xBF, 0x1C, 0x03, 0xC3, 0xC7, 0xFF, 0x3C, 0x0D, 0xFF,
    0xEF, 0xB3, 0x04, 0xFC, 0xFD, 0xCF, 0xC6, 0xF0, 0xF7, 0x3F, 0x10, 0xEC, 0x67, 0x60, 0x38, 0x08,
    0xA2, 0xB9, 0x81, 0x2E, 0x5D, 0xFA, 0xEF, 0xBE, 0x17, 0x03, 0x03, 0x00, 0xBF, 0x3B, 0x60, 0xB7,
    0x78, 0x9C, 0x63, 0x58, 0xB0, 0x9F, 0x51, 0xE1, 0x2F, 0x07, 0x03, 0xC3, 0xB7, 0xFF, 0x1C, 0x1B,
    0xFE, 0xEB, 0x23, 0x68, 0x98, 0x38, 0x14, 0xFC, 0xFA, 0xCF, 0xCC, 0xC0, 0x60, 0xF0, 0x3F, 0x9F,
    0xD6, 0xF4, 0x4F, 0x28, 0xFD, 0x03, 0x44, 0x3B, 0xFC, 0x8F, 0xFF, 0xFE, 0x9F, 0x95, 0x81, 0x21,
    0xE0, 0xBF, 0xFF, 0x97, 0xFF, 0x40, 0xB7, 0x4C, 0xF8, 0x2F, 0xFF, 0xE1, 0xBF, 0x1C, 0x03, 0xC3,
    0xC7, 0xFF, 0x3C, 0x0D, 0xFF, 0xEF, 0xB3, 0x04, 0xFC, 0xFD, 0xCF, 0xC6, 0xF0, 0xF7, 0x3F, 0x10,
    0xEC, 0x67, 0x60, 0x38, 0x08, 0xA2, 0xB9, 0x81, 0x2E, 0x5D, 0xFA, 0xEF, 0xBE, 0x17, 0x03, 0x03,
    0x00, 0xF3, 0x33, 0x60, 0x0F, 0x78, 0x9C, 0xAD, 0x8D, 0xC1, 0x09, 0xC2, 0x40, 0x10, 0x45, 0xBF,
    0x8A, 0xA0, 0x51, 0xB0, 0x85, 0x74, 0x60, 0x05, 0x92, 0x16, 0x52, 0x42, 0x4A, 0x48, 0x07, 0x7A,
    0xB6, 0x09, 0xED, 0x20, 0x58, 0x41, 0x5A, 0xD8, 0x0E, 0xB4, 0x83, 0x20, 0x68, 0x10, 0x34, 0x3E,
    0x67, 0xB2, 0xF1, 0xE0, 0xDD, 0x7F, 0x99, 0xB7, 0xCB, 0x9B, 0xF9, 0x92, 0x25, 0x4F, 0x34, 0xE4,
    0x71, 0x18, 0xE0, 0x44, 0x33, 0xEA, 0x21, 0xED, 0x98, 0xC7, 0xAF, 0x1D, 0x9B, 0xAF, 0xB6, 0xD7,
    0x6F, 0x02, 0x6B, 0x1F, 0x37, 0x92, 0x9C, 0xCA, 0xE9, 0xC9, 0x58, 0x1D, 0x76, 0x21, 0xF5, 0x77,
    0xCB, 0x4C, 0x3A, 0xBA, 0x13, 0x58, 0x49, 0x57, 0xAC, 0xAF, 0x60, 0x6B, 0x75, 0x4C, 0x4C, 0x7E,
    0x37, 0x12, 0xB5, 0xAF, 0xB5, 0x4C, 0x4B, 0x32, 0xA7, 0x0B, 0xCB, 0xC0, 0xC2, 0xA9, 0x20, 0xBB,
    0xF7, 0x9A, 0x89, 0xD5, 0xAB, 0x8E, 0x85, 0x2D, 0x51, 0x73, 0x31, 0x6A, 0x52, 0xC9, 0xA0, 0xD9,
    0xB5, 0xB3, 0xFE, 0x46, 0x1F, 0xAC, 0xC6, 0x49, 0xCA, 0x78, 0x9C, 0xFB, 0xF4, 0x9F, 0x9B, 0x01,
    0x0C, 0x3E, 0xE1, 0x63, 0xFC, 0xFF, 0xFF, 0x7E, 0x2D, 0x2B, 0x84, 0xF1, 0xFF, 0xFF, 0x7D, 0x66,
    0x28, 0xE3, 0xBF, 0x3E, 0x58, 0x8D, 0xC2, 0xD5, 0xFF, 0xE7, 0xA1, 0x8A, 0xFF, 0xFD, 0x67, 0x84,
    0x30, 0x7E, 0xFC, 0x67, 0x81, 0x30, 0xBE, 0xFF, 0x67, 0x85, 0x30, 0x7E, 0xFE, 0x67, 0x06, 0x33,
    0x14, 0xFE, 0xFF, 0x87, 0xE8, 0x7A, 0xF6, 0x7F, 0x3E, 0xCC, 0x1C, 0x5E, 0x28, 0x63, 0x3F, 0x23,
    0xC4, 0xAE, 0x1E, 0x66, 0x02, 0xEE, 0x41, 0x67, 0x00, 0x00, 0x9F, 0xD0, 0x55, 0xC2, 0x78, 0x9C,
    0x25, 0xCE, 0xCD, 0x0D, 0x82, 0x40, 0x10, 0x05, 0xE0, 0x07, 0x44, 0x11, 0x8D, 0x86, 0x0E, 0xA0,
    0x01, 0x7B, 0xF0, 0xCE, 0x81, 0x16, 0x2C, 0xC1, 0x12, 0x6C, 0xC4, 0x68, 0x07, 0x76, 0xE0, 0xD5,
    0x23, 0x5C, 0x39, 0x41, 0xA2, 0x77, 0x43, 0x30, 0x51, 0x0E, 0xF2, 0x9C, 0x9F, 0xB9, 0xEC, 0x97,
    0x99, 0xD9, 0xDD, 0x87, 0xF4, 0x3E, 0xDD, 0xE6, 0x90, 0x7A, 0x93, 0xAC, 0xE4, 0xDC, 0x51, 0x6B,
    0x09, 0xD4, 0xBC, 0x86, 0x4F, 0x66, 0xC0, 0xC0, 0x35, 0xF6, 0x2C, 0x81, 0x0F, 0x63, 0x19, 0x0B,
    0xBE, 0x9C, 0x49, 0x47, 0x46, 0x23, 0x23, 0x74, 0x4C, 0x1C, 0xE3, 0x2B, 0x30, 0xE4, 0xBA, 0xA2,
    0x38, 0x72, 0xE3, 0xB8, 0xE8, 0xAE, 0x77, 0xDA, 0xC8, 0x90, 0x4E, 0x3C, 0xFB, 0xAD, 0x07, 0xB9,
    0x35, 0xC8, 0xAB, 0x6D, 0x60, 0xC8, 0x7F, 0x8C, 0x0D, 0xE8, 0xB9, 0x72, 0xD4, 0x86, 0x43, 0x21,
    0x19, 0x16, 0x82, 0x4E, 0x33, 0xEA, 0xB2, 0xA6, 0x2E, 0xED, 0xD3, 0x86, 0xA7, 0x10, 0x7F, 0x59,
    0x85, 0x63, 0x64, 0x78, 0x9C, 0x6D, 0x8E, 0xB1, 0x0E, 0xC1, 0x50, 0x18, 0x85, 0xCF, 0xED, 0x42,
    0x22, 0x52, 0x9B, 0xD8, 0x0C, 0x26, 0x4F, 0x60, 0xD3, 0x27, 0xD0, 0xEE, 0x86, 0xDF, 0x6A, 0xAB,
    0xCD, 0x60, 0x20, 0x12, 0xB3, 0x48, 0xBA, 0x7B, 0x03, 0x6F, 0x22, 0x76, 0x93, 0xCD, 0x22, 0x37,
    0x2C, 0xA5, 0xE1, 0x1E, 0xBD, 0x7F, 0x8D, 0xBE, 0xE5, 0x3B, 0xC3, 0x37, 0x1C, 0x20, 0xAD, 0x41,
    0xC9, 0x63, 0x55, 0x42, 0x1B, 0xE8, 0x28, 0xD8, 0x54, 0xEF, 0x79, 0xA8, 0x82, 0x17, 0xAB, 0x72,
    0xF9, 0x33, 0xE6, 0xF8, 0x47, 0x76, 0xB3, 0x0B, 0x83, 0xD6, 0x95, 0x25, 0x23, 0x9C, 0xA8, 0x04,
    0x09, 0xC7, 0x26, 0x7A, 0xB3, 0x81, 0x41, 0x99, 0x5C, 0x18, 0x6A, 0xBA, 0xE5, 0x10, 0xE8, 0x6E,
    0xCE, 0x8E, 0x31, 0x56, 0xCE, 0x77, 0x12, 0xA9, 0x28, 0x77, 0xDA, 0x69, 0x6F, 0x46, 0xC9, 0x59,
    0x07, 0x52, 0x4A, 0x41, 0xE3, 0xAF, 0xC8, 0x93, 0x7D, 0xAC, 0x1D, 0xE5, 0xE1, 0x2B, 0x4B, 0x99,
    0x78, 0x77, 0x28, 0xD8, 0xB9, 0x63, 0x1B, 0x1F, 0xF9, 0x02, 0x2A, 0x6F, 0x56, 0x4E, 0x78, 0x9C,
    0x63, 0x60, 0x00, 0x82, 0x56, 0x06, 0x30, 0x50, 0xF8, 0xCF, 0x01, 0xA6, 0x2F, 0xFE, 0xCF, 0x07,
    0xD3, 0xBF, 0xFF, 0xF3, 0x80, 0xA8, 0x86, 0xFF, 0xFB, 0xC1, 0xDC, 0xAF, 0xFF, 0xB9, 0x21, 0xF4,
    0x7A, 0x88, 0xF2, 0x04, 0x4E, 0x06, 0x6C, 0x60, 0xEA, 0xDB, 0xF7, 0x35, 0x8C, 0x0C, 0x02, 0x2F,
    0xFE, 0x03, 0x81, 0x1F, 0xC3, 0x85, 0xFF, 0x60, 0xC0, 0x14, 0xF0, 0x3F, 0x9A, 0xD1, 0xE1, 0x0F,
    0xD0, 0x04, 0x0B, 0xA0, 0x92, 0x87, 0xFF, 0xF9, 0xC1, 0x4A, 0x27, 0xFC, 0xB7, 0x07, 0xDA, 0xDA,
    0x76, 0xFB, 0xDF, 0x7F, 0x7F, 0x86, 0xC6, 0x7F, 0x20, 0x75, 0xF1, 0x0E, 0x60, 0xEA, 0x7F, 0xFC,
    0xC7, 0xFF, 0xEF, 0x33, 0x55, 0x0A, 0xFF, 0xC7, 0x7F, 0x07, 0xB9, 0xA9, 0xE0, 0x7F, 0xFC, 0xAF,
    0xFF, 0x8C, 0x0C, 0x0C, 0x0B, 0xFE, 0xC7, 0xFF, 0xF8, 0xAF, 0xC5, 0xD0, 0xFC, 0xEF, 0x7F, 0xFC,
    0x27, 0x90, 0xAA, 0xF7, 0xFF, 0xE3, 0x13, 0x40, 0xB4, 0xE4, 0xFF, 0x78, 0x86, 0x49, 0xFF, 0xCE,
    0x89, 0x33, 0xFC, 0x8D, 0x07, 0x00, 0x0B, 0xD5, 0x56, 0x3B, 0x78, 0x9C, 0x75, 0x8D, 0xB1, 0x0A,
    0x81, 0x51, 0x18, 0x86, 0xDF, 0x23, 0x45, 0x49, 0xFE, 0x4D, 0x36, 0x83, 0x49, 0x06, 0xA3, 0x41,
    0x39, 0x57, 0x80, 0xDD, 0xF0, 0x59, 0x4D, 0xD8, 0x2D, 0x52, 0x66, 0x29, 0xBB, 0x3B, 0x70, 0x0B,
    0xAE, 0x40, 0x76, 0x93, 0x2C, 0x16, 0x9D, 0x28, 0x91, 0x9F, 0xF3, 0xFA, 0xCE, 0x6F, 0xF6, 0x2C,
    0xCF, 0xF2, 0xF4, 0xBE, 0x00, 0x62, 0xE6, 0xA1, 0x2C, 0xC8, 0x4D, 0xF0, 0x9D, 0x31, 0x33, 0x40,
    0x9D, 0x43, 0xCB, 0x0E, 0xB0, 0x65, 0x1A, 0x27, 0x07, 0x94, 0x6B, 0x40, 0xD4, 0xC4, 0x7F, 0x56,
    0x17, 0x37, 0x31, 0x88, 0xCE, 0x54, 0xDA, 0xD8, 0x33, 0x21, 0xD5, 0x65, 0xCF, 0xD8, 0x37, 0x73,
    0x68, 0x68, 0x72, 0x64, 0x01, 0xBF, 0xAB, 0x96, 0x0E, 0xCE, 0x0F, 0x5E, 0x0F, 0xA6, 0x3E, 0x74,
    0x62, 0x13, 0x51, 0xAE, 0x74, 0x83, 0xCA, 0x98, 0xF2, 0x60, 0x16, 0x18, 0x51, 0x5E, 0x34, 0xC0,
    0x9A, 0xF2, 0x64, 0x15, 0x33, 0x4F, 0xB9, 0x85, 0xCA, 0x51, 0xFA, 0xC1, 0x25, 0x0A, 0x96, 0x7E,
    0x57, 0xC4, 0x47, 0xBE, 0x31, 0xE1, 0x5A, 0x92, 0x78, 0x9C, 0x75, 0x8E, 0xB1, 0x0E, 0xC1, 0x50,
    0x18, 0x85, 0x4F, 0x89, 0x10, 0x24, 0xBA, 0x89, 0xCD, 0x60, 0xF2, 0x04, 0xB6, 0xF6, 0x09, 0xE8,
    0x6E, 0xF8, 0xAD, 0x62, 0xD1, 0xC9, 0xD2, 0x45, 0x24, 0xE6, 0x46, 0x62, 0x66, 0xF0, 0x08, 0xF6,
    0xBE, 0x81, 0x18, 0x6C, 0x16, 0x36, 0x8B, 0xDC, 0x20, 0x42, 0xA4, 0xEE, 0x71, 0x6F, 0x77, 0x67,
    0xF9, 0x96, 0xEF, 0xE4, 0x1C, 0x60, 0x33, 0x02, 0x26, 0x79, 0x04, 0x64, 0x19, 0x2C, 0xE2, 0x44,
    0x26, 0x21, 0x0B, 0x78, 0x24, 0x07, 0x92, 0x0E, 0x9E, 0x9E, 0x9B, 0x72, 0x05, 0x6C, 0xAB, 0x88,
    0x55, 0x09, 0xFF, 0xB3, 0xBC, 0xAA, 0xC8, 0x81, 0x7B, 0x31, 0x2D, 0x76, 0xB1, 0x67, 0x96, 0x5C,
    0xC0, 0xBE, 0xE3, 0xA7, 0xAC, 0xA0, 0x63, 0x94, 0x33, 0x6B, 0x99, 0x1A, 0xD3, 0x03, 0x9A, 0xF3,
    0xA3, 0x66, 0x0F, 0x53, 0x6D, 0x3D, 0xF1, 0x33, 0x50, 0x6E, 0x54, 0xC3, 0x56, 0x48, 0x79, 0xD1,
    0x6C, 0x8D, 0x29, 0x1F, 0x73, 0x01, 0x6B, 0xCA, 0x9B, 0x6D, 0xCC, 0x34, 0xE5, 0x6E, 0x2D, 0x45,
    0x19, 0x58, 0x36, 0x28, 0x58, 0xE8, 0x5D, 0x1D, 0x5F, 0xF9, 0x01, 0x7D, 0xB8, 0x5F, 0xA2, 0x78,
    0x9C, 0x75, 0x8A, 0x31, 0x0B, 0x01, 0x71, 0x1C, 0x86, 0xDF, 0xA3, 0xA4, 0x0C, 0x6E, 0x93, 0xCD,
    0x60, 0xB2, 0x30, 0xDA, 0xDC, 0x27, 0xC0, 0xAE, 0xFC, 0xAC, 0x36, 0x76, 0x8B, 0xAE, 0xCC, 0x52,
    0x76, 0x9F, 0x48, 0x76, 0x0B, 0x83, 0xB2, 0x5C, 0xD7, 0x59, 0x48, 0xFC, 0x1F, 0x77, 0x57, 0x6C,
    0x9E, 0xE5, 0xE9, 0xED, 0x7D, 0x14, 0x44, 0x25, 0x5D, 0xC6, 0xD2, 0x89, 0xB6, 0x0F, 0x52, 0x82,
    0x75, 0xA0, 0xF8, 0xDB, 0xDF, 0xFF, 0x2F, 0xDB, 0x28, 0x5E, 0x78, 0xF2, 0xAF, 0xA4, 0xF4, 0x75,
    0x20, 0xA7, 0x30, 0x64, 0xE4, 0x05, 0x2F, 0x2A, 0xEA, 0xA6, 0xC9, 0x99, 0x6A, 0x9E, 0xAE, 0xE9,
    0x49, 0x8D, 0xD5, 0xD1, 0x31, 0xD0, 0xD2, 0x65, 0x9D, 0x05, 0xB9, 0xB0, 0x84, 0x78, 0xDA, 0x9C,
    0x63, 0x77, 0xCA, 0xD2, 0x0C, 0x7B, 0xE2, 0x49, 0x3B, 0xEC, 0x41, 0x4B, 0xA1, 0xC3, 0x6E, 0x59,
    0x15, 0x63, 0x93, 0xCC, 0x75, 0x4C, 0x1B, 0xB7, 0xAF, 0xE9, 0x6D, 0x1F, 0x8C, 0x76, 0x5B, 0xA4,
    0x78, 0x9C, 0x75, 0x8E, 0xB1, 0x0E, 0x01, 0x41, 0x14, 0x45, 0xEF, 0x88, 0x04, 0x51, 0xAC, 0x4E,
    0x74, 0x0A, 0x95, 0x2F, 0xD0, 0xD9, 0x2F, 0x40, 0xAF, 0x78, 0xDB, 0xEA, 0x56, 0xAF, 0x11, 0x89,
    0x96, 0x48, 0xF4, 0xFE, 0xC4, 0x1F, 0xA0, 0x94, 0xA8, 0x74, 0xDB, 0xC8, 0xC4, 0x16, 0x88, 0x30,
    0xD7, 0x9B, 0xA1, 0x75, 0x9A, 0x93, 0xDC, 0x9C, 0x97, 0x3C, 0x00, 0x47, 0x5B, 0x81, 0xB2, 0x21,
    0xB7, 0xDE, 0xF9, 0x22, 0x65, 0x51, 0x7D, 0x8B, 0xE0, 0x4A, 0x3F, 0x97, 0xC3, 0x9E, 0x84, 0x5D,
    0xBB, 0xBD, 0xEF, 0x90, 0x7D, 0xEF, 0xFE, 0xB1, 0xBE, 0xD8, 0x89, 0x41, 0x2D, 0xA3, 0xD2, 0xC3,
    0x81, 0x81, 0xC2, 0x80, 0x43, 0x13, 0xBF, 0x58, 0x45, 0x47, 0x93, 0x33, 0xA3, 0x90, 0x2E, 0xD9,
    0x05, 0x9A, 0xF3, 0x93, 0x63, 0x1F, 0x53, 0xE7, 0x3B, 0x89, 0x83, 0x28, 0x57, 0xDA, 0x51, 0x6B,
    0x4C, 0xB9, 0x53, 0x7F, 0x48, 0x29, 0x4F, 0x1A, 0xFF, 0x82, 0x3C, 0xD8, 0xC6, 0xCC, 0x51, 0x72,
    0x5F, 0x59, 0x4A, 0xE2, 0xDD, 0xA0, 0x60, 0xE5, 0x76, 0x75, 0xBC, 0xE5, 0x03, 0x5B, 0xD9, 0x5E,
    0x67, 0x78, 0x9C, 0x63, 0x28, 0x7C, 0x73, 0x9E, 0x95, 0xE1, 0xC6, 0x7B, 0x0E, 0x86, 0x86, 0xFF,
    0xFF, 0xFF, 0xD7, 0x5F, 0xF8, 0xFF, 0xFF, 0x3C, 0x98, 0xF5, 0xFF, 0xF7, 0xFF, 0x7F, 0xFF, 0x39,
    0x05, 0xD6, 0x31, 0x17, 0xFE, 0xFF, 0x2F, 0xE5, 0xF0, 0x9F, 0x9F, 0x01, 0x08, 0x7E, 0x9F, 0x67,
    0x60, 0xF8, 0x15, 0xCF, 0xC0, 0x10, 0x78, 0xEB, 0x7F, 0x3D, 0x03, 0xC3, 0xF7, 0x7E, 0x88, 0x42,
    0x20, 0x98, 0x2F, 0xF0, 0x17, 0xC6, 0xDA, 0xF0, 0xFF, 0xBC, 0xDA, 0x4F, 0x10, 0xAB, 0xFF, 0xD3,
    0x7F, 0x4E, 0x86, 0x1F, 0xF5, 0x20, 0x7D, 0x5F, 0xFF, 0x33, 0x32, 0x7C, 0xDD, 0x0F, 0x62, 0x7D,
    0x03, 0xB1, 0xFE, 0x33, 0x03, 0x59, 0x5F, 0xFE, 0x4B, 0x02, 0x4D, 0xCE, 0x53, 0x3C, 0xCA, 0xF8,
    0x01, 0xA8, 0xF8, 0x3C, 0x48, 0x07, 0x67, 0x02, 0x90, 0xE0, 0xFA, 0x02, 0x24, 0x78, 0x19, 0x8E,
    0xBE, 0xF7, 0x66, 0x10, 0xB8, 0xF1, 0x3F, 0x87, 0x01, 0x00, 0xA0, 0xBA, 0x5E, 0x34, 0x78, 0x9C,
    0x63, 0x60, 0x30, 0x38, 0xF1, 0xEF, 0x9C, 0x06, 0x03, 0x83, 0xC2, 0xEF, 0xFF, 0x40, 0xC0, 0xC9,
    0xF0, 0x05, 0x44, 0xFD, 0x8F, 0x57, 0xF8, 0xFF, 0x3F, 0x97, 0xC9, 0xF1, 0x37, 0xE7, 0x81, 0xFF,
    0xFB, 0x19, 0x18, 0x18, 0x1C, 0x18, 0x3E, 0xFD, 0xE7, 0x63, 0x00, 0x81, 0x6F, 0xFF, 0x39, 0xC0,
    0xF4, 0x8F, 0xFF, 0x6C, 0x28, 0xF4, 0x77, 0xA0, 0x56, 0x10, 0xF8, 0x0C, 0x55, 0x77, 0x01, 0xA2,
    0x8F, 0xCD, 0x01, 0x68, 0x0E, 0xA3, 0xE3, 0x6F, 0x7B, 0xA0, 0x46, 0x10, 0xD8, 0xCF, 0xE0, 0xF0,
    0x0F, 0x62, 0x0F, 0x43, 0xC0, 0xAD, 0xFF, 0xFB, 0xC4, 0xC1, 0x6A, 0xFF, 0xB2, 0x83, 0xA9, 0x84,
    0xF7, 0x0C, 0x50, 0xAD, 0xDA, 0x60, 0x5A, 0xE0, 0x1B, 0x54, 0x60, 0xC1, 0x7F, 0x26, 0x10, 0xA5,
    0xF0, 0xED, 0x3F, 0x23, 0x88, 0xFE, 0xFF, 0x3F, 0x1F, 0x2C, 0xFC, 0xA6, 0x1B, 0x28, 0x0C, 0x00,
    0x18, 0x22, 0x44, 0xAB, 0x78, 0x9C, 0x63, 0x60, 0x98, 0xC0, 0xC2, 0x00, 0x06, 0x3F, 0xF5, 0xC0,
    0x54, 0xC3, 0xFF, 0xFB, 0x60, 0x5A, 0xE0, 0xCF, 0x7F, 0x2E, 0x30, 0xE3, 0xE0, 0xFF, 0x7A, 0x88,
    0x82, 0xDF, 0xFF, 0x21, 0x2A, 0x37, 0x40, 0x69, 0x86, 0x28, 0x06, 0x6C, 0xA0, 0xF1, 0xCD, 0xFB,
    0x1A, 0x46, 0x90, 0x39, 0x40, 0x10, 0x07, 0xD2, 0x05, 0x02, 0xAC, 0x13, 0xFE, 0x9F, 0x17, 0x15,
    0x78, 0xF6, 0x9F, 0xEF, 0xF3, 0x7F, 0x6E, 0x06, 0x06, 0x85, 0xFF, 0xF9, 0x3F, 0xFF, 0x33, 0x01,
    0xD5, 0xFE, 0xDA, 0xFF, 0x17, 0x2C, 0xFD, 0xFF, 0xFE, 0x7F, 0x54, 0xFA, 0xFC, 0xDF, 0xF7, 0x50,
    0x57, 0x41, 0x2D, 0xFB, 0xFC, 0x1F, 0xE4, 0x3C, 0x05, 0x86, 0x09, 0xFF, 0xFF, 0x5B, 0x32, 0x3A,
    0xFE, 0x62, 0x83, 0x9A, 0xCB, 0x07, 0xB1, 0xE7, 0x3D, 0x3B, 0x03, 0x43, 0xE1, 0xEB, 0xFF, 0x6B,
    0xD9, 0x18, 0x00, 0xB4, 0x01, 0x56, 0x06, 0x78, 0x9C, 0x63, 0x60, 0x00, 0x82, 0x0C, 0x06, 0x30,
    0x08, 0xF8, 0xCF, 0x0A, 0xA6, 0x3F, 0xFD, 0xB7, 0x07, 0x51, 0x02, 0x7F, 0xFF, 0x73, 0x82, 0xE8,
    0x0D, 0xFF, 0xE7, 0x83, 0x85, 0x7F, 0xFC, 0xE7, 0x80, 0xD0, 0xF5, 0x10, 0xE5, 0x13, 0xD8, 0x18,
    0xB0, 0x81, 0xC6, 0x37, 0xEF, 0x6B, 0x18, 0x19, 0x18, 0x1A, 0xFE, 0x03, 0x41, 0x1C, 0x03, 0xC3,
    0x6F, 0x10, 0xFD, 0x9F, 0x75, 0xC2, 0xFF, 0xF3, 0xA2, 0x02, 0xCF, 0xFE, 0xF3, 0x7D, 0xFE, 0xCF,
    0xCD, 0xC0, 0xA0, 0xF0, 0x3F, 0xFF, 0xE7, 0x7F, 0x26, 0xA0, 0xDA, 0x5F, 0xFB, 0xFF, 0x82, 0xA5,
    0xFF, 0xDF, 0xFF, 0x8F, 0x4A, 0x9F, 0xFF, 0xFB, 0x1E, 0x62, 0xDA, 0xCF, 0xFF, 0x2C, 0x60, 0xFA,
    0xF3, 0x7F, 0x3D, 0x20, 0xA9, 0xC0, 0x30, 0xE1, 0xFF, 0x7F, 0x4B, 0x46, 0xC7, 0x5F, 0x6C, 0x50,
    0x73, 0xF9, 0x20, 0xF6, 0xBC, 0x67, 0x67, 0x60, 0x28, 0x7C, 0xFD, 0x7F, 0x2D, 0x1B, 0x03, 0x00,
    0x8A, 0x23, 0x55, 0xE9, 0x78, 0x9C, 0x63, 0x60, 0x10, 0xF8, 0xFB, 0x9F, 0x8B, 0x01, 0x08, 0x36,
    0xFC, 0xFF, 0x5F, 0x0F, 0xA2, 0x7F, 0xFC, 0xFF, 0xFD, 0x9F, 0x85, 0x81, 0x21, 0xE0, 0xBF, 0x5D,
    0xC1, 0x7F, 0x7D, 0x06, 0x86, 0x07, 0xF7, 0x99, 0x18, 0xBE, 0xEE, 0x67, 0x60, 0x70, 0x90, 0x66,
    0x60, 0x30, 0x90, 0x61, 0xC0, 0x0D, 0x1A, 0xDF, 0xBC, 0xAF, 0x61, 0x64, 0x60, 0x68, 0xF8, 0x0F,
    0x04, 0x71, 0x0C, 0x0C, 0xBF, 0x41, 0xF4, 0x7F, 0xD6, 0x09, 0xFF, 0xCF, 0x8B, 0x0A, 0x3C, 0xFB,
    0xCF, 0xF7, 0xF9, 0x3F, 0x37, 0x03, 0x83, 0xC2, 0xFF, 0xFC, 0x9F, 0xFF, 0x99, 0x80, 0x6A, 0x7F,
    0xED, 0xFF, 0x0B, 0x96, 0xFE, 0x7F, 0xFF, 0x3F, 0x2A, 0x7D, 0xFE, 0xEF, 0x7B, 0x88, 0x69, 0x3F,
    0x41, 0x6E, 0x00, 0x82, 0xCF, 0xFF, 0xF5, 0x80, 0xA4, 0x02, 0xC3, 0x84, 0xFF, 0xFF, 0x2D, 0x19,
    0x1D, 0x7F, 0xB1, 0x41, 0xCD, 0xE5, 0x83, 0xD8, 0xF3, 0x9E, 0x9D, 0x81, 0xA1, 0xF0, 0xF5, 0xFF,
    0xB5, 0x6C, 0x0C, 0x00, 0x90, 0x63, 0x5A, 0x0D, 0x78, 0x9C, 0x63, 0x48, 0x78, 0xC7, 0xC2, 0xF0,
    0xDC, 0x96, 0x81, 0xE1, 0xE3, 0x7F, 0x3E, 0x83, 0xFF, 0xF7, 0x19, 0x18, 0xBE, 0xFC, 0xD7, 0x4F,
    0xF8, 0xFF, 0x1F, 0xC1, 0x87, 0xC9, 0xE3, 0x04, 0x8D, 0x6F, 0xDE, 0xD7, 0x30, 0x32, 0x30, 0x34,
    0xFC, 0x07, 0x82, 0x38, 0x06, 0x86, 0xDF, 0x20, 0xFA, 0x3F, 0xEB, 0x84, 0xFF, 0xE7, 0x45, 0x05,
    0x9E, 0xFD, 0xE7, 0xFB, 0xFC, 0x9F, 0x9B, 0x81, 0x41, 0xE1, 0x7F, 0xFE, 0xCF, 0xFF, 0x4C, 0x40,
    0xB5, 0xBF, 0xF6, 0xFF, 0x05, 0x4B, 0xFF, 0xBF, 0xFF, 0x1F, 0x95, 0x3E, 0xFF, 0xF7, 0x3D, 0xC4,
    0xB4, 0x9F, 0xFF, 0x59, 0xC0, 0xF4, 0xE7, 0xFF, 0x7A, 0x40, 0x52, 0x81, 0x61, 0xC2, 0xFF, 0xFF,
    0x96, 0x8C, 0x8E, 0xBF, 0xD8, 0xA0, 0xE6, 0xF2, 0x41, 0xEC, 0x79, 0xCF, 0xCE, 0xC0, 0x50, 0xF8,
    0xFA, 0xFF, 0x5A, 0x36, 0x06, 0x00, 0xE1, 0xB0, 0x5B, 0x12, 0x78, 0x9C, 0x63, 0x60, 0x60, 0x88,
    0x60, 0x00, 0x82, 0x86, 0xFF, 0x4C, 0x40, 0xF2, 0xDB, 0x7F, 0x59, 0x20, 0x79, 0xE0, 0xFF, 0x7E,
    0x90, 0xD0, 0xEF, 0xFF, 0x9C, 0x40, 0x72, 0xC3, 0xFF, 0x78, 0x10, 0xE7, 0x17, 0x98, 0x9C, 0xC0,
    0xC6, 0x80, 0x04, 0x3E, 0xFF, 0x07, 0x82, 0xF9, 0xC8, 0x24, 0x50, 0xD0, 0x80, 0x7A, 0x24, 0x00,
    0x8D, 0x20, 0x34, 0x8A, 0x78, 0x9C, 0x63, 0x60, 0x00, 0x82, 0x02, 0x76, 0x06, 0x30, 0xF8, 0x52,
    0x0F, 0xA6, 0x14, 0xFE, 0xFD, 0x67, 0x05, 0xD1, 0x17, 0xFE, 0xAF, 0x07, 0xF3, 0x7F, 0xFD, 0xE7,
    0x02, 0xAB, 0xFA, 0x3F, 0x9F, 0x01, 0x42, 0x73, 0x40, 0x94, 0xB7, 0x33, 0x60, 0x82, 0xCF, 0xFF,
    0x81, 0x60, 0x3E, 0x26, 0x0D, 0x04, 0x06, 0xF4, 0xA0, 0x01, 0x0A, 0x27, 0x34, 0xBA, 0x78, 0x9C,
    0x63, 0x60, 0x60, 0xB8, 0xF0, 0x7F, 0x3F, 0x03, 0x08, 0xFC, 0xFA, 0xFF, 0x9F, 0x13, 0x48, 0x15,
    0xFC, 0xDF, 0xFF, 0x3F, 0x1F, 0x48, 0x7F, 0xF9, 0xCF, 0xF2, 0xED, 0x3F, 0x33, 0x03, 0xC3, 0x3F,
    0x3B, 0x06, 0x87, 0xFF, 0x3C, 0x0C, 0x0C, 0x87, 0x19, 0x19, 0x18, 0x0E, 0x31, 0x31, 0xE0, 0x00,
    0x9F, 0xFF, 0x03, 0xC1, 0x7C, 0x4C, 0x1A, 0x08, 0x0C, 0xE8, 0x41, 0x03, 0x00, 0x4D, 0xD1, 0x39,
    0x4A, 0x78, 0x9C, 0x63, 0x60, 0x78, 0x1A, 0xC7, 0x90, 0x70, 0x8F, 0x85, 0x41, 0xE0, 0xFF, 0x7F,
    0xC6, 0x4F, 0xFF, 0xF9, 0x18, 0x0C, 0xFE, 0xFF, 0x67, 0xFE, 0xFA, 0x5F, 0x9E, 0x81, 0x01, 0xCA,
    0x87, 0xC9, 0xE3, 0x00, 0x9F, 0xFF, 0x03, 0xC1, 0x7C, 0x4C, 0x1A, 0x08, 0x0C, 0xE8, 0x41, 0x03,
    0x00, 0x12, 0x25, 0x39, 0x7B, 0x78, 0x9C, 0x1D, 0x8E, 0x3D, 0x0E, 0x01, 0x71, 0x10, 0xC5, 0x47,
    0xB0, 0xE2, 0x33, 0x5B, 0x49, 0x54, 0x74, 0xA2, 0x53, 0x8A, 0xC6, 0x05, 0x14, 0x8E, 0xE0, 0x04,
    0x38, 0x81, 0xC2, 0x09, 0x1C, 0x80, 0x70, 0x03, 0x12, 0x07, 0xE0, 0x06, 0xAE, 0x40, 0x43, 0x68,
    0x7C, 0x26, 0xEC, 0xC6, 0xE6, 0xE7, 0xFD, 0x77, 0x92, 0xC9, 0xFB, 0x65, 0x26, 0xF3, 0xE6, 0x99,
    0xAD, 0x1B, 0x66, 0x56, 0x56, 0x7F, 0xA9, 0xD8, 0x79, 0x21, 0x38, 0x73, 0xBB, 0x30, 0x16, 0xD8,
    0x07, 0x06, 0x4E, 0x6B, 0x01, 0xE4, 0xA5, 0xCD, 0x90, 0x19, 0x2B, 0x41, 0x9F, 0xAE, 0x96, 0x19,
    0x51, 0xCB, 0x6C, 0x49, 0x55, 0x30, 0x89, 0xF6, 0x65, 0xB7, 0x1B, 0x01, 0xDB, 0x80, 0x84, 0xFC,
    0x54, 0x11, 0x5E, 0x13, 0xEA, 0xFE, 0x09, 0x72, 0x6B, 0x3A, 0x66, 0xFE, 0x8F, 0xC2, 0x9D, 0xAC,
    0x0E, 0x8E, 0x14, 0x9F, 0xA4, 0xCD, 0xDD, 0x97, 0x5E, 0xA4, 0x62, 0xD0, 0xC4, 0x13, 0xEC, 0xC8,
    0x1F, 0xE2, 0x87, 0x0F, 0x32, 0x53, 0x86, 0x82, 0x90, 0x84, 0x0F, 0x6D, 0xDB, 0xA0, 0x84, 0x6F,
    0xE7, 0x4C, 0x41, 0x79, 0x22, 0xA9, 0xCB, 0x63, 0xBD, 0x2B, 0xF3, 0xA4, 0xD9, 0x1F, 0x68, 0xC3,
    0x5D, 0xE6, 0x78, 0x9C, 0xA5, 0x8C, 0xA1, 0x0D, 0xC2, 0x50, 0x14, 0x00, 0x2F, 0x40, 0x08, 0x84,
    0x8A, 0x5A, 0x1C, 0x1B, 0x74, 0x01, 0x44, 0x47, 0xA8, 0xC7, 0xB0, 0x01, 0xC1, 0xE1, 0x18, 0x81,
    0x30, 0x01, 0x20, 0xD0, 0x5F, 0x31, 0x0A, 0x9A, 0x05, 0x48, 0x3E, 0xE2, 0x25, 0x0D, 0x02, 0x8E,
    0x2A, 0x1C, 0x8A, 0x33, 0xA7, 0xEE, 0xE0, 0xBC, 0x80, 0x4D, 0x9F, 0xA5, 0x8E, 0x67, 0x0E, 0x79,
    0x68, 0xDA, 0x3B, 0x20, 0xD2, 0x55, 0x85, 0xB6, 0x2A, 0x5F, 0x6E, 0xE1, 0x32, 0xE1, 0x94, 0x47,
    0xFC, 0x22, 0x32, 0xEB, 0xFB, 0x6D, 0x4A, 0x58, 0xBF, 0x35, 0xF7, 0xC2, 0x67, 0x97, 0x5B, 0x84,
    0xCE, 0xCB, 0xD6, 0x2A, 0x4C, 0x70, 0x74, 0x15, 0x16, 0xD0, 0xB8, 0x0B, 0xBB, 0x57, 0xFD, 0xF5,
    0xE1, 0x5F, 0x7F, 0x00, 0xED, 0xF5, 0x5B, 0x5D, 0x78, 0x9C, 0x63, 0x60, 0x50, 0xE0, 0x66, 0x80,
    0x80, 0x47, 0xF3, 0xA1, 0x8C, 0x7F, 0xFF, 0xD9, 0x20, 0x8C, 0x6F, 0xFF, 0xED, 0x21, 0x8C, 0x80,
    0xFF, 0xEF, 0x19, 0x21, 0xAC, 0x2F, 0xFF, 0x79, 0x20, 0x0C, 0x07, 0x18, 0x83, 0x61, 0x33, 0x03,
    0x0E, 0xE0, 0x70, 0xEB, 0xFF, 0x5C, 0x66, 0x20, 0xAD, 0xF0, 0xE7, 0xFF, 0xFF, 0xFF, 0xEB, 0x41,
    0x36, 0xFC, 0x07, 0x01, 0x59, 0x06, 0x86, 0xBF, 0xFF, 0xAD, 0x19, 0xAE, 0xFC, 0xDF, 0xCF, 0x50,
    0x00, 0xC4, 0x0C, 0x02, 0x7F, 0xFF, 0xB3, 0x5C, 0xF8, 0xAF, 0x0F, 0x94, 0xFF, 0xFA, 0x9F, 0xEB,
    0xE3, 0x7F, 0x5E, 0x20, 0xE3, 0xC3, 0x7F, 0xBE, 0xCF, 0xFF, 0x41, 0xEE, 0x7A, 0xF0, 0x9F, 0x1F,
    0xCE, 0x80, 0x4B, 0xC1, 0x15, 0x37, 0xC0, 0xB4, 0x03, 0x9D, 0x0C, 0x31, 0x90, 0xE1, 0x33, 0xCC,
    0x0A, 0x85, 0xBF, 0x40, 0x7A, 0x3F, 0xC8, 0xD5, 0x01, 0x10, 0x67, 0x00, 0x00, 0xFC, 0xF2, 0x51,
    0x2A, 0x78, 0x9C, 0x63, 0x60, 0x00, 0x82, 0x8D, 0x8C, 0x0C, 0x10, 0xF0, 0x47, 0x16, 0x42, 0x4F,
    0xF8, 0x7F, 0x1E, 0xC2, 0xF8, 0xF6, 0xDF, 0x0E, 0x4C, 0x1B, 0xFC, 0x7F, 0xCF, 0x0C, 0x66, 0x3C,
    0xFC, 0xAF, 0x07, 0x91, 0x79, 0x78, 0x9F, 0x09, 0xC2, 0x50, 0x90, 0x66, 0xC0, 0x01, 0x1C, 0x6E,
    0xFD, 0x9F, 0x0B, 0xD2, 0xA5, 0xF0, 0xE7, 0xFF, 0xFF, 0xFF, 0xEB, 0x81, 0x8C, 0x47, 0xFF, 0x41,
    0x00, 0x68, 0xC7, 0xDF, 0xFF, 0xD6, 0x0C, 0x57, 0xFE, 0xEF, 0x67, 0x28, 0x00, 0x62, 0x06, 0x81,
    0xBF, 0xFF, 0x59, 0x2E, 0xFC, 0xD7, 0x07, 0xCA, 0x7F, 0xFD, 0xCF, 0xF5, 0xF1, 0x3F, 0x2F, 0x90,
    0xF1, 0xE1, 0x3F, 0xDF, 0xE7, 0xFF, 0xDC, 0x40, 0xC6, 0x83, 0xFF, 0xFC, 0x70, 0x06, 0x5C, 0x0A,
    0xAE, 0xB8, 0x01, 0xA6, 0x9D, 0xE1, 0x1F, 0xD4, 0x40, 0x86, 0xCF, 0x30, 0x2B, 0x14, 0xFE, 0x02,
    0xE9, 0xFD, 0x20, 0x8F, 0x05, 0x40, 0x9C, 0x01, 0x00, 0x4E, 0x55, 0x51, 0x93, 0x78, 0x9C, 0x63,
    0x60, 0x60, 0xF8, 0xF6, 0xDF, 0x9E, 0x01, 0x04, 0x0C, 0xFE, 0xFF, 0x7F, 0xCF, 0x08, 0x62, 0x3C,
    0xFC, 0xFF, 0xE6, 0x3F, 0x0F, 0x88, 0xF1, 0x67, 0xBD, 0xC0, 0x9F, 0xF5, 0x40, 0xBA, 0xE0, 0x3F,
    0x07, 0xC3, 0x86, 0xFF, 0x2C, 0x40, 0x56, 0x16, 0x10, 0x77, 0x32, 0xE0, 0x07, 0x0E, 0xB7, 0xFE,
    0xCF, 0x65, 0x06, 0xD2, 0x0A, 0x7F, 0xFE, 0xFF, 0xFF, 0x0F, 0xD2, 0xFE, 0xE8, 0x3F, 0x08, 0xC8,
    0x32, 0x30, 0xFC, 0xFD, 0x6F, 0xCD, 0x70, 0xE5, 0xFF, 0x7E, 0xA0, 0x79, 0xFB, 0x19, 0x18, 0x04,
    0xFE, 0xFE, 0x67, 0xB9, 0xF0, 0x5F, 0x1F, 0x28, 0xFF, 0xF5, 0x3F, 0xD7, 0xC7, 0xFF, 0xBC, 0x40,
    0xC6, 0x87, 0xFF, 0x7C, 0x9F, 0xFF, 0x73, 0x03, 0x19, 0x0F, 0xFE, 0xF3, 0xC3, 0x19, 0x70, 0x29,
    0xB8, 0xE2, 0x06, 0x98, 0x76, 0x86, 0x7F, 0x50, 0x03, 0x19, 0x3E, 0xC3, 0xAC, 0x50, 0xF8, 0x0B,
    0xA4, 0xF7, 0x83, 0xBC, 0x11, 0x00, 0x71, 0x06, 0x00, 0xA6, 0x2F, 0x55, 0xB7, 0x78, 0x9C, 0x63,
    0x60, 0x98, 0x38, 0x9B, 0x91, 0xA1, 0x84, 0x8D, 0x81, 0x41, 0xE0, 0xDF, 0x7F, 0x3D, 0x86, 0xDF,
    0xBC, 0x0C, 0x0C, 0x0D, 0xFF, 0xFF, 0xBF, 0x57, 0xFE, 0xCF, 0xCD, 0xC0, 0x70, 0xE1, 0xFD, 0xD4,
    0xFF, 0xFF, 0xFF, 0x03, 0xA5, 0x3E, 0xCC, 0x67, 0xF8, 0xF1, 0xFF, 0x3D, 0x03, 0x03, 0xC3, 0x02,
    0x6F, 0x86, 0x84, 0x7F, 0xDA, 0x0C, 0xF8, 0x81, 0xC3, 0xAD, 0xFF, 0x73, 0x99, 0x81, 0xB4, 0xC2,
    0x1F, 0xA0, 0xEE, 0xF5, 0x40, 0xC6, 0xA3, 0xFF, 0x20, 0x20, 0xCB, 0xC0, 0xF0, 0xF7, 0xBF, 0x35,
    0xC3, 0x95, 0xFF, 0xFB, 0x19, 0x0A, 0x80, 0x98, 0x41, 0xE0, 0xEF, 0x7F, 0x96, 0x0B, 0xFF, 0xF5,
    0x81, 0xF2, 0x5F, 0xFF, 0x73, 0x7D, 0xFC, 0x0F, 0xB4, 0x98, 0xE1, 0xC3, 0x7F, 0xBE, 0xCF, 0x20,
    0x8B, 0x19, 0x1E, 0xFC, 0xE7, 0x87, 0x33, 0xE0, 0x52, 0x70, 0xC5, 0x0D, 0x30, 0xED, 0x0C, 0xFF,
    0xA0, 0x06, 0x32, 0x7C, 0x86, 0x59, 0xA1, 0xF0, 0x17, 0x48, 0xEF, 0x67, 0x04, 0x2A, 0x0C, 0x80,
    0x38, 0x03, 0x00, 0x5B, 0x35, 0x5A, 0xCF, 0x78, 0x9C, 0x63, 0x10, 0xF8, 0xCD, 0xC5, 0x70, 0x68,
    0x3E, 0x03, 0x03, 0xC3, 0x84, 0xFF, 0xF5, 0x0C, 0xBF, 0xFF, 0xB3, 0x32, 0x30, 0x6C, 0xF8, 0xBF,
    0x9E, 0xE1, 0xEF, 0x7F, 0x0E, 0x06, 0x86, 0x06, 0xA0, 0xC8, 0x2F, 0x90, 0x08, 0x5C, 0x0D, 0x3E,
    0xE0, 0x70, 0xEB, 0xFF, 0x5C, 0x66, 0x20, 0xAD, 0xF0, 0xE7, 0xFF, 0x7F, 0xA0, 0x09, 0x0C, 0x0C,
    0x8F, 0xFE, 0x83, 0x80, 0x2C, 0x03, 0xD0, 0x30, 0x6B, 0x86, 0x2B, 0xFF, 0xF7, 0x33, 0x14, 0x00,
    0x31, 0x83, 0xC0, 0xDF, 0xFF, 0x2C, 0x17, 0xFE, 0xEB, 0x03, 0xE5, 0xBF, 0xFE, 0xE7, 0xFA, 0xF8,
    0x9F, 0x17, 0xC8, 0xF8, 0xF0, 0x9F, 0xEF, 0xF3, 0x7F, 0x6E, 0x20, 0xE3, 0xC1, 0x7F, 0x7E, 0x38,
    0x03, 0x2E, 0x05, 0x57, 0xDC, 0x00, 0xD3, 0xCE, 0xF0, 0x0F, 0x6A, 0x20, 0xC3, 0x67, 0x98, 0x15,
    0x0A, 0x7F, 0x81, 0xF4, 0x7E, 0x46, 0xA0, 0xC2, 0x00, 0x88, 0x33, 0x00, 0xC0, 0x69, 0x56, 0x62,
    0x78, 0x9C, 0x63, 0x60, 0x60, 0x78, 0x91, 0xC7, 0x00, 0x02, 0x06, 0xFF, 0xFF, 0xA3, 0xD0, 0x0C,
    0x2F, 0xE2, 0x18, 0x30, 0xC1, 0xB7, 0xFF, 0x60, 0x60, 0x8F, 0x4E, 0x63, 0x51, 0x8A, 0xD7, 0x5C,
    0x00, 0x6F, 0x20, 0x23, 0x7E, 0x78, 0x9C, 0x25, 0x8E, 0xCD, 0x0D, 0x82, 0x60, 0x10, 0x44, 0x07,
    0x41, 0x0F, 0xF8, 0x47, 0x03, 0x18, 0x3B, 0xD0, 0x02, 0x48, 0xC4, 0x0E, 0x2C, 0xC1, 0x0E, 0xB4,
    0x04, 0x1A, 0xB1, 0x06, 0x4B, 0xA0, 0x05, 0x2F, 0x5E, 0xBC, 0x40, 0x88, 0x27, 0x2F, 0xE6, 0x8B,
    0x26, 0xC6, 0x04, 0x78, 0x2E, 0x38, 0xC9, 0xCB, 0x4E, 0xB2, 0xD9, 0x9D, 0x91, 0x7A, 0x6D, 0x8D,
    0xF4, 0xC6, 0xC9, 0x6F, 0x46, 0x5A, 0xD6, 0xC0, 0x13, 0x5F, 0x15, 0x9D, 0x0E, 0x52, 0x43, 0x12,
    0xDD, 0xC9, 0x75, 0x34, 0xF4, 0x81, 0xE0, 0xC2, 0x4A, 0x3B, 0x6A, 0x42, 0xC7, 0x54, 0xEF, 0xDC,
    0x31, 0x7B, 0x31, 0x5E, 0x33, 0x29, 0x99, 0x9B, 0xA9, 0x0A, 0xCF, 0x8C, 0x23, 0x6E, 0x16, 0xB2,
    0x55, 0x49, 0xC1, 0xC0, 0xCE, 0xC2, 0x0C, 0x36, 0x8A, 0x5A, 0x02, 0x23, 0xD1, 0xB5, 0x7B, 0xF6,
    0xED, 0x23, 0x62, 0xED, 0x69, 0x6D, 0xE6, 0x9E, 0xB2, 0x73, 0xFA, 0xB0, 0x1A, 0x56, 0x67, 0xF8,
    0x6F, 0xA6, 0x1F, 0x36, 0x86, 0x54, 0xEF, 0x78, 0x9C, 0x63, 0x60, 0x58, 0xC2, 0x00, 0x06, 0x0E,
    0xFF, 0xD9, 0xC1, 0xF4, 0xA7, 0xFF, 0xFE, 0x60, 0xBA, 0xE0, 0xFF, 0x7B, 0x26, 0x30, 0xE3, 0xFB,
    0x7F, 0x5E, 0x30, 0x9D, 0xF0, 0x7F, 0x3F, 0x44, 0xE5, 0xD7, 0xF5, 0x10, 0x3A, 0x80, 0x8B, 0x01,
    0x13, 0xFC, 0xFE, 0xCF, 0xC8, 0xC0, 0x70, 0xE0, 0x3F, 0x3F, 0xA5, 0xF4, 0x2F, 0x38, 0xCD, 0x0C,
    0x72, 0x13, 0xFF, 0x0F, 0xA0, 0xF3, 0x04, 0xFE, 0xFE, 0xE7, 0xFF, 0xF2, 0x3F, 0x9E, 0xE1, 0xCA,
    0xFF, 0xFF, 0xFC, 0x0F, 0xFE, 0x03, 0x41, 0xDF, 0x7F, 0x7E, 0x07, 0x20, 0x75, 0xDE, 0xE9, 0x3F,
    0x3F, 0xC3, 0xA2, 0x7F, 0xE7, 0xD8, 0x14, 0xFE, 0xF3, 0x03, 0x00, 0xB6, 0x8F, 0x4F, 0x41, 0x78,
    0x9C, 0x63, 0x60, 0x60, 0x60, 0x50, 0xE0, 0x66, 0x00, 0x83, 0x8B, 0xFB, 0x21, 0xF4, 0xEF, 0xFF,
    0x5C, 0x20, 0xAA, 0xE1, 0xFF, 0x7B, 0x26, 0x10, 0xFD, 0xF5, 0xBF, 0x2C, 0x88, 0x52, 0xF8, 0x7F,
    0x9F, 0x11, 0x4C, 0xFF, 0x93, 0x81, 0x28, 0xDB, 0xCC, 0x80, 0x05, 0xFC, 0xFE, 0x0F, 0x54, 0x74,
    0xE0, 0x3F, 0x3F, 0xA5, 0xF4, 0x2F, 0x38, 0xCD, 0xCC, 0xC0, 0xF0, 0xE9, 0x3F, 0xFF, 0x8F, 0xFF,
    0xEC, 0x0C, 0x02, 0x7F, 0xFF, 0xF3, 0x7F, 0xF9, 0x1F, 0xCF, 0x70, 0xE5, 0xFF, 0x7F, 0xFE, 0x07,
    0xFF, 0x81, 0xA0, 0xEF, 0x3F, 0xBF, 0x03, 0x90, 0x3A, 0xEF, 0xF4, 0x9F, 0x9F, 0x61, 0xD1, 0xBF,
    0x73, 0x6C, 0x0A, 0xFF, 0xF9, 0x01, 0x44, 0xBC, 0x4E, 0xC4, 0x78, 0x9C, 0xA5, 0xC5, 0xCB, 0x0D,
    0x01, 0x01, 0x14, 0x40, 0xD1, 0xEB, 0x93, 0xC1, 0x42, 0xDE, 0x94, 0xA0, 0x03, 0x4A, 0x10, 0x8D,
    0x28, 0x41, 0x0B, 0x2A, 0x50, 0x83, 0xA8, 0x40, 0x07, 0xA3, 0x02, 0x12, 0x51, 0x00, 0x2D, 0x08,
    0x89, 0xEF, 0x5C, 0x6F, 0x65, 0x67, 0xE5, 0x6C, 0x0E, 0xCC, 0xB5, 0x49, 0xBA, 0x6A, 0x3F, 0x1B,
    0x59, 0xD5, 0x55, 0x7E, 0xB2, 0xB7, 0xB7, 0x0B, 0xF7, 0x19, 0xE5, 0x6B, 0x08, 0xEB, 0x36, 0x2C,
    0x0B, 0x7E, 0x79, 0xDA, 0x80, 0x8D, 0xF1, 0xEF, 0x8F, 0xEF, 0x2D, 0x38, 0x1B, 0x37, 0x3B, 0x94,
    0x6F, 0xE3, 0xE2, 0x94, 0x83, 0xC6, 0xD1, 0xB4, 0x30, 0xC6, 0xD9, 0x6E, 0x62, 0xB0, 0xAA, 0xB7,
    0xC5, 0xC0, 0xF8, 0x00, 0xB6, 0x0F, 0x53, 0x82, 0x78, 0x9C, 0x63, 0x38, 0x34, 0x9F, 0xC1, 0xE0,
    0x2D, 0x07, 0x03, 0xC3, 0xEF, 0xFF, 0xAC, 0x17, 0xFE, 0xDB, 0x33, 0x30, 0xFC, 0xFD, 0xCF, 0xF1,
    0xE1, 0x7F, 0x3E, 0x03, 0xC3, 0xAF, 0xFF, 0xAC, 0x07, 0x40, 0x7C, 0x98, 0x3C, 0x0E, 0xF0, 0xFB,
    0x3F, 0x23, 0x03, 0xC3, 0x81, 0xFF, 0xFC, 0x94, 0xD2, 0xBF, 0xE0, 0x34, 0x33, 0x03, 0xC3, 0xA7,
    0xFF, 0xFC, 0x3F, 0xFE, 0xB3, 0x33, 0x08, 0xFC, 0xFD, 0xCF, 0xFF, 0xE5, 0x7F, 0x3C, 0xC3, 0x95,
    0xFF, 0xFF, 0xF9, 0x1F, 0xFC, 0x07, 0x82, 0xBE, 0xFF, 0xFC, 0x0E, 0x40, 0xEA, 0xBC, 0xD3, 0x7F,
    0x7E, 0x86, 0x45, 0xFF, 0xCE, 0xB1, 0x29, 0xFC, 0xE7, 0x07, 0x00, 0xB6, 0xE7, 0x54, 0x0F, 0x78,
    0x9C, 0x6D, 0x8F, 0xD1, 0x0D, 0x82, 0x40, 0x10, 0x44, 0x07, 0xA2, 0x84, 0xC4, 0x48, 0xA8, 0x44,
    0xFD, 0xD7, 0x44, 0x3B, 0xB0, 0x84, 0xB3, 0x03, 0x29, 0x81, 0x12, 0xEC, 0x40, 0x3A, 0xD0, 0xC4,
    0x7F, 0xA1, 0x03, 0xE8, 0x44, 0xD4, 0x18, 0x25, 0x98, 0x1B, 0xF7, 0x6E, 0xF9, 0x74, 0x7E, 0xF6,
    0x25, 0x3B, 0x7B, 0x33, 0x07, 0x88, 0xCE, 0x21, 0x54, 0xDD, 0x4C, 0xE7, 0x8E, 0x37, 0x85, 0x27,
    0xF7, 0x7E, 0xA6, 0x96, 0x63, 0x0F, 0x15, 0xB7, 0x18, 0x60, 0x34, 0x1C, 0x2D, 0xF1, 0x57, 0x6F,
    0x7F, 0xB1, 0xA1, 0x69, 0x39, 0x11, 0x28, 0x98, 0xE4, 0x9C, 0x0B, 0xB4, 0x8C, 0x53, 0x1E, 0x05,
    0x5E, 0x0C, 0xD1, 0x51, 0xA0, 0x2F, 0x81, 0x07, 0x23, 0xA4, 0x34, 0xD2, 0x85, 0x53, 0x64, 0x4C,
    0x80, 0x05, 0xD7, 0x68, 0x18, 0xCB, 0xFE, 0x7B, 0x92, 0x1E, 0xA1, 0xBF, 0xC0, 0xA7, 0x74, 0x6F,
    0x37, 0x8C, 0xAC, 0xD1, 0xA2, 0x2B, 0xE7, 0x15, 0xD9, 0xD2, 0x7B, 0x5D, 0x2E, 0xF5, 0x3B, 0x77,
    0xD6, 0xDA, 0xE4, 0x40, 0xA3, 0x50, 0x0C, 0x5E, 0x59, 0xA9, 0x17, 0xBD, 0x7A, 0x83, 0x8B, 0x6F,
    0x24, 0x99, 0x94, 0x78, 0x51, 0x46, 0xD6, 0x81, 0x83, 0xDC, 0x5E, 0x23, 0xEF, 0xFC, 0x01, 0x56,
    0x77, 0x50, 0xFE, 0x78, 0x9C, 0xFB, 0xF2, 0x9F, 0x83, 0x01, 0x0C, 0xBE, 0x90, 0xC9, 0x60, 0x5F,
    0xF2, 0x6F, 0x1D, 0x0B, 0x88, 0xB1, 0xE3, 0xFF, 0xFF, 0xFF, 0xF3, 0x41, 0x0C, 0x30, 0xE0, 0x00,
    0x31, 0x34, 0x14, 0x7E, 0xFE, 0xD7, 0x07, 0x32, 0xF4, 0x18, 0x18, 0x16, 0xFC, 0xEF, 0x87, 0xE8,
    0x32, 0xF8, 0x7F, 0x1E, 0xAA, 0xFD, 0xFF, 0x7F, 0x28, 0xE3, 0x1F, 0x06, 0xE3, 0xFF, 0x7B, 0x08,
    0x23, 0xE0, 0xFF, 0x7A, 0x20, 0x43, 0x86, 0x81, 0xE1, 0xE2, 0x7F, 0x7F, 0x20, 0xE3, 0xBE, 0xA8,
    0xC3, 0xDF, 0xFF, 0x3C, 0x50, 0x2B, 0xDE, 0x33, 0x01, 0x19, 0x2F, 0x81, 0x0C, 0x5D, 0xB0, 0x33,
    0x8E, 0xBF, 0xCF, 0x81, 0xB8, 0x87, 0x12, 0xEF, 0x00, 0x00, 0x79, 0xF4, 0x69, 0x18, 0x78, 0x9C,
    0x75, 0x8F, 0xE1, 0x09, 0xC2, 0x30, 0x10, 0x85, 0x5F, 0x05, 0x43, 0x45, 0x2C, 0x1D, 0x44, 0xD0,
    0x01, 0x04, 0x1D, 0xC1, 0x0D, 0xE2, 0x08, 0x1D, 0xA1, 0x23, 0xB8, 0x81, 0xD9, 0x40, 0xC1, 0xFF,
    0x66, 0x84, 0x76, 0x13, 0xAB, 0x22, 0xB5, 0x56, 0xF2, 0xBC, 0x24, 0xEA, 0x3F, 0xDF, 0x8F, 0xE3,
    0x91, 0xFB, 0xEE, 0xDE, 0x05, 0xE8, 0xA6, 0x30, 0x36, 0x01, 0xD6, 0xB4, 0x68, 0x39, 0x02, 0x4A,
    0x9E, 0xF1, 0xE4, 0xF8, 0xFB, 0x92, 0x02, 0x3F, 0xE6, 0xBF, 0x5A, 0x0E, 0xA5, 0xAE, 0xA8, 0x1B,
    0x3F, 0x09, 0xC3, 0xAC, 0xE4, 0x4C, 0x4C, 0xC3, 0x34, 0xE7, 0x4E, 0xCC, 0x9D, 0x03, 0x74, 0x14,
    0xD3, 0x5B, 0xE0, 0x4A, 0x85, 0x9C, 0x1A, 0x38, 0x70, 0x82, 0x82, 0x19, 0x30, 0xE7, 0x12, 0x75,
    0xC8, 0x7A, 0xED, 0x71, 0x13, 0xD6, 0x4F, 0xE0, 0x61, 0xFD, 0xEE, 0x9A, 0xCA, 0x69, 0x6F, 0x36,
    0x5C, 0x78, 0x56, 0xE4, 0x6C, 0x60, 0x7D, 0x6E, 0x60, 0x81, 0x0B, 0xAB, 0x78, 0xC9, 0x96, 0x3A,
    0x1A, 0xF3, 0x61, 0xA5, 0x15, 0x59, 0xF4, 0x91, 0x4D, 0x8E, 0xE1, 0x22, 0xC9, 0xA4, 0xC4, 0x8B,
    0x0A, 0xB2, 0x0A, 0xBF, 0x2B, 0xDD, 0x49, 0x05, 0xF2, 0x0D, 0x15, 0x25, 0x55, 0xED,
};
const GFXglyph UiTitleGlyphs[] PROGMEM = {
    { 0, 0, 20, 0, 0, 8, 0 }, // U+0020
    { 6, 22, 20, 7, 22, 65, 8 }, // !
    { 14, 12, 20, 3, 23, 87, 73 }, // "
    { 16, 21, 20, 2, 21, 137, 160 }, // #
    { 16, 28, 20, 2, 24, 132, 297 }, // $
    { 20, 22, 20, 0, 22, 173, 429 }, // %
    { 19, 22, 20, 1, 22, 172, 602 }, // &
    { 6, 12, 20, 7, 23, 43, 774 }, // '
    { 10, 30, 20, 6, 24, 104, 817 }, // (
    { 10, 30, 20, 4, 24, 101, 921 }, // )
    { 16, 16, 20, 2, 19, 110, 1022 }, // *
    { 16, 17, 20, 2, 19, 31, 1132 }, // +
    { 8, 14, 20, 6, 6, 65, 1163 }, // ,
    { 16, 3, 20, 2, 12, 15, 1228 }, // -
    { 8, 7, 20, 6, 7, 31, 1243 }, // .
    { 15, 29, 20, 2, 23, 95, 1274 }, // /
    { 16, 21, 20, 2, 21, 150, 1369 }, // 0
    { 16, 21, 20, 2, 21, 44, 1519 }, // 1
    { 17, 21, 20, 1, 21, 123, 1563 }, // 2
    { 17, 21, 20, 1, 21, 139, 1686 }, // 3
    { 18, 21, 20, 1, 21, 94, 1825 }, // 4
    { 17, 21, 20, 1, 21, 129, 1919 }, // 5
    { 16, 21, 20, 2, 21, 148, 2048 }, // 6
    { 16, 21, 20, 2, 21, 96, 2196 }, // 7
    { 16, 21, 20, 2, 21, 153, 2292 }, // 8
    { 17, 21, 20, 1, 21, 159, 2445 }, // 9
    { 8, 18, 20, 6, 18, 36, 2604 }, // :
    { 8, 26, 20, 6, 18, 89, 2640 }, // ;
    { 14, 19, 20, 3, 20, 76, 2729 }, // <
    { 16, 11, 20, 2, 16, 22, 2805 }, // =
    { 13, 19, 20, 3, 20, 75, 2827 }, // >
    { 14, 22, 20, 3, 22, 105, 2902 }, // ?
    { 18, 26, 20, 1, 21, 192, 3007 }, // @
    { 20, 22, 20, 0, 22, 150, 3199 }, // A
    { 17, 22, 20, 2, 22, 120, 3349 }, // B
    { 18, 22, 20, 1, 22, 135, 3469 }, // C
    { 17, 22, 20, 2, 22, 104, 3604 }, // D
    { 15, 22, 20, 3, 22, 34, 3708 }, // E
    { 15, 22, 20, 3, 22, 29, 3742 }, // F
    { 17, 22, 20, 1, 22, 140, 3771 }, // G
    { 16, 22, 20, 2, 22, 27, 3911 }, // H
    { 16, 22, 20, 2, 22, 29, 3938 }, // I
    { 15, 22, 20, 2, 22, 67, 3967 }, // J
    { 18, 22, 20, 2, 22, 128, 4034 }, // K
    { 15, 22, 20, 3, 22, 21, 4162 }, // L
    { 16, 22, 20, 2, 22, 122, 4183 }, // M
    { 16, 22, 20, 2, 22, 107, 4305 }, // N
    { 18, 22, 20, 1, 22, 140, 4412 }, // O
    { 17, 22, 20, 2, 22, 85, 4552 }, // P
    { 18, 28, 20, 1, 22, 172, 4637 }, // Q
    { 17, 22, 20, 2, 22, 119, 4809 }, // R
    { 17, 22, 20, 1, 22, 151, 4928 }, // S
    { 18, 22, 20, 1, 22, 27, 5079 }, // T
    { 16, 22, 20, 2, 22, 83, 5106 }, // U
    { 19, 22, 20, 0, 22, 155, 5189 }, // V
    { 20, 22, 20, 0, 22, 188, 5344 }, // W
    { 18, 22, 20, 1, 22, 152, 5532 }, // X
    { 19, 22, 20, 0, 22, 118, 5684 }, // Y
    { 16, 22, 20, 2, 22, 76, 5802 }, // Z
    { 10, 29, 20, 7, 24, 24, 5878 }, // [
    { 15, 29, 20, 2, 23, 92, 5902 }, // U+005C
    { 10, 29, 20, 3, 24, 26, 5994 }, // ]
    { 14, 13, 20, 3, 22, 91, 6020 }, // ^
    { 17, 3, 20, 1, -2, 15, 6111 }, // _
    { 9, 8, 20, 4, 26, 46, 6126 }, // `
    { 16, 16, 20, 2, 16, 120, 6172 }, // a
    { 17, 23, 20, 2, 23, 102, 6292 }, // b
    { 16, 16, 20, 2, 16, 97, 6394 }, // c
    { 17, 23, 20, 1, 23, 115, 6491 }, // d
    { 16, 16, 20, 2, 16, 104, 6606 }, // e
    { 17, 23, 20, 3, 23, 69, 6710 }, // f
    { 17, 23, 20, 2, 16, 164, 6779 }, // g
    { 16, 23, 20, 2, 23, 70, 6943 }, // h
    { 13, 24, 20, 2, 24, 45, 7013 }, // i
    { 14, 31, 20, 1, 24, 82, 7058 }, // j
    { 18, 23, 20, 2, 23, 102, 7140 }, // k
    { 16, 23, 20, 2, 23, 53, 7242 }, // l
    { 18, 16, 20, 1, 16, 68, 7295 }, // m
    { 16, 16, 20, 2, 16, 69, 7363 }, // n
    { 18, 16, 20, 1, 16, 103, 7432 }, // o
    { 17, 23, 20, 2, 16, 111, 7535 }, // p
    { 17, 23, 20, 1, 16, 117, 7646 }, // q
    { 14, 16, 20, 4, 16, 57, 7763 }, // r
    { 16, 16, 20, 2, 16, 114, 7820 }, // s
    { 18, 21, 20, 1, 21, 76, 7934 }, // t
    { 15, 16, 20, 2, 16, 68, 8010 }, // u
    { 18, 16, 20, 1, 16, 120, 8078 }, // v
    { 20, 16, 20, 0, 16, 149, 8198 }, // w
    { 18, 16, 20, 1, 16, 118, 8347 }, // x
    { 18, 23, 20, 1, 16, 148, 8465 }, // y
    { 16, 16, 20, 2, 16, 71, 8613 }, // z
    { 14, 29, 20, 3, 24, 104, 8684 }, // {
    { 4, 33, 20, 8, 25, 13, 8788 }, // |
    { 14, 29, 20, 3, 24, 94, 8801 }, // }
    { 16, 8, 20, 2, 15, 62, 8895 }, // ~
    { 0, 0, 20, 0, 0, 8, 8957 }, // U+00A0
    { 6, 23, 20, 7, 16, 64, 8965 }, // U+00A1
    { 14, 22, 20, 3, 21, 96, 9029 }, // U+00A2
    { 16, 21, 20, 2, 21, 110, 9125 }, // U+00A3
    { 18, 18, 20, 1, 20, 113, 9235 }, // U+00A4
    { 18, 21, 20, 1, 21, 124, 9348 }, // U+00A5
    { 4, 33, 20, 8, 25, 24, 9472 }, // U+00A6
    { 16, 26, 20, 2, 23, 170, 9496 }, // U+00A7
    { 12, 5, 20, 4, 24, 37, 9666 }, // U+00A8
    { 20, 21, 20, 0, 21, 180, 9703 }, // U+00A9
    { 10, 11, 20, 5, 23, 63, 9883 }, // U+00AA
    { 16, 14, 20, 2, 15, 79, 9946 }, // U+00AB
    { 16, 10, 20, 2, 12, 23, 10025 }, // U+00AC
    { 16, 3, 20, 2, 12, 15, 10048 }, // U+00AD
    { 14, 12, 20, 3, 23, 86, 10063 }, // U+00AE
    { 10, 3, 20, 5, 22, 16, 10149 }, // U+00AF
    { 10, 9, 20, 5, 23, 46, 10165 }, // U+00B0
    { 16, 19, 20, 2, 19, 30, 10211 }, // U+00B1
    { 11, 14, 20, 4, 27, 79, 10241 }, // U+00B2
    { 11, 15, 20, 4, 27, 90, 10320 }, // U+00B3
    { 9, 8, 20, 7, 26, 48, 10410 }, // U+00B4
    { 17, 23, 20, 2, 16, 88, 10458 }, // U+00B5
    { 16, 24, 20, 1, 22, 66, 10546 }, // U+00B6
    { 8, 7, 20, 6, 16, 31, 10612 }, // U+00B7
    { 7, 8, 20, 6, 0, 41, 10643 }, // U+00B8
    { 12, 13, 20, 5, 26, 34, 10684 }, // U+00B9
    { 12, 11, 20, 4, 23, 58, 10718 }, // U+00BA
    { 16, 14, 20, 2, 15, 86, 10776 }, // U+00BB
    { 20, 21, 20, 0, 21, 131, 10862 }, // U+00BC
    { 20, 21, 20, 0, 21, 141, 10993 }, // U+00BD
    { 20, 22, 20, 0, 22, 170, 11134 }, // U+00BE
    { 14, 23, 20, 3, 16, 103, 11304 }, // U+00BF
    { 20, 29, 20, 0, 29, 175, 11407 }, // U+00C0
    { 20, 29, 20, 0, 29, 176, 11582 }, // U+00C1
    { 20, 28, 20, 0, 28, 183, 11758 }, // U+00C2
    { 20, 28, 20, 0, 28, 186, 11941 }, // U+00C3
    { 20, 27, 20, 0, 27, 167, 12127 }, // U+00C4
    { 20, 30, 20, 0, 30, 182, 12294 }, // U+00C5
    { 21, 22, 20, -1, 22, 123, 12476 }, // U+00C6
    { 18, 30, 20, 1, 22, 169, 12599 }, // U+00C7
    { 15, 29, 20, 3, 29, 65, 12768 }, // U+00C8
    { 15, 29, 20, 3, 29, 64, 12833 }, // U+00C9
    { 15, 28, 20, 3, 28, 69, 12897 }, // U+00CA
    { 15, 27, 20, 3, 27, 55, 12966 }, // U+00CB
    { 16, 29, 20, 2, 29, 57, 13021 }, // U+00CC
    { 16, 29, 20, 2, 29, 58, 13078 }, // U+00CD
    { 16, 28, 20, 2, 28, 65, 13136 }, // U+00CE
    { 16, 27, 20, 2, 27, 46, 13201 }, // U+00CF
    { 19, 22, 20, 0, 22, 116, 13247 }, // U+00D0
    { 16, 28, 20, 2, 28, 144, 13363 }, // U+00D1
    { 18, 29, 20, 1, 29, 166, 13507 }, // U+00D2
    { 18, 29, 20, 1, 29, 169, 13673 }, // U+00D3
    { 18, 28, 20, 1, 28, 172, 13842 }, // U+00D4
    { 18, 28, 20, 1, 28, 178, 14014 }, // U+00D5
    { 18, 27, 20, 1, 27, 156, 14192 }, // U+00D6
    { 14, 14, 20, 3, 18, 82, 14348 }, // U+00D7
    { 19, 24, 20, 0, 23, 191, 14430 }, // U+00D8
    { 16, 29, 20, 2, 29, 109, 14621 }, // U+00D9
    { 16, 29, 20, 2, 29, 113, 14730 }, // U+00DA
    { 16, 28, 20, 2, 28, 117, 14843 }, // U+00DB
    { 16, 27, 20, 2, 27, 101, 14960 }, // U+00DC
    { 19, 29, 20, 0, 29, 148, 15061 }, // U+00DD
    { 17, 22, 20, 2, 22, 85, 15209 }, // U+00DE
    { 17, 23, 20, 2, 23, 149, 15294 }, // U+00DF
    { 16, 26, 20, 2, 26, 155, 15443 }, // U+00E0
    { 16, 26, 20, 2, 26, 156, 15598 }, // U+00E1
    { 16, 25, 20, 2, 25, 158, 15754 }, // U+00E2
    { 16, 25, 20, 2, 25, 167, 15912 }, // U+00E3
    { 16, 24, 20, 2, 24, 145, 16079 }, // U+00E4
    { 16, 27, 20, 2, 27, 161, 16224 }, // U+00E5
    { 20, 16, 20, 0, 16, 141, 16385 }, // U+00E6
    { 16, 24, 20, 2, 16, 134, 16526 }, // U+00E7
    { 16, 26, 20, 2, 26, 131, 16660 }, // U+00E8
    { 16, 26, 20, 2, 26, 141, 16791 }, // U+00E9
    { 16, 25, 20, 2, 25, 148, 16932 }, // U+00EA
    { 16, 24, 20, 2, 24, 130, 17080 }, // U+00EB
    { 12, 26, 20, 2, 26, 58, 17210 }, // U+00EC
    { 15, 26, 20, 2, 26, 58, 17268 }, // U+00ED
    { 16, 25, 20, 2, 25, 67, 17326 }, // U+00EE
    { 16, 24, 20, 2, 24, 52, 17393 }, // U+00EF
    { 17, 23, 20, 1, 23, 173, 17445 }, // U+00F0
    { 16, 25, 20, 2, 25, 118, 17618 }, // U+00F1
    { 18, 26, 20, 1, 26, 137, 17736 }, // U+00F2
    { 18, 26, 20, 1, 26, 140, 17873 }, // U+00F3
    { 18, 25, 20, 1, 25, 144, 18013 }, // U+00F4
    { 18, 25, 20, 1, 25, 154, 18157 }, // U+00F5
    { 18, 24, 20, 1, 24, 137, 18311 }, // U+00F6
    { 16, 15, 20, 2, 18, 37, 18448 }, // U+00F7
    { 18, 18, 20, 1, 17, 146, 18485 }, // U+00F8
    { 15, 26, 20, 2, 26, 104, 18631 }, // U+00F9
    { 15, 26, 20, 2, 26, 107, 18735 }, // U+00FA
    { 15, 25, 20, 2, 25, 110, 18842 }, // U+00FB
    { 15, 24, 20, 2, 24, 103, 18952 }, // U+00FC
    { 18, 33, 20, 1, 26, 180, 19055 }, // U+00FD
    { 17, 30, 20, 2, 23, 107, 19235 }, // U+00FE
    { 18, 31, 20, 1, 24, 176, 19342 }, // U+00FF
};
const UnicodeInterval UiTitleIntervals[] PROGMEM = {
    { 0x20, 0x7E, 0x0 },
    { 0xA0, 0xFF, 0x5F },
};
const GFXfont UiTitle PROGMEM = {
    (uint8_t *)UiTitleBitmaps,
    (GFXglyph *)UiTitleGlyphs,
    (UnicodeInterval *)UiTitleIntervals,
    2,
    1,
    42,
    33,
    -10,
};

const uint8_t UiDisplayBitmaps[30595] PROGMEM = {
    0x78, 0x9C, 0x03, 0x00, 0x00, 0x00, 0x00, 0x01, 0x78, 0x9C, 0x5D, 0xCE, 0xCD, 0x11, 0xC1, 0x60,
    0x00, 0x84, 0xE1, 0xD7, 0xBF, 0x38, 0x29, 0x21, 0x25, 0x28, 0x21, 0x85, 0x98, 0xA1, 0x00, 0x33,
    0x74, 0x40, 0x07, 0xD1, 0x81, 0x74, 0xA0, 0x04, 0x27, 0xAE, 0x29, 0x41, 0x09, 0x4E, 0x08, 0x12,
    0x9B, 0xCD, 0x97, 0x19, 0x07, 0x7B, 0x78, 0x66, 0xF6, 0xF6, 0x66, 0x92, 0x26, 0x7B, 0x13, 0x05,
    0x76, 0x66, 0xBC, 0x31, 0xA3, 0xC0, 0xD2, 0x0C, 0x1B, 0x06, 0x89, 0xE9, 0xCF, 0x4C, 0x2F, 0x36,
    0xDD, 0xA9, 0xE9, 0x60, 0x68, 0xF9, 0xEA, 0x06, 0x95, 0xAE, 0x50, 0x2A, 0x87, 0x8F, 0x4E, 0xF0,
    0xD6, 0x11, 0x5E, 0x3A, 0x40, 0xA1, 0x14, 0x9E, 0xDA, 0xF2, 0xBF, 0x8B, 0x56, 0x64, 0x4D, 0xC1,
    0xC3, 0xAC, 0x4B, 0x93, 0xEB, 0xB7, 0x70, 0xEF, 0x66, 0x11, 0xD2, 0x38, 0x6B, 0x4E, 0x0D, 0x1D,
    0x99, 0x6B, 0xE9, 0x78, 0x9C, 0x4D, 0x8D, 0x5B, 0x11, 0x82, 0x00, 0x14, 0x05, 0x0F, 0x82, 0x08,
    0x32, 0x2A, 0x11, 0x6C, 0x00, 0x11, 0x88, 0x60, 0x03, 0x8C, 0x40, 0x03, 0x8C, 0x60, 0x03, 0x6D,
    0x60, 0x04, 0x23, 0x40, 0x03, 0x23, 0xA8, 0x33, 0x8E, 0xC3, 0x43, 0xBC, 0x2E, 0x7C, 0xF9, 0xB3,
    0xB3, 0x1F, 0x77, 0xCF, 0x1D, 0xCC, 0x6C, 0xA9, 0x23, 0xBC, 0x7F, 0x40, 0xA8, 0x03, 0xBC, 0xFD,
    0x69, 0x0F, 0x02, 0x15, 0xB0, 0x1A, 0x75, 0x31, 0xE9, 0xB5, 0x9B, 0x74, 0x3F, 0x6A, 0x0B, 0x7C,
    0xED, 0xE0, 0xA5, 0x01, 0x73, 0x65, 0xF0, 0xF4, 0x06, 0xAE, 0xB6, 0xB0, 0x7C, 0x01, 0x47, 0x82,
    0xF9, 0x93, 0x37, 0x92, 0x06, 0xB3, 0xE4, 0xC1, 0x20, 0xCA, 0xE6, 0xA6, 0xE6, 0x1E, 0x65, 0x68,
    0x75, 0xE6, 0x1E, 0xA5, 0x8E, 0xF8, 0x9E, 0xA3, 0xD4, 0x21, 0xE3, 0x09, 0x4A, 0xED, 0xA7, 0xDC,
    0xA3, 0xD4, 0x5E, 0x6C, 0xB6, 0x46, 0xA9, 0x67, 0xFA, 0x5A, 0x84, 0x52, 0xEB, 0x07, 0x12, 0xFB,
    0x84, 0xD1, 0x78, 0x9C, 0x8D, 0xD0, 0x3B, 0x0E, 0x01, 0x51, 0x00, 0x85, 0xE1, 0xE3, 0xFD, 0x7E,
    0xC4, 0x06, 0x26, 0xB1, 0x01, 0x76, 0xA0, 0x51, 0x69, 0xD8, 0x01, 0x3B, 0xA0, 0x93, 0x68, 0x4C,
    0xA9, 0x63, 0x07, 0xD4, 0x12, 0x61, 0x07, 0xD4, 0x42, 0x58, 0x80, 0x84, 0x1D, 0x78, 0x44, 0x98,
    0x78, 0x1D, 0x73, 0xCC, 0x84, 0xD6, 0xAD, 0xFE, 0xE2, 0xE6, 0xE6, 0x3B, 0x17, 0xC0, 0x81, 0x05,
    0xC0, 0x62, 0x0C, 0xF6, 0x39, 0xD2, 0x00, 0x6E, 0x8C, 0xA8, 0x4F, 0x4C, 0x01, 0x0F, 0x86, 0xD4,
    0x67, 0x26, 0x80, 0x17, 0x03, 0xEA, 0x8B, 0xAE, 0x92, 0x3E, 0xB5, 0xC5, 0x28, 0xD2, 0xA4, 0x47,
    0x7D, 0x63, 0x18, 0x79, 0x52, 0x89, 0x3B, 0x83, 0xA8, 0x70, 0xFB, 0xE9, 0x27, 0x97, 0x8B, 0x0D,
    0xF7, 0xC3, 0x96, 0xC9, 0xEF, 0x99, 0xFE, 0xDB, 0xDB, 0x66, 0xF3, 0xCA, 0x72, 0x36, 0x03, 0xF4,
    0xD8, 0x77, 0x4D, 0xC0, 0x84, 0x6D, 0x99, 0x92, 0xEA, 0x35, 0xAB, 0x32, 0xC5, 0xD5, 0xEE, 0x94,
    0xA8, 0x33, 0x25, 0x27, 0x53, 0xA9, 0xE8, 0xB5, 0x7E, 0x6F, 0xC6, 0xFE, 0xED, 0xD1, 0x70, 0x4E,
    0x76, 0x3A, 0x01, 0xF1, 0x83, 0xA8, 0xB9, 0x53, 0x48, 0x3F, 0x4C, 0x4E, 0x95, 0xF6, 0x6A, 0x2F,
    0x06, 0x32, 0xC1, 0x59, 0x3D, 0x93, 0x09, 0xF6, 0xEA, 0x3D, 0xB0, 0x93, 0x09, 0x68, 0x70, 0xE5,
    0x9A, 0xC4, 0x1F, 0x8B, 0x6F, 0x38, 0xFC, 0xAE, 0xF8, 0x29, 0x87, 0x5F, 0x17, 0xDF, 0xFE, 0x5E,
    0xBC, 0x01, 0x81, 0x07, 0xCE, 0x2E, 0x78, 0x9C, 0xAD, 0x91, 0xBF, 0x0E, 0x01, 0x41, 0x10, 0xC6,
    0xBF, 0x43, 0x5C, 0x10, 0x5C, 0x48, 0xAE, 0xD0, 0xF0, 0x06, 0xD4, 0x1A, 0x6A, 0x0D, 0xB5, 0x44,
    0xC2, 0x9B, 0xF0, 0x04, 0xD7, 0x5C, 0x7F, 0x8D, 0x5A, 0xE2, 0x1D, 0xF4, 0x47, 0x44, 0x2D, 0x6A,
    0xC5, 0xB5, 0x4E, 0x30, 0x76, 0x76, 0xF6, 0x96, 0x07, 0xB8, 0x29, 0x66, 0x7F, 0x5F, 0x76, 0xE7,
    0xCF, 0x97, 0x05, 0x80, 0x31, 0x51, 0x15, 0x26, 0x72, 0xE2, 0xD5, 0x9D, 0xE8, 0x3A, 0xD1, 0xB8,
    0x26, 0x1D, 0x0B, 0x85, 0xDE, 0x4B, 0x98, 0x9F, 0x1D, 0x0D, 0x52, 0xEC, 0xE0, 0x91, 0x31, 0x95,
    0x61, 0x31, 0xE2, 0x7E, 0x14, 0x15, 0xBC, 0x90, 0xA8, 0x86, 0x25, 0x71, 0x06, 0x36, 0x31, 0x2C,
    0xA3, 0x0D, 0xCC, 0x14, 0x07, 0x66, 0xA8, 0xC7, 0x65, 0x41, 0x41, 0xC4, 0x53, 0xF7, 0xF6, 0x35,
    0xDF, 0xA4, 0xE3, 0x90, 0xB9, 0xF7, 0x11, 0xD1, 0x61, 0xB1, 0x17, 0x4E, 0x8A, 0x2C, 0x2E, 0x22,
    0x46, 0xBA, 0x64, 0x2B, 0x17, 0x8E, 0xB8, 0x79, 0xB3, 0xA8, 0x18, 0x97, 0x6C, 0xA2, 0x61, 0x46,
    0xB2, 0xB9, 0x2E, 0x4E, 0xAE, 0x16, 0xAA, 0x73, 0x1F, 0x69, 0xE2, 0x9A, 0x55, 0x9A, 0x03, 0x95,
    0xE6, 0x2D, 0xEF, 0xA0, 0x8E, 0xBA, 0xB5, 0x4B, 0xE4, 0xFE, 0xEC, 0x26, 0x38, 0x5B, 0x9E, 0x02,
    0x69, 0xC6, 0x25, 0xB5, 0x67, 0xFA, 0xB7, 0x27, 0x42, 0x35, 0x74, 0xE7, 0xE7, 0xFB, 0x47, 0x96,
    0xBF, 0x48, 0xD8, 0xE3, 0x03, 0x78, 0x9C, 0x4D, 0x91, 0x3B, 0x52, 0x02, 0x41, 0x10, 0x86, 0xFF,
    0x65, 0xC1, 0x17, 0xA8, 0x1B, 0x90, 0x5A, 0x6E, 0x6E, 0x89, 0x9C, 0xC0, 0xC2, 0x13, 0x78, 0x04,
    0x39, 0x80, 0x55, 0x5E, 0xC0, 0x2A, 0xBD, 0x01, 0xDE, 0x40, 0x4E, 0x20, 0x9A, 0x98, 0x62, 0x64,
    0xAA, 0x78, 0x01, 0x7C, 0x64, 0x24, 0x83, 0x55, 0xC2, 0x2A, 0xC2, 0xFC, 0x76, 0xF7, 0xEE, 0xB2,
    0x4E, 0x32, 0xFD, 0x4D, 0x77, 0xFF, 0xFD, 0x18, 0xA0, 0x35, 0x72, 0xE7, 0x28, 0xCE, 0x8C, 0xE4,
    0xA1, 0x59, 0x77, 0x01, 0xF0, 0x40, 0x3D, 0xA1, 0xE2, 0x7C, 0x07, 0x48, 0x0C, 0x37, 0x85, 0xAE,
    0xE8, 0x4A, 0xF0, 0xEC, 0x1C, 0x79, 0x9E, 0x08, 0x4E, 0xC9, 0xAD, 0x16, 0x59, 0xC5, 0x84, 0x7D,
    0xA0, 0x29, 0x41, 0x95, 0x4B, 0x72, 0x15, 0x63, 0x3A, 0xE0, 0x8D, 0x3C, 0x46, 0x57, 0x9E, 0xF0,
    0x4A, 0x8A, 0x10, 0x5D, 0xA8, 0x58, 0x56, 0x0C, 0xC4, 0x68, 0x20, 0xF5, 0x8E, 0xC5, 0x9B, 0xA8,
    0x2E, 0x2C, 0xF7, 0x93, 0x4E, 0x24, 0xA5, 0x2A, 0xE4, 0xAA, 0x89, 0x72, 0x2F, 0xF6, 0x4F, 0x81,
    0xB6, 0x92, 0xD7, 0x7D, 0xAF, 0x59, 0xA3, 0xD3, 0xAC, 0xAB, 0x28, 0x9D, 0xE0, 0xD6, 0xB0, 0xB4,
    0x9C, 0xE8, 0x47, 0x68, 0xBF, 0x18, 0xB0, 0x39, 0x72, 0xA7, 0x72, 0x3D, 0xFA, 0x9B, 0x72, 0xF1,
    0xF8, 0x21, 0x31, 0xFD, 0xCC, 0x0E, 0x10, 0x9B, 0x42, 0x2A, 0xDE, 0x6D, 0xE0, 0xD9, 0xB0, 0x63,
    0xF8, 0xEB, 0xC2, 0x09, 0x5D, 0x3D, 0xD1, 0x41, 0x6C, 0x3D, 0x2B, 0x33, 0x9E, 0x69, 0xC9, 0x0A,
    0x10, 0xCD, 0x79, 0x2D, 0xBD, 0xED, 0xA2, 0x4D, 0xAE, 0x03, 0x03, 0xDD, 0x07, 0xB9, 0xAD, 0xED,
    0x6F, 0x20, 0xF6, 0x1C, 0x06, 0x39, 0x56, 0xB5, 0xE0, 0x01, 0x96, 0x5E, 0x5B, 0x18, 0xB0, 0x48,
    0x73, 0xD7, 0xA4, 0xE0, 0x85, 0x7D, 0x45, 0xAA, 0x1C, 0x2D, 0x24, 0x1F, 0xF8, 0x22, 0xEB, 0xDF,
    0xBA, 0xCF, 0xC1, 0x30, 0xAB, 0x4D, 0x8B, 0x8B, 0xF6, 0x14, 0x45, 0x9F, 0x2A, 0x9C, 0x9F, 0x17,
    0xA1, 0xDE, 0xBF, 0x7F, 0xBD, 0xB7, 0x79, 0xFF, 0x00, 0x4D, 0x34, 0xDC, 0x70, 0x78, 0x9C, 0x55,
    0x91, 0xBD, 0x4E, 0x02, 0x41, 0x14, 0x85, 0xCF, 0x12, 0xA2, 0xFC, 0x84, 0x48, 0x29, 0x15, 0x56,
    0xB6, 0xDA, 0x1A, 0x0B, 0x7C, 0x03, 0xE3, 0x13, 0xE0, 0x13, 0xA8, 0x6F, 0x00, 0x6F, 0x80, 0x6F,
    0x00, 0x16, 0xD6, 0x68, 0x61, 0x69, 0xA4, 0xA3, 0xD3, 0x47, 0x58, 0x35, 0x31, 0x56, 0x66, 0xE3,
    0x1F, 0x89, 0xC0, 0xEE, 0xE1, 0xFE, 0xEC, 0x4E, 0xF0, 0x66, 0x33, 0x73, 0xBF, 0x99, 0xBD, 0x77,
    0xCE, 0x99, 0x01, 0xD0, 0x9C, 0x66, 0x8F, 0xDB, 0x08, 0x31, 0xA3, 0xC4, 0x66, 0x41, 0x17, 0x4A,
    0x1C, 0x14, 0xF8, 0x6D, 0xC8, 0x72, 0x8E, 0x4B, 0xC7, 0xBA, 0xD3, 0xBE, 0xA4, 0x1B, 0x3F, 0xE4,
    0x56, 0x28, 0x7D, 0xC0, 0x25, 0xB9, 0xE7, 0x28, 0x59, 0x4F, 0xD7, 0x72, 0x1C, 0x91, 0x5D, 0x5D,
    0x6B, 0x07, 0xEC, 0xE1, 0x99, 0x6C, 0x84, 0xDA, 0x31, 0xE6, 0x41, 0xC7, 0x91, 0x74, 0xBE, 0x22,
    0xE3, 0x42, 0x46, 0x46, 0xCA, 0xD7, 0x29, 0xF0, 0xEF, 0x9F, 0x28, 0x7C, 0x29, 0x1D, 0x07, 0x43,
    0x13, 0xA1, 0xB8, 0x04, 0xF4, 0x65, 0x96, 0x49, 0xBA, 0x5A, 0xE5, 0xC4, 0xFA, 0xE9, 0x26, 0xE3,
    0x08, 0xF8, 0x24, 0x87, 0xBE, 0x69, 0x7E, 0x66, 0xFA, 0xD3, 0xA9, 0xDB, 0x1B, 0x9B, 0xD1, 0x86,
    0xCA, 0xA3, 0x3A, 0xAE, 0xAB, 0xD1, 0x0A, 0x7E, 0xA5, 0x50, 0x64, 0xF3, 0xE9, 0x46, 0x86, 0x48,
    0x45, 0x74, 0x91, 0x4A, 0x9A, 0x5A, 0xA7, 0xA5, 0x3A, 0x7D, 0xF1, 0x06, 0x62, 0x39, 0xD5, 0x71,
    0x27, 0x33, 0xAC, 0xDA, 0xEE, 0x39, 0xF0, 0xAA, 0x94, 0x44, 0x76, 0xAC, 0x4C, 0x4D, 0xAD, 0x66,
    0xCB, 0x9F, 0xE0, 0x2C, 0x3A, 0xF1, 0xDB, 0x3D, 0x50, 0x69, 0x6B, 0x51, 0xEA, 0xAF, 0x93, 0x58,
    0x58, 0xE4, 0x69, 0x42, 0x3B, 0xF8, 0x36, 0xC7, 0xEA, 0x9B, 0x5F, 0xC2, 0xBB, 0xD1, 0xA1, 0x26,
    0xF6, 0x30, 0xD7, 0x1F, 0xC9, 0xFD, 0xAE, 0x26, 0x77, 0x35, 0xAC, 0x00, 0xE1, 0xA2, 0x15, 0x2B,
    0x78, 0x9C, 0xFB, 0xFC, 0xFF, 0xFF, 0x7F, 0xFB, 0xCF, 0x20, 0xE2, 0x13, 0x90, 0xD0, 0x07, 0x13,
    0x1F, 0x81, 0x84, 0xFC, 0x07, 0x20, 0xC1, 0x8F, 0x20, 0x2E, 0x00, 0x09, 0x9E, 0x05, 0x40, 0x82,
    0xAB, 0x01, 0x48, 0x70, 0x04, 0x00, 0x09, 0x56, 0x03, 0x20, 0xC1, 0x2C, 0x00, 0x24, 0x18, 0x19,
    0xFE, 0xFD, 0x7F, 0xCF, 0xC0, 0xF0, 0xE7, 0xFF, 0x79, 0x06, 0x86, 0x5F, 0xFF, 0xE7, 0x33, 0x30,
    0x7C, 0xFF, 0x5F, 0xCF, 0xC0, 0xF0, 0xF5, 0x7F, 0x3C, 0x03, 0x00, 0xBA, 0x52, 0x42, 0x47, 0x78,
    0x9C, 0x5D, 0x90, 0xEB, 0x09, 0xC2, 0x40, 0x10, 0x84, 0x17, 0x8D, 0x6F, 0x90, 0x54, 0x20, 0x76,
    0x10, 0x0B, 0xF1, 0x87, 0xA5, 0xA4, 0x83, 0x94, 0x60, 0x29, 0xDA, 0x81, 0x76, 0x20, 0x96, 0x60,
    0x07, 0x0A, 0x81, 0xE0, 0x23, 0x8E, 0xB3, 0x97, 0x9B, 0x53, 0xBC, 0x3F, 0x1F, 0xB7, 0x3B, 0xFB,
    0x1A, 0x33, 0xB3, 0x7C, 0x6D, 0xE1, 0x9D, 0x31, 0x72, 0xE4, 0x2D, 0x76, 0xCE, 0x3D, 0x80, 0x21,
    0x79, 0x07, 0xB6, 0xC4, 0x86, 0xDF, 0x09, 0x79, 0x01, 0x4E, 0x9E, 0x7E, 0x00, 0x0B, 0x62, 0xC5,
    0xF0, 0x80, 0x3C, 0x02, 0x07, 0x0F, 0xD7, 0x40, 0xE1, 0x7C, 0x02, 0x53, 0x62, 0xC9, 0x74, 0x8F,
    0x2C, 0x63, 0x15, 0x65, 0x95, 0xF3, 0x1A, 0x65, 0x94, 0xCF, 0x9D, 0x0D, 0x30, 0xB3, 0x6E, 0xD8,
    0xD8, 0xF9, 0xEA, 0x66, 0x5B, 0x0B, 0x64, 0xCE, 0xF7, 0x97, 0xFD, 0x3F, 0x66, 0xBF, 0x3A, 0xD5,
    0xA9, 0x8F, 0xFA, 0x6A, 0xCE, 0x2D, 0xCE, 0xD5, 0x1E, 0xDA, 0x4B, 0x7B, 0x6A, 0xEF, 0x74, 0x07,
    0x85, 0xC1, 0x0D, 0xDD, 0xA9, 0xBB, 0x93, 0x0F, 0xF2, 0x45, 0x3E, 0x25, 0xDF, 0xE4, 0xA3, 0x7C,
    0x0D, 0x3E, 0x7F, 0x00, 0xC2, 0x33, 0x89, 0x80, 0x78, 0x9C, 0x4D, 0x90, 0xD9, 0x09, 0x02, 0x41,
    0x10, 0x44, 0x47, 0x10, 0xC4, 0x13, 0x03, 0x50, 0x30, 0x03, 0x43, 0xD0, 0x4C, 0x4C, 0xC1, 0x0C,
    0x34, 0x14, 0x43, 0xD8, 0x0C, 0xDC, 0x0C, 0x34, 0x03, 0x43, 0x10, 0xBC, 0x0F, 0xD8, 0xE7, 0xD4,
    0xDA, 0x05, 0x3B, 0x3F, 0x6F, 0x68, 0xBA, 0xBB, 0xAA, 0x2B, 0x2D, 0x27, 0xA9, 0x7E, 0xCF, 0x53,
    0x4B, 0xD8, 0xC1, 0x54, 0x7C, 0xC0, 0x5E, 0xDC, 0x02, 0x5D, 0x7D, 0x3E, 0xB0, 0x12, 0x4B, 0x38,
    0xAB, 0x73, 0x5C, 0x41, 0x4F, 0x85, 0x3B, 0x2C, 0xC4, 0x02, 0x0E, 0xE2, 0x2C, 0x4F, 0xB4, 0x63,
    0xA2, 0x2F, 0x5E, 0x61, 0x2E, 0x1E, 0x61, 0x23, 0xAE, 0x1B, 0x8D, 0xB5, 0x74, 0x15, 0x03, 0x5F,
    0xE8, 0x88, 0xAF, 0x90, 0xCC, 0x1E, 0x06, 0xA1, 0x30, 0x14, 0x6F, 0xC1, 0xBC, 0x70, 0xD4, 0xA4,
    0xEB, 0xEE, 0xF3, 0x9C, 0xF7, 0x78, 0x6F, 0xE8, 0x58, 0xD7, 0x3E, 0xCA, 0xF0, 0x75, 0x09, 0x9F,
    0xE1, 0xDB, 0x77, 0xF8, 0xAE, 0xB8, 0xD3, 0x77, 0x3B, 0x87, 0xF7, 0x3F, 0x17, 0xE7, 0xE4, 0xDC,
    0x8A, 0xC8, 0xD1, 0xB9, 0xA6, 0xC8, 0xF9, 0x07, 0x23, 0x3F, 0x89, 0xB1, 0x78, 0x9C, 0x63, 0x60,
    0x00, 0x82, 0xD3, 0x7B, 0x18, 0xE0, 0xE0, 0xFF, 0x7F, 0x38, 0x53, 0xE0, 0xFF, 0x7F, 0x46, 0x18,
    0x5B, 0xE1, 0xFF, 0x7F, 0x26, 0x18, 0xDB, 0xE0, 0xFF, 0x7F, 0x66, 0x18, 0xDB, 0xE1, 0xFF, 0x7F,
    0x16, 0x18, 0x3B, 0xE0, 0xFF, 0x7F, 0x56, 0x10, 0x7D, 0x20, 0x9B, 0x89, 0xA1, 0xE0, 0xFF, 0x7F,
    0x36, 0x06, 0x85, 0x6D, 0x3C, 0x9F, 0xFE, 0xBF, 0x8F, 0x6A, 0xFC, 0xFF, 0x5F, 0x62, 0xE9, 0xBF,
    0xFF, 0xFA, 0xDF, 0xFF, 0xC3, 0x41, 0xFD, 0x4F, 0x04, 0x7B, 0xBE, 0xC1, 0x2F, 0x18, 0x73, 0x3D,
    0x33, 0x83, 0x02, 0x54, 0x66, 0x3E, 0xC8, 0x3A, 0x81, 0x17, 0x20, 0x66, 0x1F, 0xC4, 0x15, 0x09,
    0x20, 0x36, 0x1B, 0xC4, 0xAA, 0x87, 0x20, 0xB6, 0x1C, 0x84, 0x0D, 0xD6, 0xBD, 0x1E, 0xE6, 0x9A,
    0xFE, 0x1F, 0x50, 0x17, 0x5D, 0xF8, 0xFF, 0x9F, 0x6B, 0xC1, 0xFF, 0xFF, 0xBC, 0x20, 0xF6, 0x8F,
    0xFF, 0xF7, 0x19, 0x18, 0xFE, 0xFE, 0xEF, 0x87, 0x78, 0x44, 0x8F, 0x81, 0xE1, 0x11, 0xD8, 0x3B,
    0x07, 0xC0, 0x4A, 0x81, 0x9A, 0x78, 0x80, 0x9E, 0xFA, 0x9B, 0x0F, 0x52, 0xF9, 0xED, 0x3E, 0xC8,
    0x6B, 0x0D, 0x9C, 0x20, 0xF6, 0x04, 0x0E, 0x06, 0x06, 0x00, 0x89, 0xBF, 0x78, 0x21, 0x78, 0x9C,
    0x63, 0x60, 0x60, 0x60, 0x50, 0x30, 0x36, 0x66, 0x62, 0x80, 0x82, 0x0D, 0xFF, 0xFF, 0x73, 0xD3,
    0x83, 0xFD, 0xE3, 0x3F, 0x1C, 0xF4, 0x53, 0xC2, 0xA6, 0xA7, 0x9B, 0x19, 0x90, 0xC2, 0x0A, 0x00,
    0xE4, 0x3A, 0x77, 0x01, 0x78, 0x9C, 0x25, 0x8C, 0xC1, 0x0D, 0x82, 0x50, 0x10, 0x44, 0x9F, 0x04,
    0x38, 0x79, 0xA0, 0x03, 0xCE, 0x76, 0x45, 0x09, 0x74, 0x40, 0x28, 0xC1, 0x0A, 0xA0, 0x04, 0x3A,
    0xA0, 0x04, 0xED, 0xE0, 0x97, 0x60, 0x34, 0x86, 0xC4, 0x08, 0x0C, 0xBB, 0xCB, 0x65, 0x5E, 0x36,
    0x3B, 0x6F, 0x68, 0xD6, 0x74, 0x03, 0x56, 0x49, 0x39, 0xA3, 0xA5, 0x6A, 0xDE, 0x8E, 0x81, 0xAF,
    0xE3, 0x75, 0x42, 0xD9, 0x27, 0x50, 0x4C, 0x81, 0xB2, 0xDA, 0x02, 0xB4, 0x2E, 0x16, 0x36, 0xB0,
    0xB8, 0x0F, 0x3F, 0xE9, 0x62, 0xD8, 0x95, 0x2C, 0x5B, 0xA9, 0x3B, 0x5F, 0x35, 0xDC, 0xA3, 0xDF,
    0xEF, 0xD2, 0x0C, 0x7F, 0x3B, 0xAE, 0xF8, 0xF4, 0x60, 0x85, 0xA7, 0x92, 0xBB, 0xCD, 0xC3, 0x87,
    0x20, 0x8B, 0x3C, 0x00, 0x1A, 0xB3, 0x53, 0xB2, 0x78, 0x9C, 0xFB, 0xF1, 0x1F, 0x0E, 0xFA, 0x7F,
    0x50, 0xC0, 0x06, 0x00, 0xE2, 0x47, 0x44, 0xEF, 0x78, 0x9C, 0x63, 0x28, 0xF8, 0x73, 0x9E, 0x9D,
    0x41, 0xE0, 0xEF, 0xFF, 0xFF, 0xF7, 0x19, 0x0F, 0xFC, 0x07, 0x02, 0x9E, 0x2F, 0x20, 0xD2, 0xFF,
    0x27, 0x88, 0x9C, 0xFF, 0x07, 0x44, 0x9E, 0x87, 0x90, 0xBF, 0xC0, 0x22, 0x5F, 0x41, 0x64, 0x3C,
    0x44, 0x25, 0x44, 0x17, 0x43, 0xC1, 0xDF, 0xFB, 0xEC, 0x0C, 0x00, 0xE9, 0x7F, 0x37, 0x42, 0x78,
    0x9C, 0x85, 0xD1, 0xDB, 0x0D, 0x81, 0x41, 0x14, 0x45, 0xE1, 0x71, 0xBF, 0x53, 0x02, 0x1D, 0x28,
    0x81, 0x0E, 0xE8, 0x80, 0x0E, 0x28, 0x41, 0x07, 0x4A, 0xA0, 0x03, 0x3A, 0xA0, 0x03, 0x3A, 0xA0,
    0x03, 0x77, 0x71, 0x5F, 0x24, 0xE6, 0xE4, 0xDF, 0x0F, 0x23, 0xE6, 0x69, 0x65, 0x27, 0x27, 0xF9,
    0x92, 0x71, 0xEE, 0xFB, 0x76, 0x50, 0xF5, 0xE9, 0xCE, 0x50, 0xB0, 0x7E, 0x40, 0xCA, 0x67, 0x0D,
    0xB0, 0x79, 0x00, 0x23, 0xEB, 0x35, 0x34, 0xAC, 0x8F, 0x50, 0xB2, 0xBE, 0x41, 0xC6, 0xFA, 0x73,
    0x1A, 0xF3, 0xD9, 0x85, 0x99, 0xCD, 0x73, 0xE8, 0x58, 0xEF, 0xA1, 0x62, 0x7D, 0x81, 0x9C, 0xF5,
    0x0B, 0x12, 0x3E, 0x9B, 0xB0, 0xB2, 0x79, 0x0C, 0x43, 0xEB, 0x2D, 0xD4, 0x05, 0x5F, 0x14, 0x7C,
    0x3A, 0x8C, 0x9F, 0x08, 0xBE, 0x25, 0xF8, 0xB2, 0xE0, 0xB3, 0x82, 0x8F, 0x47, 0xF8, 0x85, 0xE0,
    0x7B, 0x3F, 0xF0, 0x79, 0xEB, 0x27, 0x24, 0x23, 0xFC, 0xE6, 0x1F, 0xFE, 0x24, 0xF8, 0x7B, 0x18,
    0xDF, 0x17, 0xFC, 0x52, 0xF0, 0x07, 0xC1, 0x5F, 0xC3, 0xF8, 0xB6, 0xE0, 0xA7, 0x82, 0xD7, 0xBF,
    0x7F, 0x03, 0x56, 0x7F, 0x86, 0xDD, 0x78, 0x9C, 0x4D, 0x91, 0x4D, 0x32, 0x03, 0x51, 0x14, 0x85,
    0x4F, 0x0A, 0x91, 0x04, 0x49, 0xC6, 0x26, 0x31, 0xA3, 0xCA, 0x20, 0xC6, 0x26, 0x6D, 0x6E, 0xC0,
    0x0E, 0x92, 0x1D, 0x44, 0xD9, 0x80, 0x94, 0x91, 0x19, 0x3B, 0x08, 0x65, 0x01, 0xAD, 0x52, 0xC6,
    0x96, 0x80, 0x1D, 0x30, 0xA7, 0xAA, 0x43, 0xFC, 0x17, 0x39, 0xCE, 0x79, 0xEF, 0x49, 0xB9, 0x83,
    0xDB, 0xF7, 0xEB, 0xFB, 0xEE, 0xB9, 0xE7, 0x75, 0x03, 0xC0, 0xE1, 0x23, 0xAF, 0xD7, 0x10, 0x63,
    0x48, 0xC7, 0x7A, 0xA8, 0x77, 0x19, 0x63, 0xCE, 0xF0, 0x9A, 0xA0, 0xA3, 0x7A, 0x85, 0x7F, 0x51,
    0x02, 0x2E, 0xA6, 0x50, 0x03, 0x5E, 0xF4, 0xD8, 0xC4, 0xB9, 0xF2, 0x0E, 0xF0, 0x45, 0x1E, 0xEB,
    0xF4, 0x07, 0x99, 0xA3, 0xA9, 0x57, 0x4B, 0x82, 0x5B, 0x0F, 0x75, 0x93, 0xA8, 0x17, 0x94, 0x4F,
    0xA3, 0x4C, 0x38, 0x51, 0x55, 0xFB, 0x26, 0xEC, 0xFE, 0x26, 0x17, 0x47, 0xE4, 0x00, 0x5B, 0x47,
    0xB3, 0xF8, 0x24, 0x1B, 0x4F, 0xE4, 0x81, 0x14, 0x73, 0xBC, 0x93, 0xAD, 0x67, 0xB2, 0x67, 0x91,
    0xF2, 0x1B, 0xD9, 0x16, 0x74, 0x2C, 0x52, 0x93, 0xC5, 0xF6, 0x58, 0x60, 0x47, 0x0B, 0x82, 0xCC,
    0x9D, 0xBE, 0xA0, 0xE2, 0x8E, 0x04, 0x7A, 0xCD, 0x09, 0x8B, 0x92, 0x66, 0x5A, 0x23, 0xAB, 0x0D,
    0x75, 0x4F, 0x99, 0x6B, 0xDC, 0xDB, 0xA0, 0x43, 0x86, 0xEB, 0x1A, 0xBE, 0x0B, 0xF0, 0x23, 0x91,
    0xFE, 0x3F, 0x6F, 0x15, 0xBB, 0x9D, 0x17, 0xEC, 0x05, 0xF7, 0x4A, 0x75, 0x81, 0x66, 0x09, 0x1B,
    0xCC, 0xE3, 0xFC, 0x00, 0x90, 0x05, 0x6E, 0xE3, 0x52, 0x39, 0x03, 0x4E, 0xA6, 0x5F, 0xA7, 0x2A,
    0x99, 0x49, 0xAA, 0x0B, 0x8B, 0x8E, 0x13, 0x64, 0xDE, 0xB6, 0x11, 0x5B, 0xC5, 0x4C, 0xD8, 0x7D,
    0x16, 0x60, 0x39, 0xFD, 0x93, 0xFD, 0x07, 0x5E, 0xAD, 0xBA, 0xF8, 0x05, 0xC8, 0x2D, 0xFB, 0xDF,
    0x78, 0x9C, 0x63, 0x60, 0x00, 0x82, 0x4D, 0x67, 0xCE, 0x70, 0x31, 0x40, 0x41, 0xE3, 0xFF, 0xFF,
    0xFF, 0x79, 0x21, 0x4C, 0x81, 0xA9, 0xFF, 0xE1, 0x9C, 0x25, 0x7F, 0xFF, 0x23, 0x38, 0x3F, 0xFE,
    0x93, 0xCE, 0x01, 0x82, 0x86, 0x11, 0xC1, 0xF9, 0xF0, 0x1F, 0x01, 0x28, 0xE7, 0x00, 0x00, 0x10,
    0xEA, 0xB4, 0x45, 0x78, 0x9C, 0x9D, 0x90, 0xCD, 0x0D, 0xC2, 0x30, 0x0C, 0x46, 0xBF, 0xF2, 0x23,
    0xD4, 0x12, 0x01, 0xA3, 0x70, 0xE4, 0xD8, 0x11, 0x60, 0x02, 0x46, 0xA8, 0xC4, 0x02, 0x74, 0x00,
    0x24, 0xC4, 0x04, 0x65, 0x03, 0x98, 0xA3, 0x1C, 0x10, 0x2C, 0x12, 0x21, 0x40, 0x02, 0x09, 0xC5,
    0xD8, 0x4D, 0x5C, 0x72, 0xC6, 0x97, 0xBC, 0x17, 0xC7, 0xB1, 0x13, 0x00, 0x8B, 0xDA, 0xD9, 0x4D,
    0x17, 0x4D, 0xEC, 0x48, 0xE2, 0xDC, 0x13, 0x9E, 0x93, 0x8F, 0x4A, 0xE4, 0x1D, 0x84, 0x32, 0x60,
    0xAF, 0x4C, 0x6B, 0xE0, 0xDE, 0x0A, 0x25, 0xC8, 0x89, 0xEC, 0x0C, 0x2B, 0xC7, 0x32, 0x00, 0x1E,
    0x94, 0x72, 0xE5, 0x85, 0xC5, 0x00, 0x79, 0x21, 0xD7, 0xF0, 0x01, 0x1A, 0xF3, 0x9A, 0x34, 0xDD,
    0x82, 0xF8, 0x70, 0xB1, 0x70, 0x66, 0xA4, 0x2C, 0x35, 0x43, 0x95, 0x23, 0x4B, 0x5F, 0xE5, 0xC9,
    0xED, 0x94, 0x27, 0x5C, 0x5F, 0xC4, 0xA7, 0x8C, 0x8A, 0x8C, 0xDE, 0x09, 0x5C, 0x32, 0x2F, 0x35,
    0xF1, 0xF2, 0x63, 0xB6, 0x89, 0x2A, 0xAE, 0xC8, 0x02, 0xCB, 0x63, 0x0F, 0xDA, 0xE3, 0xC3, 0x92,
    0x06, 0xB9, 0x32, 0x6F, 0x03, 0x4F, 0x5D, 0x74, 0x15, 0x4F, 0x45, 0xF6, 0x24, 0x3B, 0x64, 0xCA,
    0xDF, 0xEF, 0x90, 0xB9, 0xFD, 0x21, 0x5F, 0xDA, 0x87, 0xC7, 0x8C, 0x78, 0x9C, 0x63, 0x60, 0x60,
    0x48, 0xBC, 0xF5, 0xEF, 0xFD, 0x1C, 0x31, 0x06, 0x30, 0x98, 0xF8, 0x1F, 0x0C, 0xB4, 0x41, 0xEC,
    0x86, 0xFF, 0x50, 0xC0, 0xCE, 0xC0, 0xA0, 0xF0, 0x17, 0xC6, 0x99, 0xCF, 0xC0, 0xB0, 0xE1, 0x3F,
    0x1C, 0xB0, 0x32, 0x08, 0xFC, 0x83, 0x73, 0x78, 0x19, 0x18, 0x3E, 0xFF, 0x7F, 0x6F, 0xC9, 0xE8,
    0xF8, 0x0B, 0xC8, 0xB1, 0x67, 0x60, 0x08, 0xF8, 0x2F, 0x01, 0x34, 0x26, 0x01, 0xC8, 0xC9, 0x07,
    0xD2, 0xE6, 0x60, 0x0B, 0x80, 0xAA, 0xEB, 0x19, 0x60, 0xE0, 0x1F, 0x44, 0x06, 0x0C, 0x0C, 0x20,
    0x7A, 0x20, 0xE0, 0x09, 0x90, 0xC3, 0x03, 0x61, 0x3A, 0x1D, 0x07, 0x19, 0xCD, 0xC4, 0x00, 0x35,
    0x09, 0x08, 0xEC, 0x18, 0x10, 0x9C, 0xF5, 0x8C, 0x08, 0xCE, 0x79, 0x26, 0x06, 0x24, 0x99, 0x5C,
    0x64, 0xCE, 0x7F, 0x5B, 0x64, 0xCE, 0x7F, 0x36, 0x88, 0x9C, 0xE1, 0x54, 0x90, 0xDB, 0xFD, 0x61,
    0x96, 0x82, 0x64, 0xEF, 0xC3, 0xDD, 0xF6, 0x15, 0xC8, 0x63, 0x86, 0x71, 0x1E, 0x40, 0x42, 0x01,
    0x02, 0x2E, 0x00, 0x39, 0x1C, 0x0C, 0x0F, 0x21, 0xFC, 0x8F, 0x60, 0x99, 0xDF, 0xE7, 0xC1, 0x4A,
    0x7F, 0x83, 0x42, 0xA4, 0x00, 0xE8, 0x12, 0x35, 0x46, 0xC3, 0x17, 0x20, 0x8B, 0x18, 0x3F, 0x23,
    0x82, 0xAA, 0x9F, 0xE1, 0x17, 0x82, 0xC3, 0xCB, 0x70, 0x10, 0xCE, 0xBE, 0x0F, 0x74, 0xF7, 0x77,
    0x18, 0x47, 0x1A, 0x68, 0x8C, 0xC0, 0x4F, 0x08, 0xDB, 0x1B, 0x62, 0x5F, 0xCB, 0xED, 0xFF, 0xEF,
    0xD7, 0x82, 0xE3, 0x07, 0x00, 0xAC, 0x33, 0xD4, 0xE2, 0x78, 0x9C, 0xAD, 0xD0, 0xC1, 0x0D, 0x40,
    0x40, 0x10, 0x85, 0xE1, 0xC1, 0x49, 0xC2, 0xB6, 0xA4, 0x05, 0x25, 0xE8, 0x80, 0x0E, 0xE8, 0x50,
    0x0D, 0x2A, 0x10, 0xCB, 0x6D, 0xF1, 0x8C, 0x8D, 0x99, 0x8C, 0xFB, 0xBE, 0xD3, 0x7E, 0xC9, 0x9F,
    0x4C, 0xB2, 0x44, 0xEF, 0x5A, 0xF0, 0x1C, 0x7D, 0x5B, 0x7E, 0x0A, 0x56, 0x1D, 0xAC, 0xB6, 0x9F,
    0x82, 0x15, 0x87, 0x73, 0x50, 0x79, 0xA0, 0x39, 0x55, 0xFC, 0x2A, 0x2F, 0xD1, 0x00, 0xAC, 0x99,
    0x8A, 0xC3, 0x9E, 0x6E, 0x11, 0x87, 0x95, 0x8A, 0x43, 0xE4, 0x24, 0x17, 0x38, 0x1C, 0x49, 0x15,
    0x43, 0xD1, 0x14, 0x43, 0xD1, 0x1E, 0x43, 0x11, 0x1F, 0xAA, 0x55, 0x6F, 0x58, 0xA8, 0x3C, 0xCC,
    0xDC, 0x91, 0x44, 0xF2, 0x87, 0xF6, 0x9D, 0x56, 0x0F, 0x1A, 0x68, 0xD4, 0xC0, 0x78, 0x9C, 0x63,
    0x08, 0xF8, 0x0F, 0x03, 0xFA, 0x0C, 0x0C, 0x09, 0x38, 0x39, 0x05, 0xC8, 0x9C, 0x06, 0x64, 0xCE,
    0x04, 0x64, 0xCE, 0x02, 0x20, 0xC5, 0x00, 0x03, 0x1B, 0xFE, 0xFF, 0x7F, 0x8F, 0xCC, 0xB9, 0x0F,
    0xE7, 0x1C, 0xF8, 0xFF, 0x7F, 0x3F, 0x9C, 0x73, 0xE1, 0xFF, 0xFF, 0xF5, 0x70, 0xCE, 0x83, 0xFF,
    0xFF, 0xE7, 0x2F, 0xFE, 0x77, 0xBF, 0x8A, 0x11, 0xC4, 0xF9, 0x00, 0x34, 0x00, 0x64, 0xF0, 0x7A,
    0x46, 0x08, 0x07, 0x02, 0xFC, 0x80, 0x9C, 0x8F, 0x70, 0x4B, 0x59, 0x90, 0x39, 0x72, 0x60, 0xA3,
    0xA1, 0x60, 0x3E, 0x50, 0xDD, 0xF7, 0xF7, 0xE6, 0x0C, 0x8E, 0x3F, 0xFF, 0x43, 0x1C, 0x62, 0xC0,
    0x06, 0x22, 0xFE, 0x41, 0x34, 0x41, 0xC0, 0x57, 0x20, 0x87, 0x0D, 0xC9, 0xEE, 0xFF, 0x1C, 0x48,
    0x4E, 0xFC, 0xCF, 0x89, 0xCC, 0x81, 0xCB, 0x7C, 0x00, 0xEB, 0xB9, 0xC0, 0x0E, 0xE6, 0x7C, 0x03,
    0x72, 0x98, 0x19, 0x7E, 0x9E, 0x67, 0x06, 0xB2, 0x1D, 0xFE, 0x83, 0xFC, 0x08, 0x24, 0xF7, 0xAB,
    0x31, 0x06, 0xFE, 0x06, 0x72, 0xF2, 0x19, 0x1E, 0xC2, 0x5D, 0xF3, 0x9F, 0x97, 0xE1, 0x3B, 0x82,
    0xC3, 0x8C, 0x14, 0xA0, 0xFE, 0x40, 0xAD, 0x57, 0xA0, 0xEC, 0xFB, 0x4C, 0x20, 0x43, 0xAF, 0x81,
    0xD9, 0xEF, 0x21, 0x36, 0x30, 0x14, 0xDF, 0xFE, 0xF7, 0x7E, 0x0E, 0xD8, 0xC5, 0x00, 0x69, 0x00,
    0xE6, 0x22, 0x78, 0x9C, 0x4D, 0x50, 0x3B, 0x6A, 0x42, 0x51, 0x14, 0x1C, 0x7D, 0x46, 0xB0, 0xD0,
    0x58, 0xA4, 0xD6, 0xD7, 0x09, 0x16, 0x6E, 0x41, 0x77, 0x90, 0xEC, 0xC0, 0xEC, 0xC0, 0xEC, 0x20,
    0x82, 0xAD, 0xA0, 0x1B, 0x10, 0x05, 0x6B, 0xC1, 0x42, 0x4B, 0xD1, 0xC2, 0x26, 0x9D, 0xE0, 0x02,
    0x0C, 0xA4, 0x54, 0x78, 0x90, 0x8F, 0xE2, 0x27, 0xEF, 0x38, 0xE7, 0xDE, 0xFB, 0x9E, 0x4E, 0x71,
    0xCF, 0x0C, 0xE7, 0x37, 0xF7, 0x00, 0x40, 0xED, 0x23, 0x0C, 0xDA, 0x29, 0x18, 0xBC, 0x86, 0x42,
    0x04, 0x69, 0xE5, 0xFE, 0x45, 0x0C, 0x36, 0x1E, 0xC5, 0x97, 0x38, 0xD4, 0x99, 0x08, 0x23, 0x51,
    0x05, 0x16, 0x11, 0x97, 0x07, 0xE0, 0xC0, 0xD0, 0x7F, 0xF2, 0xA7, 0xF2, 0xCE, 0x16, 0x56, 0x6D,
    0x92, 0x8C, 0xEB, 0x0C, 0xF0, 0xC6, 0x44, 0x01, 0x0E, 0x2B, 0x5B, 0x6C, 0xF1, 0xCD, 0xAA, 0x88,
    0x63, 0x2F, 0xD2, 0x89, 0xC5, 0x51, 0xE4, 0x19, 0x2F, 0xDB, 0xA0, 0xA7, 0xDE, 0xE8, 0xE5, 0xB1,
    0xF6, 0xEF, 0xDC, 0x30, 0xE6, 0x8E, 0x66, 0x67, 0x03, 0xE0, 0x3B, 0x72, 0x0E, 0x52, 0x90, 0x1B,
    0x72, 0xF7, 0xA2, 0x61, 0x44, 0x50, 0xCA, 0x0F, 0x19, 0xE6, 0x6A, 0x4D, 0xE8, 0x0A, 0xBF, 0x8C,
    0x3A, 0x5A, 0xED, 0x62, 0x4C, 0x91, 0x3C, 0x89, 0x14, 0x55, 0x34, 0x29, 0xBC, 0x83, 0xF9, 0xAE,
    0x75, 0xEF, 0xFD, 0x68, 0x23, 0xD1, 0xA5, 0x48, 0xAC, 0xCC, 0x36, 0xE0, 0x53, 0x07, 0x68, 0xBA,
    0x62, 0x0D, 0xCF, 0xCD, 0xB7, 0xB9, 0x67, 0x62, 0x4F, 0xF5, 0x17, 0x3B, 0xC8, 0x02, 0x83, 0x58,
    0xE8, 0x45, 0xCF, 0xB7, 0x83, 0xDA, 0xA1, 0x12, 0x9F, 0x65, 0x69, 0x78, 0xD9, 0xDD, 0xA1, 0xB5,
    0x93, 0x59, 0x49, 0xC9, 0x15, 0xAF, 0x73, 0xF2, 0x42, 0x78, 0x9C, 0x95, 0xCF, 0xDD, 0x0D, 0x01,
    0x51, 0x10, 0x86, 0xE1, 0x45, 0x10, 0x24, 0x3A, 0x10, 0x3A, 0x50, 0x02, 0x25, 0x6C, 0x07, 0x5A,
    0xD0, 0x01, 0x9D, 0x50, 0x82, 0x0E, 0xB4, 0xA0, 0x03, 0xD1, 0x01, 0xEB, 0xE7, 0xC2, 0xB2, 0xAF,
    0x49, 0xCC, 0xB7, 0x73, 0x2E, 0xDC, 0x98, 0xAB, 0x27, 0x27, 0x73, 0x66, 0xBE, 0xA9, 0x88, 0xAA,
    0xFE, 0xF3, 0x3E, 0xF1, 0x28, 0xFB, 0x56, 0x6E, 0x6E, 0xBA, 0x4F, 0xB0, 0x70, 0x66, 0x2F, 0xE8,
    0x39, 0x97, 0x70, 0xD4, 0x73, 0x01, 0x33, 0xB9, 0x84, 0xFE, 0x8F, 0x29, 0x07, 0xD8, 0xA8, 0xE5,
    0x01, 0x53, 0xF9, 0x0D, 0x03, 0xE7, 0xDC, 0xDA, 0xDB, 0xEE, 0xAD, 0x59, 0x2D, 0x67, 0xCB, 0x28,
    0xDF, 0x61, 0x25, 0x3F, 0x93, 0xAD, 0x76, 0xC3, 0xD8, 0x39, 0xB1, 0xAF, 0xC3, 0x24, 0x81, 0xC6,
    0xAF, 0x89, 0xF0, 0x3B, 0x73, 0x37, 0x92, 0xD1, 0x89, 0x55, 0x75, 0x84, 0x8B, 0xB9, 0x15, 0x07,
    0xD6, 0x97, 0x5C, 0xCD, 0x0D, 0xF7, 0x4D, 0xFE, 0x00, 0xA7, 0xCB, 0xA0, 0x1C, 0x78, 0x9C, 0x45,
    0x90, 0x3D, 0x6E, 0xC2, 0x40, 0x10, 0x85, 0x1F, 0xD8, 0x16, 0x38, 0x12, 0x69, 0xD2, 0x21, 0x05,
    0x5C, 0x51, 0x21, 0x51, 0xA6, 0x75, 0x9F, 0x26, 0x47, 0xC8, 0x05, 0xA2, 0x40, 0x4E, 0xC0, 0x0D,
    0xF0, 0x05, 0x10, 0xE4, 0x00, 0x29, 0xA9, 0x4D, 0x41, 0xA4, 0x74, 0xF4, 0x34, 0xA6, 0x4A, 0xBB,
    0xA0, 0x44, 0xF9, 0x11, 0x96, 0x1F, 0x33, 0xEB, 0x35, 0x9E, 0x62, 0xFC, 0x79, 0x34, 0xF3, 0xE6,
    0xCD, 0x02, 0x88, 0x3F, 0x0A, 0x33, 0x0F, 0xA0, 0xF1, 0x58, 0x50, 0xA3, 0xAD, 0x7C, 0xB2, 0xC8,
    0xAC, 0x09, 0xAC, 0xE9, 0xA2, 0x07, 0xFC, 0x56, 0xBC, 0x00, 0x78, 0x89, 0xC6, 0x83, 0xA4, 0xD9,
    0x4D, 0xF4, 0x29, 0x9F, 0x60, 0x2C, 0xC9, 0x07, 0x22, 0x11, 0x6B, 0x27, 0xA4, 0x51, 0xB5, 0x7F,
    0x32, 0x9C, 0x3A, 0x16, 0x89, 0x96, 0xF6, 0xB7, 0xCA, 0x2D, 0x1E, 0xA4, 0x31, 0xF5, 0x10, 0x4B,
    0x06, 0x7E, 0x74, 0xE7, 0xDD, 0x37, 0x79, 0x0B, 0x24, 0x4E, 0x3D, 0x6B, 0x94, 0x0A, 0x1A, 0x5D,
    0xEB, 0x93, 0xB5, 0xCF, 0x57, 0xD7, 0xE3, 0x5F, 0xCA, 0xE4, 0xB3, 0x5D, 0x32, 0x5C, 0xD9, 0x1F,
    0x5F, 0xCA, 0x5B, 0x60, 0xA2, 0xB7, 0x5D, 0x1F, 0xC9, 0xBE, 0x0C, 0x4D, 0xB5, 0xE9, 0x8F, 0xBC,
    0x72, 0x7E, 0xD2, 0xBC, 0xB4, 0x83, 0x83, 0x78, 0x2C, 0x1C, 0xEF, 0xA5, 0x49, 0xB8, 0xA3, 0x2C,
    0x73, 0x26, 0xB7, 0x47, 0x5B, 0x27, 0x99, 0xCC, 0xF2, 0xA9, 0x19, 0xBD, 0xEB, 0xD9, 0x5F, 0xF5,
    0x3B, 0x8C, 0x92, 0x9A, 0x43, 0xE4, 0x15, 0xCA, 0x5D, 0xCB, 0xBA, 0x0C, 0x6C, 0x4A, 0xBC, 0xB7,
    0x8F, 0xFE, 0xB2, 0x2B, 0xCC, 0xDB, 0x40, 0xE0, 0x0C, 0x9E, 0x4F, 0xFA, 0xFF, 0x78, 0x9C, 0x4D,
    0x90, 0xBB, 0x0E, 0x41, 0x41, 0x10, 0x86, 0xC7, 0x41, 0x22, 0x6E, 0x11, 0xA1, 0x13, 0xD9, 0x47,
    0xF0, 0x1A, 0x3A, 0x6F, 0xC0, 0x0B, 0xC8, 0xD1, 0x6B, 0x3C, 0x01, 0x8A, 0xD3, 0xD3, 0xA8, 0x45,
    0xA5, 0x3C, 0x9E, 0x80, 0x46, 0xA5, 0x21, 0x0A, 0x15, 0x39, 0x89, 0xB8, 0x25, 0xC2, 0x98, 0x7F,
    0x2F, 0xF8, 0x8B, 0xCD, 0x7C, 0xBB, 0xB3, 0xFF, 0x5C, 0x88, 0x48, 0xCD, 0x5F, 0xDB, 0xAE, 0x47,
    0x5A, 0xB5, 0x27, 0x8B, 0x56, 0x09, 0x0D, 0x0F, 0xD6, 0x1A, 0x21, 0x1E, 0xB2, 0x55, 0x46, 0xE0,
    0xEE, 0x40, 0x9E, 0x0A, 0xFC, 0x55, 0x92, 0x7A, 0xB8, 0x2B, 0x29, 0x7C, 0xCC, 0xD1, 0x4E, 0x5F,
    0x91, 0x7A, 0x33, 0xFB, 0x74, 0x66, 0x0E, 0xE1, 0x73, 0x11, 0x77, 0x1C, 0x3E, 0x60, 0x21, 0x19,
    0xB1, 0x2B, 0x73, 0x13, 0xD0, 0x42, 0xBA, 0xBC, 0x0C, 0x00, 0x4A, 0x20, 0x25, 0x7F, 0xA2, 0x98,
    0xC0, 0x0C, 0x65, 0xE1, 0xD6, 0x2F, 0xAA, 0x09, 0x0A, 0x65, 0xC7, 0xBF, 0xA2, 0x9C, 0x53, 0x7F,
    0x90, 0x77, 0x4D, 0x1B, 0xB0, 0x79, 0xFE, 0x1B, 0xFD, 0xD0, 0x01, 0xF1, 0xD4, 0x83, 0x81, 0xB8,
    0x4E, 0x4E, 0x51, 0xD7, 0x43, 0xF7, 0x69, 0xB2, 0x6A, 0xA0, 0xA8, 0x03, 0x0C, 0x9C, 0x70, 0x80,
    0xE2, 0x2E, 0xA6, 0x9B, 0x1D, 0xC5, 0xF5, 0x89, 0xEE, 0x37, 0x71, 0x39, 0xF6, 0x7A, 0x6C, 0x59,
    0x42, 0x58, 0x2E, 0x04, 0x66, 0x21, 0x48, 0x36, 0x0A, 0x8D, 0xBF, 0x51, 0x95, 0xA8, 0xE3, 0xE2,
    0x08, 0xAB, 0x5F, 0x5B, 0xA8, 0x68, 0x57, 0xDD, 0x28, 0xB7, 0x6D, 0x8D, 0xE0, 0xC8, 0xCB, 0xBA,
    0x8E, 0x3E, 0xB3, 0x1B, 0xEF, 0xE2, 0x78, 0x9C, 0x63, 0x28, 0xF8, 0x73, 0x9E, 0x9D, 0x41, 0xE0,
    0xEF, 0xFF, 0xFF, 0xF7, 0x19, 0x0F, 0xFC, 0x07, 0x02, 0x9E, 0x2F, 0x20, 0xD2, 0xFF, 0x27, 0x88,
    0x9C, 0xFF, 0x07, 0x44, 0x9E, 0x87, 0x90, 0xBF, 0xC0, 0x22, 0x5F, 0x41, 0x64, 0x3C, 0x44, 0x25,
    0x44, 0x17, 0x43, 0xC1, 0xDF, 0xFB, 0xEC, 0x0C, 0x38, 0x01, 0x95, 0xCC, 0x07, 0x00, 0x8C, 0xC0,
    0x6E, 0x83, 0x78, 0x9C, 0x7D, 0x8E, 0xCD, 0x0D, 0xC2, 0x30, 0x0C, 0x85, 0x1F, 0x15, 0x81, 0x0B,
    0x07, 0x36, 0xE8, 0x99, 0x69, 0x18, 0x81, 0x8E, 0x90, 0x0D, 0x10, 0x23, 0x30, 0x41, 0x19, 0x81,
    0x0D, 0x60, 0x83, 0xB0, 0x81, 0x47, 0x40, 0x20, 0xA8, 0x04, 0xA4, 0x35, 0x7E, 0x0E, 0xBD, 0xE2,
    0x83, 0x3F, 0x29, 0xF1, 0xFB, 0x41, 0xCC, 0x69, 0x0E, 0x2C, 0x7B, 0x55, 0x99, 0xE0, 0xAC, 0x36,
    0x0B, 0x3C, 0x88, 0x35, 0x5E, 0x44, 0x8B, 0x4C, 0xA4, 0x11, 0xEF, 0xF2, 0xF8, 0x24, 0x36, 0xA3,
    0xE0, 0x27, 0x47, 0xEC, 0xC5, 0xCC, 0xFE, 0x4E, 0x93, 0x65, 0x65, 0xA0, 0xDB, 0x14, 0x07, 0xCA,
    0x6B, 0xDC, 0x8A, 0xA7, 0xC7, 0x5E, 0x0B, 0xB4, 0xBA, 0x3B, 0xC2, 0xD1, 0x31, 0x63, 0x82, 0x01,
    0x91, 0xC2, 0x60, 0x06, 0x1D, 0xF5, 0x60, 0x47, 0xCB, 0xC5, 0xA0, 0x62, 0x3B, 0xAA, 0x6E, 0xCB,
    0x57, 0x0D, 0xEC, 0xFD, 0x7E, 0x37, 0xA8, 0x9E, 0x80, 0x8F, 0xD7, 0xA4, 0x75, 0x6B, 0x07, 0x17,
    0x15, 0x6A, 0x9B, 0x14, 0xBC, 0x52, 0xE5, 0xFB, 0x0B, 0xB5, 0x94, 0x8A, 0xF3, 0x78, 0x9C, 0x55,
    0xD0, 0xBD, 0x11, 0x80, 0x20, 0x0C, 0x05, 0xE0, 0x40, 0xA1, 0x6B, 0xD8, 0xCB, 0x50, 0x6C, 0x80,
    0x1B, 0x38, 0x0B, 0x93, 0x30, 0x82, 0x8D, 0x23, 0xB8, 0x81, 0x8D, 0x85, 0x67, 0xBC, 0xDC, 0xE5,
    0xE1, 0x93, 0xEA, 0x2B, 0xF2, 0xC8, 0x8F, 0x88, 0xBF, 0x1A, 0xA0, 0xFC, 0x80, 0xD3, 0xAD, 0xE0,
    0xA5, 0xE0, 0xAE, 0x60, 0x55, 0x30, 0x9B, 0x8A, 0x47, 0x54, 0x5B, 0xF0, 0x88, 0xEA, 0x60, 0x3A,
    0x4C, 0xA9, 0x47, 0x4A, 0x8F, 0x6C, 0xD1, 0x78, 0x1A, 0x47, 0x01, 0x93, 0x80, 0xAB, 0x74, 0x96,
    0x8F, 0x54, 0xE0, 0xFF, 0xCB, 0x62, 0x6C, 0x51, 0xFE, 0x2D, 0xBC, 0xF1, 0xDC, 0x37, 0x40, 0x39,
    0x0D, 0x49, 0xA3, 0xF3, 0x42, 0xBC, 0x26, 0x2F, 0xCF, 0x27, 0xA1, 0x43, 0xD9, 0xF9, 0x5E, 0xF0,
    0x0E, 0x73, 0xC1, 0x78, 0x9C, 0xFB, 0xF1, 0x1F, 0x0E, 0xFA, 0x7F, 0x50, 0xC0, 0x66, 0xA0, 0x12,
    0xA0, 0xC4, 0x0D, 0xC8, 0x6C, 0x00, 0x8D, 0x0E, 0x89, 0xDD, 0x78, 0x9C, 0x5B, 0xC8, 0xC8, 0x00,
    0x03, 0x1F, 0xF3, 0x10, 0xCC, 0xFF, 0x3A, 0x08, 0xE6, 0x7F, 0x0E, 0x04, 0xF3, 0x3E, 0x0B, 0x9C,
    0xF9, 0x7F, 0x3D, 0x44, 0x6B, 0x02, 0x90, 0xF9, 0x3F, 0x1F, 0x22, 0xBC, 0x11, 0xC4, 0x86, 0x6A,
    0xFD, 0x06, 0x62, 0x43, 0xB4, 0x2A, 0xFC, 0x06, 0x32, 0xDF, 0xB3, 0x20, 0x94, 0x43, 0xB5, 0x1E,
    0x42, 0xD2, 0x0A, 0x56, 0xCE, 0x0C, 0x51, 0xFE, 0x07, 0xCE, 0x64, 0x28, 0xC0, 0xC6, 0x44, 0x52,
    0xF0, 0x1D, 0xAE, 0x0D, 0x6C, 0x58, 0x3D, 0xAA, 0x15, 0x60, 0x85, 0x10, 0x8B, 0x11, 0xCE, 0x41,
    0x38, 0x12, 0xC9, 0xE9, 0x48, 0x1E, 0x42, 0xF5, 0x26, 0xC2, 0xF3, 0x88, 0x20, 0x41, 0x04, 0xD4,
    0x42, 0x44, 0xF0, 0x01, 0x00, 0x44, 0x71, 0x73, 0xE1, 0x78, 0x9C, 0x63, 0x60, 0x60, 0x98, 0xF2,
    0xE6, 0xFF, 0x5E, 0x75, 0x06, 0x10, 0x78, 0xFA, 0x1F, 0x04, 0xB4, 0x81, 0xAC, 0x8D, 0xFF, 0x21,
    0x80, 0x95, 0x41, 0xE1, 0x2F, 0x94, 0xE9, 0xCF, 0x70, 0x01, 0xCA, 0xFA, 0x7F, 0x9F, 0x41, 0xE1,
    0xDF, 0x7F, 0xB8, 0x8A, 0x8B, 0xFF, 0xE7, 0x0B, 0x1B, 0xFC, 0x06, 0x32, 0xB9, 0x18, 0x04, 0xEE,
    0x30, 0x33, 0x30, 0x2C, 0x00, 0x32, 0x79, 0xC0, 0xE6, 0x31, 0x38, 0x00, 0x99, 0xBC, 0x10, 0xA6,
    0x01, 0x90, 0xC9, 0x0D, 0x61, 0x36, 0x00, 0x99, 0x1C, 0x10, 0xE6, 0x67, 0x20, 0x93, 0x09, 0xCC,
    0x02, 0x99, 0x38, 0x1F, 0x22, 0xF8, 0x08, 0x6E, 0x00, 0x48, 0xF0, 0x3C, 0x23, 0x98, 0xF9, 0x10,
    0x28, 0x28, 0x03, 0x91, 0xFF, 0x03, 0x14, 0x84, 0xB0, 0x12, 0x10, 0xE6, 0x5F, 0x80, 0x9B, 0xC4,
    0xF0, 0xF1, 0xFF, 0xFF, 0xF5, 0x0C, 0x70, 0xF3, 0xE3, 0xA1, 0xCC, 0x4F, 0x20, 0x2F, 0x10, 0x09,
    0x0C, 0x5E, 0xDF, 0x97, 0x80, 0x32, 0xBF, 0x01, 0xBD, 0x0B, 0x71, 0x81, 0xC2, 0x7F, 0xB8, 0x17,
    0x40, 0x3E, 0xF8, 0x2F, 0x0F, 0x66, 0x2E, 0x80, 0x84, 0x0D, 0x9C, 0x69, 0x0F, 0x66, 0x16, 0x20,
    0x14, 0x08, 0xFC, 0x07, 0x07, 0x0D, 0x18, 0x7C, 0x85, 0x1B, 0xC6, 0x60, 0xF0, 0xEA, 0x3E, 0x38,
    0x0C, 0x00, 0xD9, 0x82, 0x91, 0x28, 0x78, 0x9C, 0x45, 0x90, 0x3D, 0x4E, 0xC3, 0x40, 0x10, 0x85,
    0xC7, 0xC6, 0xC2, 0x0B, 0x42, 0x60, 0x09, 0x09, 0x4A, 0xE8, 0x41, 0x22, 0x37, 0xC0, 0x35, 0x14,
    0x24, 0x2D, 0x4D, 0x90, 0x38, 0x00, 0x11, 0xD4, 0x08, 0xB8, 0x01, 0x37, 0x08, 0x17, 0x40, 0x29,
    0x38, 0x80, 0xD3, 0xD2, 0x10, 0x6A, 0x0A, 0x7E, 0x3A, 0x24, 0x0A, 0x47, 0x26, 0x24, 0x04, 0x6C,
    0x3F, 0x66, 0x66, 0x77, 0xC9, 0x2B, 0xD6, 0xF3, 0x79, 0x76, 0x66, 0xDE, 0x2C, 0x11, 0xEB, 0xF4,
    0x09, 0xCF, 0x87, 0xE4, 0x74, 0x07, 0xD1, 0x85, 0x85, 0x6B, 0x58, 0x2D, 0x09, 0x24, 0xA5, 0xA3,
    0x81, 0x50, 0x9F, 0x83, 0xBD, 0xA0, 0xC5, 0xFF, 0x0C, 0xD3, 0x0F, 0xB0, 0xCD, 0x9F, 0x4B, 0x60,
    0x83, 0xA8, 0x09, 0xF4, 0xB4, 0x7C, 0x2A, 0x7D, 0x5E, 0x5D, 0x39, 0xBD, 0xE1, 0x85, 0x68, 0x0C,
    0x84, 0xBE, 0x75, 0x40, 0x15, 0xBA, 0x76, 0x10, 0x97, 0x44, 0x0D, 0x60, 0xC7, 0xD2, 0x26, 0x30,
    0xDF, 0xF1, 0x65, 0x94, 0x00, 0x31, 0x4F, 0x8B, 0x2D, 0xF1, 0xAD, 0x78, 0x08, 0xCC, 0x49, 0x7C,
    0xF6, 0xC1, 0x26, 0x4C, 0x01, 0xC8, 0xAD, 0x77, 0xF5, 0x66, 0x3E, 0x65, 0x8A, 0x8C, 0x51, 0xFA,
    0x42, 0xE6, 0xB6, 0xA8, 0x98, 0xC6, 0xE2, 0x8B, 0x53, 0xDD, 0xA8, 0xAF, 0xC4, 0xC3, 0x6B, 0x0C,
    0x02, 0xD9, 0xC5, 0x4C, 0x98, 0x52, 0xB5, 0xEF, 0x73, 0x47, 0xC0, 0xB2, 0xA7, 0x1E, 0xB1, 0x9F,
    0x15, 0xA2, 0x47, 0xA6, 0x11, 0x3F, 0x00, 0xFB, 0xCD, 0xC2, 0x56, 0xE5, 0xE6, 0x25, 0xEE, 0x61,
    0x60, 0x86, 0xE2, 0xE5, 0xD7, 0x13, 0xDF, 0x8E, 0xA8, 0x90, 0xF0, 0xA0, 0x84, 0xB9, 0x01, 0x16,
    0xA8, 0x51, 0x03, 0x79, 0xF4, 0x0D, 0xD3, 0xD4, 0xEE, 0x57, 0xD5, 0xC3, 0xBA, 0xAE, 0x05, 0xB4,
    0x69, 0xA6, 0xA9, 0x2E, 0xE1, 0x55, 0xFC, 0x2F, 0x2F, 0xE2, 0x36, 0xBB, 0x33, 0x4A, 0x6A, 0xE4,
    0xE1, 0x0C, 0x47, 0xC0, 0x89, 0xBE, 0xD2, 0x96, 0x9C, 0xEC, 0x19, 0xE7, 0xAB, 0xC9, 0x71, 0x99,
    0x69, 0x72, 0xE2, 0x6D, 0x46, 0x42, 0x69, 0xED, 0x68, 0x51, 0x93, 0x1D, 0x8B, 0xFB, 0xAE, 0x51,
    0x7A, 0x5F, 0xE7, 0xB7, 0x6B, 0x1C, 0xFC, 0x01, 0x43, 0xC7, 0x01, 0xD9, 0x78, 0x9C, 0x3D, 0x91,
    0xCB, 0x0D, 0x82, 0x40, 0x14, 0x45, 0x47, 0x13, 0x42, 0x20, 0x62, 0xEC, 0x00, 0x3B, 0xA1, 0x05,
    0x3B, 0x20, 0x56, 0x80, 0x9D, 0xE0, 0xC6, 0x35, 0x76, 0x82, 0x25, 0xB8, 0x74, 0x87, 0x2D, 0x10,
    0x95, 0xF8, 0x89, 0x5E, 0xDF, 0x77, 0x6E, 0x02, 0xC9, 0x49, 0xE0, 0xDD, 0x39, 0x6F, 0x42, 0xA0,
    0xBC, 0x00, 0xB4, 0x21, 0xE6, 0x4B, 0x38, 0x44, 0x5A, 0x83, 0x33, 0x77, 0xDC, 0x09, 0xA6, 0x8E,
    0x27, 0xC1, 0x85, 0xE3, 0x08, 0xFC, 0x80, 0xD2, 0x71, 0x02, 0x2E, 0x40, 0xE3, 0xF8, 0x01, 0x0E,
    0x40, 0xEF, 0x48, 0x3F, 0x6E, 0xE9, 0x31, 0xDA, 0x50, 0x29, 0x77, 0x25, 0x8A, 0x47, 0xA0, 0x0B,
    0x34, 0x2B, 0x57, 0xBC, 0x02, 0x75, 0x78, 0x03, 0x4B, 0xC5, 0x3B, 0x97, 0xD0, 0xF4, 0x4A, 0xF1,
    0x09, 0x14, 0xDC, 0xDD, 0x46, 0x81, 0x2C, 0x9C, 0x5D, 0x42, 0x87, 0xEE, 0x5D, 0x82, 0x05, 0x66,
    0xDC, 0xA6, 0x12, 0x27, 0xF9, 0x6C, 0xE5, 0x12, 0x23, 0xD7, 0xCA, 0x84, 0xD2, 0x04, 0x2C, 0x8D,
    0x09, 0x58, 0x7A, 0x13, 0xF0, 0xA8, 0x40, 0x4C, 0x22, 0x02, 0x31, 0xB9, 0x08, 0xC4, 0x90, 0xC4,
    0xCD, 0x4E, 0xC7, 0xC5, 0x95, 0x08, 0x74, 0x7E, 0xF4, 0x56, 0xDE, 0x75, 0xB0, 0x9B, 0x19, 0x44,
    0x40, 0x57, 0xFA, 0x60, 0x09, 0x16, 0x28, 0x7C, 0xDB, 0x48, 0xF9, 0x06, 0x32, 0xC1, 0x33, 0x4B,
    0x8C, 0x71, 0x85, 0x6C, 0x5C, 0x4E, 0x62, 0x6B, 0xFB, 0x45, 0xF3, 0x07, 0xE9, 0xE2, 0xF1, 0x80,
    0x78, 0x9C, 0xFB, 0xF2, 0x1F, 0x04, 0xDE, 0xEF, 0x8D, 0x64, 0x64, 0x60, 0x60, 0xF8, 0xF2, 0x1F,
    0x0A, 0xE6, 0x33, 0x22, 0x71, 0xFE, 0xDB, 0x21, 0x73, 0xFE, 0x33, 0x21, 0x73, 0x78, 0x90, 0x39,
    0xFA, 0x60, 0x0E, 0x03, 0x83, 0xC2, 0x73, 0x20, 0x95, 0x0F, 0xE5, 0x30, 0x08, 0x00, 0xA9, 0x7E,
    0x18, 0x87, 0xE1, 0x17, 0xD0, 0x70, 0x64, 0x4E, 0x3D, 0x9C, 0xF3, 0xF7, 0xFF, 0x7F, 0x7B, 0x18,
    0x27, 0x00, 0x48, 0xF1, 0x42, 0x39, 0x86, 0x3F, 0x81, 0x14, 0x33, 0x92, 0x3D, 0xF1, 0x48, 0xCE,
    0x39, 0xCF, 0x8C, 0xC4, 0x91, 0x40, 0xF6, 0xC2, 0x7F, 0x6F, 0x14, 0x57, 0x73, 0x22, 0x73, 0xD6,
    0x43, 0x8D, 0x16, 0x28, 0xFE, 0x07, 0xA4, 0x59, 0x60, 0x2E, 0xB8, 0x08, 0xA4, 0xB9, 0x60, 0x1C,
    0x90, 0x13, 0xF8, 0x60, 0x1C, 0x05, 0x20, 0xCD, 0x8F, 0xCC, 0x91, 0x87, 0x71, 0x12, 0x90, 0x65,
    0x1E, 0x81, 0x9C, 0x0D, 0x35, 0x7A, 0x0A, 0xC8, 0x22, 0x0E, 0x24, 0x4B, 0xFF, 0x33, 0x21, 0x71,
    0xFA, 0x91, 0x9D, 0xC3, 0x8D, 0xC4, 0x99, 0x8F, 0xE4, 0xEA, 0xFD, 0x08, 0xCF, 0x9D, 0xCB, 0x04,
    0xC5, 0x0F, 0x00, 0x16, 0x4C, 0x2C, 0x51, 0x78, 0x9C, 0x63, 0x60, 0x00, 0x02, 0x87, 0x93, 0xFF,
    0xDE, 0xCF, 0x61, 0x65, 0x80, 0x80, 0xC6, 0xFF, 0x20, 0xF0, 0x9E, 0x0D, 0xCC, 0x49, 0xF8, 0x0F,
    0x01, 0xF7, 0x99, 0x41, 0xBC, 0x5F, 0x50, 0xDE, 0xFF, 0x7A, 0x20, 0x67, 0xC3, 0x7F, 0x64, 0xDE,
    0x0F, 0x38, 0x8F, 0x83, 0x81, 0x21, 0x00, 0x44, 0xCF, 0x17, 0x16, 0xD8, 0xFA, 0x7F, 0x3D, 0x50,
    0xEA, 0x01, 0x48, 0x3F, 0x13, 0x90, 0xF1, 0x84, 0x1B, 0x48, 0x7C, 0x03, 0xF2, 0x64, 0x41, 0x86,
    0x09, 0x80, 0x88, 0x7F, 0x40, 0x1E, 0x13, 0xD4, 0x62, 0x06, 0x07, 0x90, 0x2E, 0x18, 0x87, 0x61,
    0x02, 0x90, 0xA7, 0x0F, 0xE7, 0x5D, 0x00, 0xF2, 0x78, 0xE1, 0xBC, 0x0F, 0x40, 0x1E, 0x27, 0x9C,
    0xF7, 0x09, 0xC8, 0x63, 0x83, 0xF3, 0x3E, 0x03, 0x79, 0xAC, 0x70, 0xDE, 0x17, 0x20, 0x8F, 0x05,
    0x0F, 0x0F, 0xA1, 0x12, 0xD5, 0x94, 0x8F, 0x28, 0x36, 0x80, 0xBC, 0xC0, 0x03, 0xE7, 0x2D, 0x40,
    0x71, 0x59, 0x02, 0x8A, 0xAB, 0x05, 0xFE, 0x23, 0xFB, 0x88, 0xE1, 0x27, 0xCC, 0xB7, 0x0A, 0x5C,
    0x50, 0x2B, 0x20, 0x21, 0xB1, 0x1F, 0x48, 0x34, 0x80, 0x43, 0x49, 0x44, 0x60, 0xCB, 0xFF, 0xFF,
    0x20, 0xC9, 0x3F, 0xF0, 0x10, 0x04, 0x99, 0xF6, 0x10, 0xCE, 0x03, 0x39, 0x58, 0xE0, 0x2F, 0x72,
    0x58, 0x83, 0x83, 0x06, 0x1C, 0x49, 0x10, 0xBF, 0x6C, 0x86, 0xF0, 0x24, 0xA0, 0x76, 0x26, 0xDE,
    0xFA, 0x0F, 0x89, 0x4D, 0x00, 0xED, 0xD2, 0xC4, 0x91, 0x78, 0x9C, 0xFB, 0xF1, 0x1F, 0x08, 0xEE,
    0xCD, 0x51, 0x65, 0x00, 0x81, 0x1F, 0xFF, 0x21, 0x20, 0x07, 0x99, 0xF3, 0xDF, 0x16, 0x99, 0xF3,
    0x9F, 0x0D, 0x99, 0x93, 0x8F, 0xCC, 0xF9, 0xCF, 0x0C, 0xE2, 0xBC, 0x67, 0x70, 0x7C, 0x01, 0xE2,
    0xF0, 0x42, 0x38, 0x0C, 0x0C, 0x3F, 0xC1, 0xEA, 0xA0, 0x9C, 0x06, 0x20, 0xE7, 0x3E, 0x8C, 0xC3,
    0xF0, 0x07, 0xA4, 0x09, 0xC6, 0xF9, 0x0A, 0xE4, 0x70, 0xC0, 0x38, 0x1F, 0x80, 0x1C, 0x6E, 0x18,
    0x67, 0x03, 0x90, 0xC3, 0x07, 0xE3, 0x80, 0x4C, 0xE0, 0x87, 0x71, 0x0A, 0x80, 0x1C, 0x7D, 0x18,
    0x27, 0x01, 0x99, 0x13, 0x00, 0xE4, 0xD8, 0x63, 0x95, 0x01, 0xE9, 0x91, 0x87, 0x71, 0x26, 0x20,
    0x9B, 0x76, 0x00, 0xD9, 0x1E, 0x14, 0x17, 0x7C, 0x03, 0x72, 0xD8, 0x61, 0x9C, 0xBF, 0x40, 0x0E,
    0x13, 0x94, 0xB3, 0x00, 0xC8, 0x3E, 0x0F, 0xF5, 0x8F, 0xC0, 0x2F, 0x20, 0x27, 0x1E, 0x1A, 0x06,
    0xE0, 0x60, 0xE1, 0x41, 0x0E, 0x1D, 0x26, 0x24, 0x4E, 0x3C, 0x72, 0xB8, 0xB1, 0xE2, 0x08, 0xEB,
    0x5C, 0x78, 0x2C, 0xBC, 0x5F, 0xAB, 0x0E, 0x8E, 0x1F, 0x00, 0xA0, 0x16, 0x15, 0x0A, 0x78, 0x9C,
    0xFB, 0xF6, 0x1F, 0x0E, 0x98, 0xBF, 0x51, 0xC8, 0x66, 0x80, 0x02, 0x6A, 0xB2, 0x21, 0x80, 0x72,
    0x36, 0x2D, 0xDC, 0x86, 0xE9, 0xCE, 0xFF, 0xDC, 0x94, 0xB0, 0x01, 0x27, 0xA4, 0xFA, 0x30, 0x78,
    0x9C, 0xFB, 0xF3, 0x1F, 0x06, 0xDE, 0xFF, 0x21, 0x9B, 0x39, 0x9F, 0x01, 0x02, 0xA8, 0xCD, 0x84,
    0x80, 0xF3, 0x14, 0x30, 0x69, 0xE5, 0x32, 0x72, 0x98, 0x00, 0x98, 0x5C, 0xC7, 0x6C, 0x78, 0x9C,
    0x8D, 0xD0, 0xBB, 0x0E, 0x01, 0x51, 0x10, 0x06, 0xE0, 0xFF, 0x6C, 0x08, 0x51, 0xC8, 0xF6, 0x0A,
    0x2F, 0x40, 0xE2, 0x11, 0xB4, 0xA2, 0xA1, 0xA4, 0xE1, 0x09, 0xF0, 0x06, 0x14, 0xFA, 0xAD, 0xD4,
    0xF6, 0x89, 0x44, 0xA2, 0x47, 0xA5, 0x92, 0x6C, 0xC4, 0x25, 0xEC, 0x92, 0x31, 0xB3, 0x67, 0xE7,
    0xA0, 0xF3, 0x17, 0x3B, 0xF3, 0x6D, 0x32, 0xE7, 0x06, 0x70, 0xE6, 0x47, 0xDA, 0xF6, 0x61, 0x73,
    0x20, 0xC9, 0x28, 0xED, 0x37, 0x64, 0x53, 0xE3, 0x7E, 0x48, 0x9A, 0x3C, 0x70, 0x73, 0xC8, 0xA1,
    0xE9, 0xFA, 0x01, 0xB0, 0x97, 0xDA, 0x36, 0xDD, 0x84, 0x0A, 0xC0, 0xDD, 0xFE, 0x43, 0x27, 0x00,
    0xFC, 0x6C, 0x12, 0x30, 0xC0, 0x84, 0xFB, 0x65, 0xB6, 0x1F, 0xD6, 0x8C, 0xAA, 0xE2, 0xC4, 0x28,
    0x29, 0xAE, 0x3A, 0x22, 0x91, 0xC5, 0x3C, 0x45, 0xCC, 0xD0, 0x1E, 0x09, 0x51, 0xC4, 0xC5, 0x1E,
    0xE1, 0x49, 0xB4, 0xFB, 0x03, 0x3F, 0x33, 0x0F, 0xFE, 0x18, 0xC5, 0x2D, 0xBD, 0x14, 0xE7, 0xC2,
    0x38, 0x33, 0x8A, 0x0A, 0xB9, 0x5B, 0x59, 0x11, 0x32, 0xC6, 0x8A, 0x06, 0x23, 0xF2, 0x32, 0xC8,
    0x79, 0xA8, 0xAE, 0x90, 0x15, 0xA8, 0x65, 0xBA, 0x2F, 0xC1, 0xCC, 0x3D, 0x95, 0xBC, 0x4B, 0xFC,
    0x8D, 0xD0, 0xA1, 0x82, 0xCF, 0xFB, 0x4E, 0x65, 0x07, 0xFF, 0x91, 0xF6, 0x81, 0xB1, 0xD7, 0x5D,
    0x1C, 0x69, 0xD5, 0xE3, 0xFA, 0x06, 0xED, 0xAB, 0xF5, 0x47, 0x78, 0x9C, 0xFB, 0xF3, 0xFF, 0x7F,
    0x3F, 0x03, 0x10, 0xFC, 0xF8, 0xFF, 0xFF, 0xFC, 0x9F, 0xC1, 0xC7, 0x86, 0x01, 0x4A, 0xD9, 0x83,
    0xC1, 0x2F, 0x04, 0xD9, 0x00, 0x4E, 0x80, 0x0B, 0xD0, 0x78, 0x9C, 0xFB, 0xF2, 0x1F, 0x0E, 0xFC,
    0xBF, 0x50, 0xC0, 0x66, 0x00, 0x82, 0xDF, 0xFF, 0xFF, 0xEF, 0x67, 0x80, 0x82, 0x91, 0xC4, 0xA6,
    0x24, 0xDC, 0x90, 0xD9, 0x00, 0x37, 0x1D, 0xD4, 0xC5, 0x78, 0x9C, 0x63, 0x70, 0xF8, 0x0F, 0x03,
    0xE7, 0x19, 0x28, 0x61, 0x43, 0xC1, 0x8F, 0x21, 0xCE, 0xFE, 0x89, 0xC4, 0xFE, 0xF5, 0xFF, 0xFF,
    0x7E, 0x06, 0x06, 0x47, 0x30, 0xFB, 0xEF, 0xFF, 0xFF, 0xF3, 0x19, 0x18, 0xFE, 0x30, 0x03, 0x99,
    0x0A, 0x40, 0xFF, 0xE6, 0x33, 0x6C, 0x00, 0x62, 0x06, 0x20, 0xF9, 0xFF, 0xBF, 0x3D, 0xC3, 0xEF,
    0xFF, 0xFF, 0x63, 0x18, 0x03, 0xFF, 0x00, 0xD9, 0xBC, 0x0B, 0xE0, 0x41, 0xF2, 0x9F, 0xAD, 0x01,
    0x39, 0x78, 0x7E, 0xC2, 0xD8, 0x72, 0x0C, 0x0C, 0x09, 0x50, 0xE6, 0x7D, 0x46, 0xA0, 0x11, 0x13,
    0xC1, 0xCC, 0xF7, 0xEC, 0x60, 0x6B, 0x12, 0x4F, 0xFD, 0x7B, 0x3F, 0x87, 0x15, 0xC8, 0x00, 0x00,
    0xD6, 0x85, 0xC6, 0x74, 0x78, 0x9C, 0x55, 0xD1, 0xED, 0x11, 0xC1, 0x40, 0x10, 0x06, 0xE0, 0x25,
    0x84, 0x11, 0x4A, 0xF0, 0x51, 0x42, 0x3A, 0xA0, 0x03, 0x25, 0xD0, 0x41, 0x4A, 0xA0, 0x13, 0xE9,
    0x80, 0x0E, 0xB4, 0x90, 0x0E, 0x32, 0x2A, 0xC8, 0x4C, 0x18, 0x23, 0x0C, 0xEB, 0xCD, 0xDA, 0xDD,
    0x71, 0xF7, 0xE3, 0x6E, 0x9E, 0x1F, 0xBB, 0x7B, 0xF7, 0x5E, 0xC3, 0x5C, 0x12, 0xD6, 0x89, 0x99,
    0x33, 0x6A, 0x54, 0x77, 0x68, 0x64, 0x5A, 0xB0, 0x9C, 0xAA, 0x02, 0x5A, 0xBA, 0x1E, 0x50, 0x6C,
    0x5A, 0x01, 0x47, 0x32, 0x5D, 0xA0, 0xA9, 0xEB, 0x05, 0x45, 0xA6, 0x2D, 0xB0, 0x23, 0x53, 0x0D,
    0x25, 0xAE, 0x37, 0x73, 0xD5, 0x31, 0xED, 0x7F, 0xC3, 0x54, 0x37, 0x68, 0x60, 0xAA, 0x3E, 0xDA,
    0x51, 0x24, 0x2B, 0x09, 0xB4, 0x0E, 0x54, 0x06, 0xE2, 0x7E, 0xA0, 0x89, 0x2B, 0xFB, 0xBB, 0x19,
    0x86, 0x3D, 0x31, 0xC7, 0x74, 0x96, 0x8B, 0x0E, 0x55, 0x33, 0xCA, 0xB1, 0xCF, 0x55, 0x91, 0x84,
    0x74, 0xF0, 0xD7, 0x12, 0x0A, 0xB9, 0xEB, 0xAA, 0x25, 0x4E, 0x53, 0x1E, 0x24, 0x98, 0x4A, 0x6B,
    0x4F, 0xBE, 0xCD, 0xA9, 0xE7, 0xBA, 0x42, 0x63, 0x57, 0xFB, 0x47, 0x1B, 0x57, 0x2A, 0xAF, 0x32,
    0x49, 0x61, 0xFC, 0x05, 0x54, 0xA6, 0x08, 0x8A, 0x78, 0x9C, 0xFB, 0xF5, 0xFF, 0xFF, 0x7E, 0x06,
    0x28, 0xF8, 0x35, 0xCA, 0x26, 0x97, 0x0D, 0x03, 0xCC, 0x94, 0xB0, 0x01, 0x00, 0x5F, 0xA6, 0x00,
    0x78, 0x9C, 0xB5, 0xD0, 0xBF, 0x0D, 0x82, 0x50, 0x10, 0x06, 0xF0, 0x53, 0x63, 0xA2, 0x20, 0xE0,
    0x06, 0x8E, 0xA0, 0x89, 0x8D, 0x9D, 0x8D, 0xBD, 0x2B, 0xB8, 0x80, 0xB1, 0x34, 0x56, 0x34, 0xF6,
    0x8E, 0x20, 0x1B, 0x48, 0x65, 0x63, 0x81, 0x23, 0xB8, 0x81, 0x6C, 0x00, 0xF8, 0x0F, 0x82, 0xCA,
    0xE7, 0x91, 0xF3, 0x70, 0x02, 0xAF, 0xB8, 0x97, 0x5F, 0xDE, 0x25, 0xEF, 0x7B, 0x97, 0x00, 0x30,
    0x89, 0xC8, 0xE7, 0xB3, 0x97, 0x70, 0x73, 0x18, 0xB1, 0x62, 0xCA, 0xB8, 0x29, 0x36, 0x8C, 0x4C,
    0x71, 0x66, 0xBC, 0x15, 0xA8, 0x51, 0x17, 0x15, 0x9A, 0x34, 0x53, 0x14, 0x30, 0xC8, 0x43, 0x24,
    0xC8, 0x61, 0x53, 0x88, 0x9D, 0x20, 0xC3, 0x98, 0xAE, 0x70, 0x05, 0x77, 0xB8, 0x94, 0x62, 0x2E,
    0xD8, 0x23, 0xA0, 0x27, 0x56, 0x82, 0x25, 0x40, 0xC0, 0x5A, 0x30, 0x02, 0x86, 0x80, 0x27, 0x68,
    0x17, 0x7C, 0x19, 0xF8, 0x02, 0x23, 0xC7, 0x01, 0x8B, 0xA3, 0xC0, 0x7C, 0xF0, 0xEB, 0xFD, 0x93,
    0xA0, 0x53, 0x46, 0xB2, 0x42, 0x81, 0xC5, 0x13, 0x68, 0xC5, 0x02, 0xBB, 0x4C, 0xD9, 0xF8, 0xC2,
    0xE1, 0xFC, 0x11, 0x29, 0xE8, 0x85, 0x2D, 0x25, 0x8A, 0x94, 0xD7, 0x50, 0xE1, 0xC2, 0x9F, 0xA8,
    0x30, 0x98, 0xD4, 0x7F, 0x28, 0xEB, 0xCF, 0xF8, 0x00, 0x23, 0xCC, 0x15, 0x17, 0x78, 0x9C, 0x4D,
    0xCF, 0x41, 0x0E, 0xC1, 0x50, 0x14, 0x85, 0xE1, 0x8B, 0x08, 0x21, 0xCA, 0x0E, 0xD8, 0x01, 0x3B,
    0x60, 0x6A, 0xD4, 0x25, 0x58, 0x02, 0x3B, 0xA8, 0xB1, 0x89, 0x2D, 0x18, 0x18, 0x18, 0x76, 0x07,
    0xB5, 0x03, 0x4B, 0xF0, 0x76, 0x50, 0x95, 0x52, 0xC9, 0x6B, 0x7A, 0xBC, 0xE6, 0xF5, 0x36, 0x67,
    0x70, 0x92, 0x6F, 0xF0, 0x4F, 0x8E, 0x05, 0xD0, 0x11, 0x91, 0x0F, 0x90, 0x58, 0xE7, 0x01, 0x39,
    0x20, 0x87, 0xE4, 0x84, 0x8C, 0x2E, 0x79, 0x48, 0x0E, 0xC8, 0xFB, 0xD6, 0x25, 0x9E, 0xAD, 0x0B,
    0xA0, 0xA7, 0xBE, 0x01, 0x23, 0xF5, 0x16, 0x98, 0xAB, 0xC7, 0x15, 0x22, 0xC9, 0xBD, 0x27, 0x3F,
    0xA4, 0xEA, 0x69, 0x06, 0xF4, 0xDF, 0x8D, 0x63, 0xD7, 0x65, 0xDE, 0xCB, 0x8D, 0xDB, 0xCB, 0x7B,
    0x2D, 0x15, 0xCE, 0xC6, 0x3B, 0x94, 0x02, 0xE9, 0xDD, 0x7B, 0x27, 0x2E, 0xBE, 0xAA, 0x2F, 0xC0,
    0x49, 0xBD, 0x02, 0x22, 0xB5, 0x94, 0x78, 0xB4, 0xFE, 0xD6, 0x2F, 0x1A, 0x1B, 0xF2, 0x91, 0xBC,
    0x20, 0x8B, 0x25, 0xE7, 0x64, 0x43, 0x3E, 0x90, 0x67, 0xB5, 0xFF, 0xD1, 0x2A, 0x20, 0x75, 0x78,
    0x9C, 0x63, 0x60, 0x60, 0x60, 0x30, 0x38, 0xF1, 0xEF, 0x7D, 0x0F, 0x33, 0x03, 0x04, 0x38, 0xFC,
    0xFD, 0x0F, 0x04, 0xF7, 0x59, 0x20, 0xBC, 0x9F, 0xFF, 0xC1, 0x60, 0x3E, 0x98, 0xB3, 0xE1, 0x3F,
    0x14, 0x70, 0x23, 0x49, 0x41, 0x24, 0x1D, 0xFE, 0xC3, 0x01, 0xD0, 0xA0, 0x0B, 0x20, 0x13, 0x44,
    0x03, 0x41, 0x26, 0xF1, 0x32, 0x30, 0x7C, 0x05, 0x52, 0x32, 0x0C, 0x0C, 0x07, 0x81, 0x54, 0x3C,
    0x03, 0xC3, 0x6F, 0x20, 0xC5, 0xC4, 0xC0, 0xA0, 0x00, 0xA4, 0xF6, 0x33, 0x08, 0x00, 0xC9, 0xF5,
    0x20, 0xC3, 0x7E, 0x01, 0x19, 0x8C, 0x01, 0x40, 0xC2, 0x1F, 0xC4, 0xFB, 0x02, 0x64, 0xB0, 0x36,
    0x00, 0x09, 0x7E, 0x10, 0xEF, 0x03, 0x90, 0xC1, 0x71, 0x00, 0x48, 0xF0, 0x80, 0x78, 0x60, 0xC6,
    0x03, 0x20, 0xC1, 0x05, 0xE2, 0x2D, 0x00, 0x32, 0xF8, 0xC0, 0x0A, 0x40, 0x3C, 0xB0, 0x16, 0x54,
    0xDE, 0x47, 0x20, 0xC1, 0x0E, 0xE2, 0x15, 0x00, 0x19, 0xF2, 0xA8, 0x3C, 0x1C, 0xFA, 0x26, 0x80,
    0x78, 0xA8, 0x36, 0xA0, 0xD8, 0xCE, 0x3D, 0x01, 0xD9, 0x65, 0x9C, 0xA8, 0xAE, 0x46, 0xF5, 0x11,
    0xAA, 0x6F, 0xC1, 0x21, 0x21, 0xCB, 0xC0, 0x70, 0x11, 0x12, 0x12, 0xA8, 0xA1, 0x84, 0x14, 0x82,
    0xA0, 0xB0, 0xFF, 0x01, 0xE3, 0xF4, 0xC3, 0x1C, 0x01, 0x06, 0x60, 0x27, 0xC1, 0x24, 0xFB, 0xA1,
    0x31, 0xF6, 0x07, 0xC4, 0x39, 0x0F, 0x8D, 0x31, 0xA4, 0xD8, 0x04, 0x00, 0xCB, 0x65, 0x06, 0x4A,
    0x78, 0x9C, 0xFB, 0xF2, 0x1F, 0x04, 0xDE, 0x9F, 0x8B, 0x64, 0x64, 0x60, 0x60, 0xF8, 0xF2, 0x1F,
    0x0A, 0xD6, 0x33, 0x21, 0x71, 0xFE, 0xD7, 0x23, 0x73, 0xFE, 0x73, 0x20, 0x73, 0xE2, 0x91, 0x39,
    0xEF, 0xC1, 0x1C, 0x46, 0x06, 0x81, 0x25, 0x20, 0x1E, 0x2B, 0x84, 0x03, 0xD1, 0xCB, 0x05, 0xE3,
    0x4C, 0x00, 0xD2, 0xBC, 0x30, 0x8E, 0x03, 0x90, 0xE6, 0x83, 0x71, 0x14, 0x80, 0x34, 0x3F, 0x8C,
    0x63, 0x80, 0xCC, 0x49, 0x40, 0x56, 0x76, 0x00, 0x48, 0xF3, 0xC0, 0x38, 0x3F, 0x80, 0x34, 0x3B,
    0x84, 0xA3, 0x70, 0x14, 0x64, 0x29, 0x13, 0x92, 0x73, 0xE6, 0x23, 0xBB, 0x8D, 0x0F, 0x89, 0xF3,
    0x9E, 0x09, 0x89, 0xA3, 0x83, 0xE4, 0xB9, 0x5C, 0x78, 0x18, 0xBC, 0xDF, 0x6B, 0xCE, 0x00, 0xE5,
    0x80, 0xEC, 0x61, 0x18, 0x1C, 0x1C, 0x00, 0x6D, 0xE4, 0xF3, 0xAB, 0x78, 0x9C, 0x75, 0x92, 0x3B,
    0x6E, 0x02, 0x31, 0x10, 0x86, 0x27, 0x24, 0x88, 0x67, 0x08, 0x12, 0x54, 0x69, 0xA0, 0xA6, 0x08,
    0xDB, 0x52, 0x05, 0x6E, 0xC0, 0x0D, 0x72, 0x05, 0xC4, 0x09, 0x38, 0x00, 0x08, 0xA4, 0x1C, 0x00,
    0xB8, 0x01, 0x52, 0x0E, 0x10, 0xCA, 0x74, 0xD0, 0x53, 0x2C, 0xE2, 0x02, 0x0B, 0x44, 0x91, 0x40,
    0xC0, 0x9A, 0x79, 0xD9, 0xDE, 0x26, 0x7F, 0xE1, 0x99, 0x6F, 0x6D, 0xFF, 0x63, 0x7B, 0x16, 0x00,
    0x20, 0xF8, 0x89, 0xA3, 0xE1, 0x23, 0xA8, 0xDA, 0x37, 0x83, 0x0A, 0x9F, 0x14, 0xCF, 0x86, 0x35,
    0x15, 0x5A, 0x18, 0x55, 0x21, 0x39, 0xA9, 0xD3, 0x6D, 0xE3, 0x44, 0xBB, 0xD7, 0x18, 0x57, 0xD5,
    0xCE, 0x15, 0xC3, 0x33, 0xE2, 0x9F, 0xEC, 0x22, 0x87, 0x0F, 0xC4, 0x0B, 0xC6, 0x07, 0x80, 0x32,
    0x86, 0x6F, 0x09, 0x63, 0xF2, 0x38, 0xF1, 0xE7, 0x2E, 0x8E, 0x4D, 0xC2, 0x23, 0x26, 0x69, 0x18,
    0xE0, 0x58, 0x22, 0xDC, 0x62, 0x92, 0x85, 0xA5, 0xAD, 0x4F, 0x5E, 0x45, 0xAE, 0x93, 0x23, 0x9C,
    0x70, 0x25, 0x59, 0x83, 0x92, 0x5D, 0x7B, 0x1C, 0x33, 0x84, 0x3D, 0x4C, 0x5E, 0xFE, 0xC5, 0x81,
    0xC3, 0xAC, 0x47, 0xB2, 0xCA, 0x13, 0xCE, 0xD8, 0x6A, 0xC9, 0xE5, 0x50, 0x92, 0x4C, 0x92, 0xA7,
    0xCA, 0xB1, 0xE1, 0x3B, 0xE1, 0x2F, 0x7B, 0x06, 0xF6, 0x46, 0xF4, 0x46, 0x29, 0x80, 0xD8, 0xDF,
    0x37, 0xD2, 0x7B, 0x16, 0xC4, 0x89, 0x56, 0x1D, 0xFC, 0x5B, 0xD5, 0xB4, 0xBC, 0x8A, 0x8F, 0x73,
    0xB5, 0x14, 0xF2, 0xB3, 0xEF, 0x2C, 0xBE, 0x31, 0xD6, 0x63, 0xA1, 0x28, 0x25, 0x4D, 0x9A, 0x0B,
    0xBE, 0xDA, 0x8E, 0x7E, 0xD2, 0x7C, 0x03, 0x9C, 0x8E, 0xAE, 0x7F, 0xAE, 0xA7, 0x53, 0x8F, 0x75,
    0xDA, 0x3B, 0xAA, 0x04, 0x19, 0xE5, 0x93, 0xB8, 0xD5, 0x12, 0xAB, 0xB5, 0x85, 0xAC, 0x4B, 0xF2,
    0xF7, 0xB0, 0x27, 0x0F, 0x9D, 0xDB, 0x17, 0xB3, 0x77, 0xEF, 0x6F, 0x4C, 0xD8, 0x82, 0x3B, 0x0C,
    0x30, 0x32, 0xB5, 0x78, 0x9C, 0x55, 0xD0, 0xB1, 0x0D, 0xC2, 0x40, 0x0C, 0x05, 0x50, 0x9F, 0x20,
    0x20, 0x10, 0x42, 0xF4, 0x34, 0x6C, 0x00, 0x23, 0xB0, 0x41, 0x6A, 0xAA, 0xB0, 0x01, 0x6C, 0x02,
    0x1B, 0xC0, 0x08, 0x34, 0x94, 0x88, 0x15, 0xB2, 0xC1, 0x85, 0x8A, 0x12, 0x51, 0x80, 0x22, 0x45,
    0x60, 0x7C, 0xCE, 0x9D, 0xB1, 0xDD, 0x3D, 0x9D, 0x4F, 0xF2, 0xFF, 0x35, 0x86, 0x79, 0x5C, 0x56,
    0x10, 0xA6, 0xC6, 0x38, 0x07, 0xA7, 0x85, 0xB9, 0x11, 0x66, 0x46, 0x73, 0xA3, 0x2B, 0xCB, 0x03,
    0xCC, 0xCE, 0x81, 0x2E, 0xAA, 0xDD, 0xC9, 0x44, 0x15, 0xA9, 0x2F, 0x3A, 0x92, 0x06, 0xA2, 0x3D,
    0x69, 0x28, 0x3A, 0x99, 0xB7, 0xA7, 0xF9, 0xD7, 0x90, 0x3A, 0x51, 0x8B, 0x7B, 0x08, 0x62, 0x6E,
    0xD9, 0x18, 0x8D, 0xB4, 0xBC, 0xD3, 0x9A, 0xEA, 0x7C, 0x85, 0x69, 0x22, 0x8F, 0xF2, 0x30, 0xC1,
    0x7F, 0x12, 0xDF, 0x6E, 0xF4, 0x44, 0x37, 0xD2, 0x58, 0xB4, 0x25, 0xED, 0x44, 0xF0, 0xE5, 0x22,
    0x92, 0xDE, 0x1C, 0x28, 0xA9, 0x92, 0x06, 0x83, 0xD6, 0xBA, 0x41, 0x80, 0x0F, 0xB1, 0x2B, 0x7A,
    0x71, 0x88, 0xA4, 0x92, 0x4F, 0x4D, 0x5A, 0x72, 0xF8, 0x1F, 0xC2, 0x3D, 0x20, 0xA3, 0x78, 0x9C,
    0x63, 0x60, 0x60, 0x60, 0x48, 0xBC, 0xF5, 0xEF, 0x7D, 0x0F, 0x0B, 0x03, 0x18, 0x4C, 0xFA, 0x0F,
    0x02, 0xEF, 0xC5, 0x41, 0xEC, 0x84, 0xFF, 0x50, 0xC0, 0x0E, 0xE4, 0xFC, 0x80, 0x71, 0xF6, 0x33,
    0x22, 0x24, 0xFE, 0xFF, 0x67, 0x66, 0xF8, 0x08, 0x67, 0xE7, 0x43, 0x54, 0xF9, 0x30, 0x2A, 0x6E,
    0xFB, 0xFF, 0x9F, 0x93, 0x81, 0xE1, 0x2F, 0x50, 0x31, 0xC8, 0x9C, 0x4D, 0x40, 0x52, 0x00, 0x28,
    0x11, 0x0F, 0xB6, 0x41, 0x94, 0x81, 0x41, 0x01, 0xC8, 0xF1, 0x67, 0x80, 0x02, 0x10, 0x67, 0x3D,
    0x8C, 0xC3, 0x00, 0x32, 0x47, 0x0A, 0xC6, 0xF9, 0x03, 0xE2, 0x59, 0x41, 0x39, 0xDF, 0xC0, 0x76,
    0xC4, 0x40, 0x38, 0x17, 0x20, 0x36, 0xF6, 0x31, 0x82, 0x4D, 0xF8, 0x07, 0xE1, 0xAD, 0x67, 0x02,
    0xF1, 0x1E, 0x41, 0x5D, 0x33, 0x1F, 0xC4, 0x11, 0xF8, 0x09, 0xE5, 0xC9, 0x80, 0x15, 0x42, 0x79,
    0xE7, 0xC1, 0x66, 0x08, 0x3C, 0x87, 0xF0, 0x38, 0x20, 0x46, 0x1E, 0x05, 0x73, 0xF8, 0xA0, 0xB6,
    0x6D, 0xFE, 0x8F, 0xEC, 0xC6, 0x2F, 0x40, 0x4E, 0x3D, 0x8C, 0x03, 0xF2, 0x7D, 0x3F, 0x03, 0x03,
    0x13, 0xDC, 0xC1, 0xF5, 0x0C, 0x02, 0xF7, 0x98, 0xC1, 0x26, 0x82, 0x3D, 0x79, 0xE1, 0xFF, 0x7C,
    0x90, 0x5C, 0x03, 0x90, 0x23, 0xCF, 0xF0, 0x1B, 0x18, 0x06, 0x66, 0x8C, 0x06, 0x20, 0x8B, 0x79,
    0x26, 0x20, 0x82, 0xED, 0x3F, 0xF3, 0x67, 0x04, 0x7B, 0x3E, 0x43, 0xC0, 0x3F, 0x38, 0x87, 0x8B,
    0x81, 0x61, 0x22, 0x8C, 0x0D, 0xB6, 0xB2, 0xE9, 0x1F, 0x92, 0xE7, 0x18, 0x0C, 0xB6, 0xFF, 0xFD,
    0x7F, 0x2E, 0x12, 0xE4, 0x6D, 0x00, 0xD5, 0x7D, 0xE5, 0x07, 0x78, 0x9C, 0xFB, 0xFE, 0x1F, 0x09,
    0xD4, 0x7F, 0xA7, 0x0A, 0x8F, 0x01, 0x04, 0x7E, 0xFF, 0xFF, 0xBF, 0x9F, 0x01, 0x0E, 0x46, 0x79,
    0x74, 0xE1, 0x01, 0x00, 0xB0, 0x50, 0xB4, 0xE5, 0x78, 0x9C, 0xFB, 0xF3, 0xFF, 0x7F, 0x3F, 0x03,
    0x10, 0x7C, 0xF9, 0xFF, 0xFF, 0xFC, 0x9F, 0x11, 0xC6, 0xFE, 0x8D, 0x60, 0xEF, 0xFF, 0xF5, 0xFF,
    0xFF, 0x7C, 0x10, 0xFB, 0xEB, 0xFF, 0xFF, 0xEB, 0x7F, 0x02, 0x31, 0x88, 0xFD, 0x0D, 0x28, 0x06,
    0xC4, 0xF7, 0x41, 0x6C, 0xA0, 0x58, 0xFD, 0xE7, 0xFF, 0xFF, 0xFF, 0x33, 0x03, 0xD9, 0xFF, 0xFE,
    0xFF, 0xB7, 0xFF, 0x00, 0x64, 0x73, 0x33, 0x30, 0x34, 0x00, 0x29, 0xFE, 0x09, 0x40, 0xE2, 0x3C,
    0x8B, 0x01, 0xD0, 0x88, 0xFF, 0x9C, 0x0A, 0xFF, 0xE1, 0x80, 0x19, 0xA4, 0x09, 0x02, 0x80, 0x46,
    0x1F, 0x80, 0xB1, 0x79, 0x81, 0x26, 0xFC, 0x81, 0x30, 0xCF, 0x33, 0x02, 0xD9, 0x09, 0xFF, 0xC0,
    0x6C, 0x76, 0x90, 0x2D, 0x0C, 0x0E, 0x27, 0xFF, 0xBD, 0x9F, 0x2B, 0x0A, 0x64, 0x00, 0x00, 0xC9,
    0xD8, 0xFB, 0x85, 0x78, 0x9C, 0x3D, 0x91, 0xD1, 0x51, 0x02, 0x51, 0x0C, 0x45, 0x23, 0x4F, 0x5D,
    0xD4, 0x65, 0xE1, 0xCF, 0x4F, 0xE8, 0x40, 0x3B, 0xD8, 0x16, 0xFC, 0xF6, 0xC7, 0xED, 0x00, 0x3A,
    0x58, 0x3B, 0xD0, 0x0E, 0xA0, 0x02, 0xB5, 0x03, 0xE8, 0x00, 0x3A, 0xD0, 0x0E, 0x74, 0x75, 0xD6,
    0x01, 0x1D, 0x0D, 0x37, 0x37, 0x1B, 0xDE, 0x0C, 0x49, 0x0E, 0x93, 0x7D, 0x37, 0xB9, 0xAF, 0x51,
    0xD5, 0x73, 0xB1, 0x53, 0xA1, 0x1A, 0xAF, 0x10, 0x0A, 0xE2, 0x02, 0x55, 0x7E, 0x8F, 0x70, 0x45,
    0x7C, 0x43, 0xD5, 0xBF, 0x46, 0x98, 0x12, 0x1B, 0x54, 0x49, 0xFE, 0x55, 0x9F, 0x89, 0xDF, 0xAA,
    0xEF, 0x22, 0x3B, 0x46, 0x9C, 0x1F, 0xD5, 0xB9, 0x48, 0xCB, 0x1E, 0x1C, 0xB4, 0xDD, 0x89, 0x7C,
    0x00, 0x33, 0xD0, 0x08, 0x79, 0x28, 0xF2, 0x82, 0x74, 0x01, 0xBC, 0xF1, 0x5C, 0xF9, 0xBF, 0xF2,
    0x88, 0x7C, 0xEA, 0x4D, 0x25, 0x70, 0x83, 0xDC, 0x43, 0xFE, 0x53, 0xAD, 0x5D, 0xF6, 0xD5, 0x6E,
    0xDC, 0xAA, 0x2E, 0x85, 0x0A, 0x0F, 0x86, 0x5F, 0xE8, 0x12, 0xEA, 0x97, 0x31, 0x6B, 0xE2, 0x37,
    0x45, 0x6C, 0x92, 0xF1, 0x46, 0x2E, 0xEA, 0x82, 0x16, 0x4F, 0x38, 0x2C, 0x85, 0x4D, 0xF6, 0x88,
    0xF8, 0x6B, 0x97, 0x40, 0x76, 0x2D, 0xB1, 0x59, 0x6D, 0xB2, 0xB5, 0xE3, 0xA7, 0x09, 0xB7, 0x61,
    0x0A, 0xC7, 0x33, 0xD9, 0x81, 0xA3, 0xD9, 0x95, 0x20, 0x7B, 0xE6, 0x68, 0x76, 0x5D, 0xE2, 0x77,
    0xEC, 0x68, 0x3E, 0xDC, 0xFA, 0xA4, 0xE1, 0xD2, 0x53, 0x18, 0xE8, 0xCB, 0x1C, 0xEC, 0xED, 0x1C,
    0xC6, 0x83, 0x04, 0xAE, 0x88, 0x79, 0xE0, 0x8C, 0x98, 0x05, 0x4E, 0x88, 0x29, 0xD0, 0x56, 0xEF,
    0x9E, 0x42, 0x3A, 0xBB, 0xEC, 0x41, 0x70, 0xF6, 0x60, 0xF6, 0xDC, 0x2E, 0x78, 0x9C, 0x45, 0x91,
    0x4B, 0x32, 0x43, 0x51, 0x14, 0x45, 0xB7, 0xF8, 0x45, 0x24, 0x8F, 0x19, 0xC8, 0x0C, 0x68, 0x68,
    0x63, 0x06, 0xAA, 0x54, 0xA9, 0xD2, 0xA3, 0xA7, 0xA1, 0x4A, 0xCC, 0x80, 0x2E, 0x9D, 0x98, 0x41,
    0xD2, 0xA6, 0xC1, 0x0C, 0x62, 0x02, 0x2A, 0x66, 0xC0, 0x0C, 0xE2, 0x93, 0x20, 0x3F, 0xCB, 0x3E,
    0xF7, 0xBD, 0xE2, 0x36, 0x6E, 0x9D, 0x55, 0x75, 0xCF, 0xD9, 0x67, 0xEF, 0x3B, 0x86, 0x67, 0xE5,
    0x67, 0x00, 0x9D, 0x21, 0xF4, 0x0A, 0xFC, 0x84, 0xD6, 0x17, 0x50, 0xA0, 0xCB, 0xF3, 0xC1, 0x3F,
    0x7E, 0xC3, 0xE1, 0x87, 0x71, 0x26, 0x47, 0xF7, 0x6D, 0xBF, 0x19, 0x4B, 0x39, 0x8E, 0x60, 0xFD,
    0xD5, 0x38, 0xFB, 0x87, 0x2B, 0x4F, 0xC6, 0xB9, 0x1C, 0xC7, 0x90, 0xB5, 0x8D, 0xF3, 0x6A, 0xDF,
    0x5C, 0x49, 0x13, 0xA8, 0x5E, 0x18, 0x17, 0xD4, 0x8F, 0xF1, 0x53, 0xA8, 0x1C, 0x19, 0x17, 0x43,
    0xA3, 0xA4, 0x1F, 0x28, 0xEF, 0x24, 0x9C, 0xC4, 0x93, 0x78, 0x57, 0xF7, 0x55, 0x8E, 0x6A, 0x49,
    0x69, 0x68, 0x54, 0x1B, 0xBE, 0x6A, 0xA2, 0xE8, 0xA8, 0x9C, 0xB9, 0x5A, 0x5B, 0x4D, 0xEB, 0xBA,
    0x6D, 0xF9, 0xDE, 0xD5, 0x6E, 0x3D, 0x79, 0xF3, 0x2E, 0xD5, 0x58, 0xAD, 0xE9, 0x8E, 0x6E, 0xB2,
    0x55, 0x7B, 0xE7, 0x91, 0x8E, 0xF1, 0x2E, 0x65, 0x50, 0xFB, 0xE4, 0x96, 0x9E, 0x25, 0x9B, 0x92,
    0x1D, 0x66, 0x43, 0x2E, 0x61, 0x0F, 0x1A, 0x92, 0x1D, 0x66, 0x13, 0x8E, 0x61, 0xDF, 0xE3, 0x24,
    0x8F, 0xC9, 0x60, 0x13, 0x0E, 0xEC, 0x5E, 0xB2, 0xC3, 0x2D, 0xEB, 0xC3, 0x89, 0xB5, 0x25, 0x6B,
    0x36, 0xAC, 0x3F, 0xE5, 0xD4, 0xEE, 0xA5, 0x6B, 0xC7, 0x69, 0xC1, 0x11, 0xCD, 0x58, 0x54, 0x5E,
    0xB0, 0x4B, 0xCB, 0xF2, 0x5D, 0xAF, 0x27, 0x85, 0x43, 0x2B, 0xF4, 0x49, 0xAE, 0x14, 0x0E, 0x3D,
    0x32, 0x12, 0xB5, 0x71, 0x85, 0x2F, 0xCF, 0x78, 0x21, 0x85, 0xA6, 0x70, 0xE8, 0x19, 0x0F, 0x14,
    0x09, 0xDB, 0x21, 0x95, 0x10, 0xC8, 0xBF, 0x63, 0x94, 0x9A, 0x22, 0x42, 0x8A, 0x9F, 0x72, 0x46,
    0x91, 0x8F, 0x3F, 0xFA, 0x17, 0x7E, 0x0F, 0x25, 0xA4, 0x78, 0x9C, 0x45, 0x90, 0xEF, 0x6D, 0x02,
    0x31, 0x0C, 0xC5, 0x5F, 0x45, 0x45, 0xAB, 0xD3, 0xE9, 0xC4, 0x02, 0x94, 0x6E, 0xD0, 0x11, 0xB8,
    0x11, 0xD8, 0x00, 0x36, 0x80, 0x0D, 0xB8, 0x0D, 0x7A, 0x23, 0xB0, 0x01, 0xDD, 0xA0, 0xB7, 0x01,
    0xDD, 0x80, 0xFB, 0xD0, 0xEF, 0x15, 0x57, 0x21, 0xFE, 0x15, 0xDC, 0x67, 0xC7, 0x09, 0x91, 0x92,
    0xE7, 0x5F, 0x14, 0xE7, 0xD9, 0x2E, 0x45, 0xE4, 0x07, 0xBA, 0x4E, 0x8C, 0x1E, 0x71, 0xE1, 0xF9,
    0x44, 0x1A, 0x50, 0x3F, 0x81, 0x8E, 0x52, 0x10, 0x2B, 0xEA, 0x18, 0xA8, 0x29, 0x4B, 0x62, 0x4B,
    0xCD, 0xC2, 0x23, 0x4D, 0x3E, 0x50, 0x1F, 0x5C, 0x99, 0x7C, 0x13, 0x79, 0x87, 0xBF, 0x2A, 0x30,
    0xE1, 0xF9, 0xA2, 0x38, 0xB1, 0xE4, 0xC6, 0x0D, 0x80, 0x3F, 0x4D, 0xFE, 0x8D, 0xF6, 0x1A, 0x49,
    0xFF, 0x2C, 0x32, 0x0D, 0xF8, 0x41, 0x1C, 0x72, 0xE7, 0x01, 0x5F, 0x19, 0x6E, 0xAC, 0x42, 0xA4,
    0x6A, 0xAD, 0xC2, 0xB0, 0x76, 0x86, 0x6F, 0x11, 0x17, 0x86, 0x59, 0x44, 0x5C, 0xC5, 0x2B, 0xBC,
    0x63, 0x4A, 0xC5, 0xCC, 0x1E, 0xF7, 0x22, 0xB6, 0x86, 0x79, 0xC4, 0xA3, 0xA1, 0x17, 0x65, 0x1D,
    0xA7, 0x89, 0x01, 0x2B, 0xC6, 0xDF, 0xDC, 0xCF, 0xA9, 0x85, 0xAD, 0x5A, 0x8F, 0x10, 0x1B, 0x9C,
    0x6B, 0xC2, 0x1A, 0xB1, 0xFD, 0xC2, 0xBE, 0x33, 0xAB, 0x2F, 0x4B, 0xDB, 0x45, 0xAB, 0x30, 0xC2,
    0xCA, 0xAD, 0x06, 0x61, 0x84, 0x2A, 0x6A, 0x55, 0xFB, 0x9F, 0x87, 0x60, 0xD5, 0xB9, 0x63, 0x1B,
    0xAE, 0x2F, 0xDE, 0xDB, 0xCC, 0xAC, 0x4A, 0xF1, 0xE9, 0x5B, 0x97, 0xBD, 0x26, 0x95, 0xB3, 0x57,
    0xAB, 0x7F, 0x9A, 0xD3, 0xEB, 0x2A, 0x78, 0x9C, 0xCD, 0x90, 0xED, 0x0D, 0x01, 0x61, 0x10, 0x84,
    0x07, 0x11, 0xCE, 0x77, 0x34, 0x70, 0x3A, 0xA0, 0x03, 0x25, 0xB8, 0x0E, 0xE8, 0x80, 0x9F, 0xBA,
    0xA0, 0x03, 0x3A, 0x70, 0x1D, 0xB8, 0x0E, 0xE8, 0x80, 0x0A, 0x24, 0xBE, 0x12, 0x04, 0x6B, 0x76,
    0xDF, 0x7B, 0xEF, 0x5A, 0x30, 0xC9, 0xED, 0xCC, 0x73, 0xC9, 0xED, 0x4E, 0xEE, 0x28, 0x22, 0x2D,
    0xA8, 0x62, 0x4D, 0x33, 0x8E, 0xB1, 0xE1, 0x85, 0xA9, 0x02, 0x8E, 0xAD, 0xE1, 0x83, 0xC9, 0xCD,
    0xA2, 0xE2, 0x57, 0x64, 0x01, 0x9C, 0x89, 0x01, 0x29, 0xA2, 0x87, 0xC0, 0x92, 0xD6, 0x26, 0x26,
    0xF4, 0x2A, 0xD0, 0xA1, 0x4D, 0x89, 0x57, 0x7A, 0x81, 0xFE, 0x14, 0x39, 0x38, 0x5B, 0xF9, 0x03,
    0x25, 0xE8, 0x85, 0xBE, 0xE2, 0xDA, 0x76, 0x4D, 0x38, 0x6B, 0x8A, 0x3D, 0xDB, 0xB5, 0xF7, 0xF7,
    0xF0, 0xD2, 0x5E, 0xDC, 0xB4, 0x31, 0xD2, 0xB4, 0xD3, 0x77, 0x43, 0x64, 0xDD, 0xBB, 0x7C, 0xEA,
    0x0E, 0x07, 0x8C, 0x73, 0xB7, 0xDE, 0xF4, 0x16, 0x39, 0xE9, 0x07, 0xA9, 0x6E, 0xA2, 0x1A, 0x79,
    0x4C, 0x0C, 0x1B, 0x1E, 0x23, 0xC3, 0xB2, 0x47, 0x7C, 0xC4, 0xF5, 0x4E, 0x75, 0xCF, 0xFE, 0x90,
    0x49, 0x1B, 0x36, 0x73, 0x8C, 0xF3, 0x12, 0x7F, 0x89, 0x3F, 0xB9, 0x79, 0xBA, 0xAF, 0x78, 0x9C,
    0x63, 0xF8, 0xF3, 0x1F, 0x0E, 0xF4, 0x19, 0x48, 0xE7, 0xC8, 0x21, 0x73, 0x58, 0x19, 0x20, 0xC0,
    0x01, 0xC8, 0x5E, 0x0F, 0x65, 0x33, 0x3C, 0x04, 0xAB, 0x82, 0x82, 0x5F, 0x54, 0x56, 0xC5, 0x02,
    0x65, 0x07, 0x10, 0xAD, 0x6A, 0x3E, 0xB2, 0x2A, 0x3E, 0x2A, 0xAA, 0xE2, 0x85, 0x71, 0x7E, 0x03,
    0x39, 0xCC, 0x48, 0xAA, 0x60, 0x20, 0xFE, 0x21, 0x32, 0xE7, 0x33, 0x19, 0x1C, 0x00, 0xB0, 0x53,
    0xDE, 0x97, 0x78, 0x9C, 0xFB, 0xFF, 0x1F, 0x0C, 0x78, 0xFE, 0xE3, 0xA4, 0xE7, 0x33, 0x80, 0xC0,
    0x28, 0x8D, 0x4E, 0xE3, 0x0F, 0x37, 0x00, 0x8C, 0x35, 0x93, 0xA0, 0x78, 0x9C, 0x8D, 0xD2, 0xC9,
    0x11, 0x01, 0x51, 0x18, 0x45, 0x61, 0xF3, 0x3C, 0x84, 0x40, 0x06, 0x42, 0x20, 0x03, 0x32, 0x20,
    0x03, 0x42, 0x90, 0x81, 0x10, 0xC8, 0x80, 0x0C, 0xC8, 0x80, 0x0C, 0xC8, 0x80, 0x36, 0x95, 0xF9,
    0xE8, 0x85, 0xDB, 0x75, 0x37, 0x5D, 0xE5, 0xAD, 0xCE, 0xE6, 0xFE, 0x55, 0x5F, 0xD5, 0x0B, 0xA0,
    0x91, 0xF8, 0xBD, 0x05, 0x0C, 0xD5, 0x3D, 0x58, 0xAB, 0x13, 0x40, 0x4A, 0x7D, 0x87, 0x82, 0xFA,
    0x04, 0x35, 0xF5, 0x06, 0xBA, 0xEA, 0x11, 0xCC, 0xD5, 0xCD, 0x70, 0x1C, 0x1D, 0x7A, 0x42, 0x4E,
    0x7D, 0x81, 0x8A, 0xFA, 0x00, 0x2D, 0xF5, 0x0C, 0x26, 0xEA, 0x0E, 0xEC, 0xA3, 0xF1, 0x1B, 0x32,
    0xEA, 0x1B, 0x94, 0xD4, 0x47, 0xA8, 0xAB, 0x57, 0x46, 0x18, 0xC4, 0x11, 0x1E, 0x46, 0x38, 0x1B,
    0x61, 0x67, 0x84, 0x71, 0x1C, 0xE1, 0x65, 0x84, 0xEB, 0x7F, 0x84, 0x6D, 0x34, 0xFE, 0x40, 0xDA,
    0x08, 0xC5, 0x18, 0x42, 0xDF, 0x08, 0x4B, 0x27, 0x24, 0x8D, 0x90, 0x37, 0x42, 0xD5, 0x08, 0x6D,
    0x23, 0x4C, 0xE3, 0x08, 0x59, 0x23, 0x94, 0xD5, 0x41, 0xF8, 0x17, 0xBE, 0xA8, 0xE7, 0x86, 0xDD,
    0x78, 0x9C, 0xFB, 0xF3, 0x1F, 0x0C, 0xF8, 0xFF, 0xE0, 0xA0, 0x19, 0x80, 0x60, 0xC2, 0x28, 0x8D,
    0x41, 0xE3, 0x0A, 0x2F, 0x18, 0x0D, 0x00, 0xFD, 0x2C, 0x93, 0xA0, 0x78, 0x9C, 0x25, 0xCF, 0xC9,
    0x0D, 0xC2, 0x40, 0x0C, 0x85, 0xE1, 0x07, 0x62, 0x13, 0x7B, 0x09, 0xE9, 0x20, 0x25, 0x50, 0x02,
    0x5C, 0x72, 0x86, 0x12, 0x28, 0x81, 0x0E, 0x28, 0x01, 0xCE, 0x5C, 0xA0, 0x03, 0x28, 0x21, 0x25,
    0xD0, 0x01, 0x51, 0x00, 0x89, 0x45, 0xE2, 0xC7, 0x1E, 0xFB, 0xE0, 0xF9, 0x2C, 0x4B, 0x63, 0x5B,
    0x52, 0x06, 0x34, 0x95, 0x62, 0x63, 0xEC, 0x05, 0xAF, 0xC6, 0x71, 0xF0, 0x61, 0x9C, 0x07, 0xBF,
    0xC6, 0x73, 0xD2, 0x14, 0x8F, 0x86, 0x73, 0x9D, 0xD8, 0x75, 0x96, 0x70, 0x80, 0x91, 0xF3, 0x0E,
    0x05, 0xCC, 0x9C, 0x1F, 0x10, 0x1C, 0x9D, 0xFE, 0x78, 0x29, 0xAD, 0x60, 0xA9, 0x27, 0x74, 0xA4,
    0x0B, 0x4C, 0x54, 0xC1, 0x50, 0xAA, 0xA1, 0xAF, 0x3D, 0xE4, 0xD2, 0x1B, 0x5A, 0x5A, 0xC0, 0x4E,
    0xFA, 0x71, 0x53, 0xE4, 0xA8, 0xBD, 0xD7, 0x3E, 0xC5, 0xEF, 0x36, 0x67, 0x50, 0xC7, 0x4C, 0xDB,
    0x39, 0x7F, 0xC5, 0x05, 0x76, 0xC9, 0xF6, 0x0F, 0xCA, 0x06, 0x69, 0x40, 0x78, 0x9C, 0xFB, 0xFF,
    0x9F, 0x3A, 0x00, 0x00, 0x3A, 0x9A, 0x47, 0xB9, 0x78, 0x9C, 0x63, 0x60, 0x98, 0xC2, 0x00, 0x02,
    0x0E, 0xFF, 0xD9, 0x41, 0xD4, 0x97, 0xFF, 0xFE, 0x60, 0xCE, 0xFF, 0xFF, 0x4C, 0x20, 0xCE, 0xFF,
    0xFF, 0xB2, 0x10, 0x6A, 0x3F, 0x03, 0x83, 0xC2, 0x3F, 0x20, 0xCD, 0xC9, 0xC0, 0x70, 0x11, 0x48,
    0xE5, 0x03, 0x15, 0xFD, 0x06, 0xD2, 0x2C, 0x0C, 0x0C, 0x0B, 0x80, 0x14, 0x17, 0x90, 0xFB, 0x03,
    0xA4, 0x86, 0x81, 0x21, 0xE1, 0x3F, 0x37, 0xD8, 0xBC, 0x2D, 0x0C, 0x0C, 0x00, 0x96, 0x8A, 0x24,
    0xF2, 0x78, 0x9C, 0x63, 0x60, 0x60, 0x70, 0xD8, 0xF1, 0xF6, 0xFD, 0x5E, 0x75, 0x06, 0x10, 0x58,
    0xF2, 0x1F, 0x0C, 0xAC, 0x81, 0xCC, 0xAB, 0xFF, 0xA1, 0x80, 0x9D, 0xE1, 0x00, 0x8C, 0xF9, 0x3F,
    0x9F, 0xA1, 0x00, 0xCE, 0xFE, 0xCF, 0xCC, 0xF0, 0x0F, 0xCE, 0xE6, 0x62, 0xF8, 0xF6, 0x7F, 0xBD,
    0x2A, 0x83, 0xE3, 0x4F, 0x20, 0x5B, 0x9E, 0xE1, 0x42, 0x2E, 0xC8, 0x30, 0x07, 0x20, 0x3B, 0x9E,
    0x41, 0x00, 0x6C, 0x30, 0xC3, 0xEF, 0xFF, 0xFF, 0xFB, 0x41, 0xB4, 0x42, 0xEB, 0xA9, 0xB7, 0x40,
    0xF1, 0xF5, 0x40, 0xE6, 0x36, 0xA8, 0xF6, 0xFD, 0x0C, 0x02, 0x3F, 0x61, 0xE6, 0xEC, 0x67, 0x78,
    0x02, 0x37, 0xF3, 0x7C, 0x00, 0x88, 0x5C, 0xE7, 0x2E, 0x04, 0x94, 0x3D, 0xFF, 0x10, 0xC8, 0xF4,
    0x05, 0x6A, 0x02, 0xB1, 0xBF, 0x01, 0x31, 0x03, 0x94, 0x0D, 0x34, 0xD7, 0x1F, 0xC6, 0xFE, 0xFB,
    0xFF, 0xBF, 0x3E, 0x88, 0xFD, 0x07, 0xC8, 0xFE, 0x07, 0xB2, 0x9B, 0x81, 0xE1, 0xF2, 0x7F, 0x88,
    0xF8, 0x7F, 0x31, 0x81, 0xAD, 0x60, 0x33, 0x7F, 0x21, 0xDC, 0x7F, 0xFE, 0x0B, 0x12, 0x7B, 0x03,
    0x94, 0xF1, 0x0E, 0xC8, 0x16, 0xF8, 0x0B, 0x66, 0xCE, 0x9F, 0x00, 0xB2, 0x67, 0x23, 0xD8, 0x59,
    0xCC, 0x01, 0x60, 0x3B, 0xA7, 0xFC, 0xBD, 0x5F, 0xCD, 0x04, 0xF6, 0x0F, 0x00, 0x14, 0x41, 0xD4,
    0xEA, 0x78, 0x9C, 0xFB, 0xF6, 0xFF, 0xFF, 0x7F, 0x06, 0x18, 0xF8, 0x46, 0x3F, 0xCE, 0x7B, 0x64,
    0xCE, 0x7D, 0x86, 0x84, 0xD7, 0xEF, 0x7B, 0x98, 0x21, 0x9C, 0xF3, 0x09, 0xFF, 0x80, 0x6A, 0xD7,
    0x33, 0x42, 0x38, 0xBF, 0xFE, 0x83, 0x80, 0x1E, 0xC4, 0x00, 0x08, 0x78, 0xCF, 0x88, 0xC4, 0xF9,
    0xCF, 0x85, 0xCC, 0xB1, 0x87, 0x70, 0x34, 0x05, 0xBE, 0x03, 0xC9, 0xF9, 0x60, 0x8E, 0x3F, 0x03,
    0x83, 0x01, 0x48, 0x0C, 0xCC, 0x61, 0x01, 0x5A, 0x01, 0x32, 0x91, 0x19, 0xE6, 0x9C, 0x2F, 0x40,
    0x9A, 0x0D, 0xC6, 0xF9, 0x08, 0xA4, 0x39, 0x60, 0x9C, 0x0F, 0x40, 0x9A, 0x13, 0xC6, 0x79, 0x00,
    0xB2, 0x08, 0xAB, 0xCC, 0x07, 0x64, 0x3D, 0x9F, 0x90, 0x4D, 0xFB, 0x86, 0x6C, 0xCF, 0x5F, 0x90,
    0x8F, 0x41, 0x1C, 0xA0, 0xB7, 0x1A, 0x40, 0xDE, 0x03, 0x73, 0xFA, 0x98, 0x0D, 0x40, 0xAE, 0xD1,
    0x47, 0xF6, 0x02, 0x37, 0x86, 0x4F, 0xDF, 0x43, 0x38, 0xFE, 0x60, 0x23, 0xA5, 0xFF, 0x82, 0x39,
    0x2C, 0x60, 0x0E, 0xFB, 0x04, 0x10, 0x5B, 0x07, 0x16, 0x92, 0x4D, 0x7F, 0xEF, 0x7B, 0x82, 0x68,
    0x00, 0x5C, 0x93, 0x07, 0x5D, 0x78, 0x9C, 0x63, 0x60, 0x60, 0x60, 0x50, 0x58, 0xF6, 0xF6, 0xFD,
    0x5E, 0x75, 0x06, 0x30, 0x08, 0xF8, 0xF3, 0x1F, 0x04, 0x7C, 0x40, 0x6C, 0x85, 0xBF, 0xFF, 0x21,
    0x40, 0x1A, 0xC8, 0xF9, 0x06, 0x65, 0xFF, 0x3F, 0xCF, 0xC0, 0x90, 0x00, 0x63, 0xFF, 0xB7, 0x67,
    0x60, 0xF8, 0x02, 0xE7, 0xB0, 0x31, 0x30, 0x80, 0x74, 0x9C, 0x57, 0x63, 0x48, 0xFA, 0xB3, 0x9E,
    0x81, 0xA1, 0x00, 0x2A, 0xC6, 0xE0, 0xC0, 0xCD, 0xC0, 0xF0, 0x00, 0xC8, 0xCE, 0x67, 0x80, 0x82,
    0xCF, 0x40, 0x0E, 0x37, 0x8C, 0x03, 0x32, 0x98, 0x05, 0xC6, 0xF9, 0x09, 0xE4, 0xC0, 0xD8, 0x0C,
    0xBF, 0x70, 0x72, 0x50, 0x94, 0x7D, 0x47, 0x36, 0x00, 0xE4, 0x1A, 0x2E, 0x18, 0xE7, 0x03, 0x90,
    0x13, 0x0F, 0x66, 0x29, 0x30, 0x30, 0x4C, 0x00, 0x39, 0x87, 0x15, 0xC8, 0x36, 0x78, 0xC3, 0xC0,
    0x20, 0x00, 0xE2, 0xEC, 0x17, 0x05, 0x3A, 0xF4, 0x3F, 0x27, 0xC4, 0x04, 0xB8, 0x7F, 0x16, 0xC0,
    0x39, 0xF7, 0x81, 0x8A, 0x7F, 0xC3, 0x38, 0xEF, 0x19, 0xA1, 0x3E, 0x02, 0x01, 0x29, 0x90, 0x99,
    0x93, 0x20, 0x6C, 0x6B, 0x88, 0x5D, 0x81, 0x27, 0xFF, 0xBD, 0x9F, 0x23, 0x0A, 0x64, 0x00, 0x00,
    0xE7, 0x64, 0xA2, 0x39, 0x78, 0x9C, 0x63, 0x60, 0x80, 0x80, 0x0F, 0xFF, 0xFF, 0xFF, 0x67, 0x63,
    0xA0, 0x33, 0xE7, 0x01, 0x94, 0xE3, 0x70, 0xF3, 0xFF, 0x5A, 0x96, 0x03, 0x10, 0x8E, 0xC1, 0x1F,
    0x20, 0xBD, 0x7F, 0x23, 0x84, 0xF3, 0xF5, 0x3F, 0x08, 0x9C, 0x05, 0x73, 0x02, 0xFE, 0xC3, 0x01,
    0x1B, 0xC3, 0x27, 0x64, 0xCE, 0x1F, 0x24, 0x8E, 0x03, 0x88, 0xF4, 0x16, 0x78, 0x06, 0xE6, 0x6C,
    0x00, 0x12, 0xF3, 0x19, 0x18, 0x04, 0xFE, 0x82, 0x38, 0x20, 0x9B, 0x79, 0x81, 0x96, 0x81, 0xB4,
    0xB2, 0x7D, 0x81, 0xDA, 0x0C, 0x76, 0xCE, 0x77, 0x20, 0xC1, 0x04, 0xE3, 0xFC, 0x00, 0x12, 0x70,
    0x87, 0xFE, 0xFC, 0xFF, 0xFF, 0x3D, 0x9C, 0xF3, 0x0B, 0x99, 0x83, 0xA2, 0x0C, 0x64, 0x00, 0x23,
    0x8C, 0x03, 0x72, 0x33, 0x2B, 0x8C, 0xF3, 0x11, 0x48, 0x70, 0x03, 0x39, 0xDF, 0x40, 0x9C, 0x0B,
    0x40, 0x22, 0x1E, 0xE8, 0x43, 0xB0, 0xDB, 0x0A, 0x40, 0xA4, 0x86, 0xC0, 0x77, 0x30, 0x47, 0x00,
    0xE1, 0x03, 0xA0, 0xB3, 0xBE, 0x23, 0x73, 0x36, 0x20, 0x73, 0x18, 0x7E, 0x83, 0x19, 0x3A, 0x10,
    0x0E, 0xD8, 0x88, 0x7E, 0x90, 0x18, 0xC8, 0x2B, 0x89, 0xB7, 0xDF, 0xD7, 0x30, 0x82, 0x83, 0x15,
    0x00, 0x36, 0x52, 0x07, 0xE8, 0x78, 0x9C, 0x63, 0x60, 0x60, 0x60, 0x70, 0x38, 0xF9, 0xEF, 0x5E,
    0x35, 0x13, 0x03, 0x18, 0x14, 0xFC, 0xFB, 0x0F, 0x04, 0xFB, 0xC1, 0x3C, 0x03, 0x30, 0xFB, 0xFF,
    0xFF, 0x7C, 0x10, 0xE7, 0xEB, 0x7F, 0x28, 0x60, 0x07, 0x6A, 0x80, 0xB1, 0xFF, 0xDB, 0x33, 0x30,
    0x3C, 0x84, 0x73, 0xEE, 0x33, 0x30, 0xFC, 0x04, 0x52, 0x51, 0x4C, 0x0A, 0xCF, 0x81, 0x14, 0xAB,
    0x02, 0x90, 0xF0, 0x07, 0xEA, 0x14, 0xF8, 0xFB, 0xFF, 0x3F, 0x77, 0x03, 0x44, 0x27, 0x03, 0xC3,
    0xB7, 0xFF, 0xFF, 0xF9, 0x2E, 0xFC, 0x47, 0x00, 0xFD, 0x0F, 0x48, 0x1C, 0xFB, 0x4F, 0x48, 0x9C,
    0xF8, 0xCF, 0x48, 0x1C, 0xFF, 0xCF, 0xB8, 0x94, 0xC9, 0x83, 0x0C, 0x60, 0x66, 0x80, 0x02, 0x90,
    0xD1, 0x9C, 0x30, 0xCE, 0x04, 0x88, 0x0B, 0x21, 0xC0, 0x00, 0xC8, 0x79, 0xCF, 0x02, 0x62, 0x35,
    0x32, 0x32, 0x30, 0xFC, 0x02, 0xF9, 0x52, 0x8D, 0xC1, 0x70, 0xDB, 0x7F, 0x0E, 0x06, 0x06, 0x84,
    0x71, 0xF2, 0x0C, 0x0C, 0x01, 0x70, 0xCE, 0x7C, 0x88, 0x73, 0xA1, 0x00, 0x18, 0x24, 0x06, 0x7F,
    0xA1, 0xEC, 0x3C, 0x90, 0x31, 0x09, 0x10, 0x5E, 0x2E, 0xD4, 0xF8, 0xED, 0x6F, 0xDF, 0xAF, 0x55,
    0x07, 0x32, 0x00, 0xA0, 0x43, 0xD4, 0x36, 0x78, 0x9C, 0x63, 0x60, 0x00, 0x81, 0xC4, 0x5B, 0xFF,
    0xDE, 0xCF, 0x51, 0x03, 0x33, 0x19, 0x1A, 0xFF, 0x83, 0x81, 0x2C, 0x88, 0x6D, 0xF0, 0x0F, 0xC2,
    0xE1, 0x07, 0x71, 0x3E, 0x41, 0xD8, 0xFF, 0xB9, 0x41, 0x9C, 0x3F, 0x50, 0x0E, 0x3B, 0x90, 0x1D,
    0x00, 0x65, 0xFF, 0x67, 0x06, 0x72, 0x36, 0x00, 0xE9, 0xF3, 0x22, 0x02, 0x4E, 0x27, 0x41, 0xAA,
    0x3E, 0x00, 0x39, 0x3C, 0x0C, 0x50, 0xF0, 0x19, 0xC8, 0x61, 0x81, 0x71, 0xBE, 0x00, 0x39, 0x30,
    0x36, 0xC3, 0x57, 0x38, 0xE7, 0xD4, 0x9D, 0x7F, 0x30, 0xC3, 0x38, 0x18, 0xE0, 0x4C, 0x72, 0x39,
    0x28, 0x46, 0x8F, 0x1C, 0x0E, 0x00, 0x1B, 0xD1, 0xCB, 0xF8, 0x78, 0x9C, 0x55, 0x91, 0xAD, 0x4F,
    0x03, 0x41, 0x10, 0xC5, 0x5F, 0x3F, 0xB8, 0x96, 0x92, 0x26, 0xFC, 0x09, 0x75, 0xB5, 0x87, 0x40,
    0x53, 0x85, 0x46, 0x83, 0x40, 0xA3, 0x40, 0xA3, 0x50, 0x0D, 0xA6, 0xE1, 0x4F, 0x28, 0x0A, 0x2C,
    0xC1, 0xA0, 0xC8, 0xA1, 0x90, 0x14, 0x8F, 0x68, 0x40, 0xA0, 0x48, 0x2E, 0x7C, 0xD3, 0x40, 0xFB,
    0xFA, 0x76, 0x76, 0x8F, 0xBD, 0x3E, 0x31, 0xBB, 0xBF, 0xBD, 0xC9, 0xCC, 0xBC, 0x39, 0x00, 0x9D,
    0xAB, 0xE9, 0x78, 0x07, 0x41, 0x9D, 0x5F, 0x16, 0x4A, 0x80, 0x2F, 0x96, 0x68, 0x8B, 0x65, 0x7A,
    0x5B, 0xA0, 0xC9, 0x02, 0xB9, 0xD8, 0x4D, 0x7D, 0xA5, 0x24, 0x55, 0xD8, 0x00, 0x4E, 0xC9, 0x4C,
    0xF5, 0x7B, 0xA2, 0x15, 0xC0, 0x3D, 0xD6, 0x3C, 0x2D, 0xEB, 0x55, 0x47, 0x43, 0xBD, 0x3D, 0xAD,
    0x7A, 0xC2, 0x8C, 0x6C, 0xC3, 0xBA, 0x2E, 0x89, 0x7E, 0xC8, 0x13, 0xE0, 0x49, 0x54, 0x11, 0xDD,
    0xEB, 0x1C, 0x9C, 0x2B, 0x0C, 0x6D, 0xE8, 0x59, 0x68, 0xDD, 0x36, 0x0F, 0x1F, 0x1E, 0x32, 0x83,
    0xD4, 0x7F, 0xCB, 0xEA, 0x46, 0x8F, 0xE4, 0x7A, 0xFF, 0x78, 0xB3, 0xE2, 0xCD, 0x4E, 0x38, 0x42,
    0x94, 0x12, 0xBB, 0x91, 0x0A, 0x37, 0x77, 0x87, 0x55, 0xD1, 0xF4, 0xDF, 0x5D, 0x26, 0xFC, 0x8E,
    0x66, 0xE5, 0xEC, 0x22, 0xD2, 0x58, 0xA9, 0x7F, 0x11, 0xEB, 0xB8, 0x24, 0x1F, 0x0A, 0x6A, 0x68,
    0xCC, 0x5D, 0x1B, 0xF7, 0xD9, 0x19, 0xBD, 0xB1, 0x45, 0x48, 0x07, 0xA2, 0xE6, 0x3B, 0xD9, 0x32,
    0x3A, 0x72, 0x7E, 0x3F, 0xAD, 0xB0, 0xA4, 0x4B, 0x6E, 0x7E, 0xB6, 0xAB, 0x58, 0xBB, 0xD5, 0xB9,
    0x8F, 0xD7, 0xD2, 0xAA, 0x5B, 0x96, 0x1E, 0x34, 0x34, 0x47, 0x41, 0xB9, 0xDB, 0x59, 0x2F, 0xCC,
    0x32, 0x4A, 0xFC, 0xBF, 0x3D, 0x7B, 0x61, 0x7E, 0xBD, 0x67, 0xE6, 0xE7, 0x06, 0x69, 0x28, 0xC0,
    0x78, 0x9C, 0xFB, 0xF6, 0xFF, 0xFF, 0x7F, 0x06, 0x28, 0xF8, 0x46, 0x7B, 0xF6, 0x7B, 0x24, 0xF6,
    0x79, 0x06, 0x81, 0xED, 0xFF, 0xEE, 0x47, 0x81, 0xD9, 0xFB, 0x19, 0x7E, 0x00, 0x15, 0xFE, 0x97,
    0x01, 0xB1, 0xD7, 0x5F, 0x02, 0x31, 0xFF, 0xDF, 0x67, 0x04, 0xA9, 0xF9, 0x07, 0x66, 0xFF, 0xE7,
    0xFC, 0xF6, 0x1F, 0x0E, 0xE4, 0x91, 0xD8, 0xF9, 0x60, 0xB6, 0x2F, 0xE3, 0x61, 0x20, 0xB9, 0x1E,
    0xC4, 0xDE, 0x0F, 0x34, 0x1B, 0xA8, 0xE7, 0x3E, 0x88, 0xCD, 0x03, 0x64, 0xFF, 0x04, 0xDA, 0x09,
    0x62, 0x33, 0x41, 0xDD, 0x02, 0x73, 0xCF, 0xD7, 0x21, 0xC4, 0x06, 0x00, 0xC6, 0x9B, 0xFA, 0xE1,
    0x78, 0x9C, 0x63, 0x60, 0x00, 0x02, 0x87, 0xD7, 0xF7, 0x25, 0x18, 0xC0, 0xE0, 0xFB, 0xFF, 0xFF,
    0xF7, 0x19, 0x41, 0x0C, 0x85, 0xFF, 0x40, 0xC0, 0x05, 0x62, 0x35, 0x80, 0x58, 0xFC, 0x20, 0xD6,
    0x02, 0x10, 0x4B, 0x1F, 0x55, 0xCC, 0x00, 0xC4, 0xE2, 0x06, 0xEB, 0xFD, 0xF1, 0xFF, 0xFF, 0x7B,
    0x26, 0x30, 0x2B, 0xE0, 0xF7, 0x7D, 0x49, 0x06, 0x62, 0xC1, 0x87, 0xFF, 0x50, 0xC0, 0x42, 0x3A,
    0x0B, 0x6C, 0xC0, 0xC7, 0xA1, 0xCA, 0x02, 0x00, 0x5E, 0x54, 0xA2, 0xDE, 0x78, 0x9C, 0x63, 0x60,
    0x00, 0x81, 0x2D, 0xFF, 0x7A, 0x19, 0xC1, 0x0C, 0x86, 0x82, 0xFF, 0xFF, 0xFF, 0xCB, 0x42, 0x98,
    0x9F, 0x80, 0xCC, 0xF5, 0x10, 0xE6, 0x0F, 0x20, 0xF3, 0x3F, 0x84, 0xF9, 0x0B, 0xC4, 0x64, 0x42,
    0x17, 0xFD, 0x0C, 0x64, 0xED, 0x87, 0x30, 0x1B, 0x80, 0x4C, 0x3D, 0x08, 0x93, 0x61, 0xEB, 0xFF,
    0xB9, 0x50, 0x73, 0x89, 0x05, 0xFF, 0xA1, 0xC0, 0x9F, 0x6C, 0x26, 0x08, 0x08, 0x0C, 0x6D, 0xA6,
    0x3D, 0x84, 0xA9, 0x80, 0x60, 0x1A, 0x00, 0x99, 0xFA, 0x10, 0x26, 0x28, 0x86, 0xF8, 0x21, 0xCC,
    0x87, 0x40, 0x26, 0x0F, 0x83, 0xC0, 0x7E, 0x33, 0xC6, 0xC0, 0xBF, 0x40, 0x26, 0x07, 0x43, 0x02,
    0x2C, 0x1C, 0x98, 0x18, 0x2E, 0x40, 0x59, 0xF3, 0x21, 0x91, 0x03, 0x02, 0xBC, 0x0C, 0x0C, 0x3F,
    0x21, 0xAC, 0xF3, 0xC0, 0x58, 0xB9, 0x0A, 0x66, 0xBD, 0x67, 0x03, 0x19, 0x54, 0x74, 0xEB, 0xDF,
    0xFB, 0x39, 0xAC, 0x20, 0x16, 0x00, 0x53, 0x28, 0xD0, 0x9B, 0x78, 0x9C, 0xFB, 0xFC, 0xFF, 0xFF,
    0x7F, 0x26, 0x06, 0x18, 0xF8, 0x3C, 0x28, 0x78, 0x0F, 0x81, 0xB4, 0x1E, 0x9C, 0xF7, 0x17, 0x4C,
    0x43, 0x79, 0x1B, 0x80, 0x94, 0x3D, 0x5C, 0xE5, 0x2F, 0x20, 0xC5, 0x02, 0xE3, 0x35, 0x00, 0xC9,
    0x7C, 0xB8, 0x29, 0xDF, 0x81, 0x24, 0x3B, 0x8C, 0x17, 0x00, 0x24, 0xFA, 0xE1, 0x36, 0x7C, 0x01,
    0x12, 0x5C, 0x30, 0x9E, 0x12, 0x10, 0xEF, 0x87, 0xDB, 0xFE, 0x04, 0x88, 0x79, 0xE0, 0xBC, 0xFF,
    0x10, 0xE3, 0x91, 0x78, 0xBC, 0x28, 0xBC, 0x7E, 0x14, 0x1E, 0x44, 0x29, 0x9C, 0xC7, 0x07, 0xE7,
    0xD9, 0xFF, 0xF9, 0xFF, 0x7F, 0x3D, 0x9C, 0xC7, 0xF2, 0x09, 0x48, 0xB0, 0x42, 0x79, 0xF1, 0x60,
    0x57, 0xCB, 0x41, 0x79, 0x6C, 0x60, 0xCF, 0xEE, 0x47, 0x84, 0x04, 0x54, 0x10, 0xCA, 0x9B, 0x00,
    0xA4, 0xF4, 0x11, 0xA1, 0xF4, 0xEF, 0xFF, 0xFF, 0xF3, 0x08, 0x1E, 0xC8, 0x53, 0x1C, 0x70, 0xDE,
    0x02, 0x70, 0x30, 0xC1, 0x78, 0x02, 0x40, 0xA5, 0xF7, 0x19, 0x00, 0xFE, 0x46, 0xF0, 0xEA, 0x78,
    0x9C, 0xFB, 0xF1, 0x1F, 0x0C, 0xD6, 0x33, 0x80, 0xC0, 0x0F, 0x4A, 0x39, 0x20, 0xF0, 0x7B, 0x94,
    0xC3, 0xF0, 0xEB, 0xFF, 0xFF, 0xFD, 0x70, 0xCE, 0xCF, 0xFF, 0xFF, 0xEF, 0xC3, 0x39, 0xDF, 0x80,
    0x61, 0xC5, 0x0A, 0xE3, 0x7C, 0x06, 0x72, 0xEA, 0x99, 0x0C, 0xCB, 0xC1, 0x9C, 0x0B, 0x90, 0x80,
    0x7C, 0x0F, 0xE6, 0x14, 0x40, 0x38, 0xFF, 0x99, 0xC1, 0xBC, 0x3F, 0x10, 0x0E, 0x07, 0x98, 0x73,
    0x09, 0xC2, 0xE1, 0x05, 0x73, 0x04, 0x7E, 0x83, 0x39, 0xB2, 0x10, 0xF3, 0x0C, 0x4E, 0xFC, 0x7B,
    0xBF, 0x46, 0x8D, 0x01, 0x00, 0xE2, 0xB3, 0xAE, 0x5B, 0x78, 0x9C, 0x63, 0x60, 0x60, 0x60, 0x70,
    0x78, 0x7D, 0x9F, 0x8D, 0x21, 0xE1, 0xCF, 0x7D, 0x76, 0x86, 0x2F, 0xFF, 0xFF, 0xB3, 0x7D, 0xFF,
    0xFF, 0xBF, 0x9E, 0xE1, 0xD7, 0xFF, 0xFF, 0xFB, 0x41, 0xBC, 0xC8, 0xFF, 0x40, 0x50, 0x04, 0x22,
    0xD8, 0x81, 0xBC, 0xB7, 0x20, 0xC6, 0x4F, 0x10, 0xC1, 0xFF, 0xE5, 0x3F, 0x12, 0xF0, 0x47, 0xE1,
    0xF5, 0x83, 0x78, 0x76, 0x9F, 0x81, 0x84, 0xF8, 0xEF, 0xFF, 0xFF, 0xD7, 0x83, 0x78, 0xEC, 0x1B,
    0x40, 0xE6, 0x7D, 0x85, 0xF2, 0x18, 0x17, 0x00, 0xB5, 0x80, 0x4C, 0xDF, 0x0F, 0xC4, 0xE7, 0x19,
    0x80, 0x3C, 0xF9, 0x61, 0xCA, 0x03, 0x00, 0xAF, 0x80, 0x06, 0x33, 0x78, 0x9C, 0xFB, 0xF6, 0xFF,
    0x3F, 0x17, 0x83, 0xC0, 0xF6, 0x7F, 0xF7, 0xBD, 0x18, 0x18, 0xBE, 0xFD, 0xFF, 0xCF, 0xC3, 0xF0,
    0xE3, 0x3F, 0x10, 0xC8, 0x80, 0xD8, 0xFC, 0x97, 0x40, 0xCC, 0xFF, 0xF7, 0x41, 0xEC, 0xFC, 0xFF,
    0x10, 0xC0, 0xF1, 0xED, 0x3F, 0x1C, 0xC8, 0x23, 0xB1, 0xF3, 0xC1, 0xEC, 0x58, 0xC6, 0xC3, 0x40,
    0x72, 0x3D, 0x88, 0x7D, 0x9E, 0x81, 0x81, 0xE1, 0x1F, 0x50, 0x33, 0x88, 0x2D, 0x07, 0x64, 0xFF,
    0xFC, 0xFF, 0xFF, 0x3D, 0x88, 0xCD, 0xCC, 0x00, 0xB6, 0xE7, 0x3F, 0x08, 0x03, 0x99, 0x0C, 0x5F,
    0x87, 0x10, 0x1B, 0x00, 0xFA, 0x14, 0xD1, 0x1D, 0x78, 0x9C, 0x63, 0x60, 0x60, 0x60, 0x28, 0xBA,
    0xFD, 0x7F, 0xAF, 0x3A, 0x03, 0x04, 0x6C, 0xFE, 0x0F, 0x02, 0xD6, 0x60, 0xF6, 0x84, 0xFF, 0x10,
    0xC0, 0x09, 0xE2, 0xFC, 0x81, 0x72, 0xCE, 0x03, 0xD9, 0x1B, 0xFE, 0xC3, 0x00, 0x37, 0x03, 0xC3,
    0x0F, 0x38, 0xA7, 0x9E, 0x41, 0x00, 0x44, 0x59, 0x31, 0x2C, 0x06, 0x51, 0x8C, 0x20, 0xED, 0xFD,
    0x0C, 0x10, 0x05, 0x9C, 0x1F, 0x80, 0x04, 0x2F, 0x90, 0x73, 0x01, 0x48, 0xF3, 0x7D, 0x01, 0x12,
    0x6C, 0x40, 0x4E, 0x02, 0x90, 0xB6, 0xFF, 0x0E, 0x24, 0x98, 0x80, 0x1C, 0x05, 0x90, 0x09, 0x3F,
    0x81, 0x04, 0xD8, 0x6E, 0x20, 0x3D, 0xFF, 0xD7, 0xFF, 0xFF, 0xEF, 0xC1, 0x9C, 0x7F, 0xFF, 0xFF,
    0xAF, 0x47, 0xE1, 0xA0, 0x28, 0x43, 0x31, 0x00, 0xC5, 0x68, 0x64, 0x4B, 0xF9, 0x51, 0x9C, 0x83,
    0xE2, 0x50, 0x14, 0x2F, 0xA0, 0x7A, 0x0E, 0xC5, 0xDB, 0xA8, 0x01, 0x82, 0x12, 0x54, 0x48, 0x81,
    0x08, 0x00, 0x8F, 0x5D, 0xC9, 0x5C, 0x78, 0x9C, 0x63, 0x60, 0x00, 0x82, 0x80, 0xDB, 0xEF, 0x7B,
    0x98, 0x81, 0xF4, 0xB7, 0xFF, 0xFF, 0xB9, 0x0B, 0xFE, 0xFD, 0xFF, 0xFF, 0x7F, 0x3D, 0x23, 0x98,
    0xA3, 0xFF, 0xE7, 0x3F, 0x08, 0xE8, 0x81, 0x39, 0x50, 0xF0, 0x9E, 0x11, 0x89, 0xF3, 0x9F, 0x0B,
    0x99, 0x63, 0x0F, 0xE1, 0x58, 0x09, 0x7C, 0x07, 0x92, 0xF3, 0xC1, 0x9C, 0x7C, 0x06, 0x06, 0x03,
    0x90, 0x18, 0x98, 0xC3, 0x0E, 0xB4, 0xE2, 0x17, 0x90, 0x66, 0x06, 0x71, 0x40, 0xF6, 0x7E, 0x01,
    0xD2, 0x6C, 0x30, 0xCE, 0x47, 0x20, 0xCD, 0x01, 0xE3, 0x7C, 0x00, 0xD2, 0x9C, 0x30, 0xCE, 0x03,
    0x90, 0x45, 0x58, 0x65, 0x3E, 0x20, 0xEB, 0xF9, 0x84, 0x6C, 0xDA, 0x37, 0x98, 0x3D, 0x4C, 0x40,
    0xCE, 0x5F, 0x98, 0x0B, 0x80, 0x3E, 0x69, 0x00, 0x79, 0x0F, 0xE2, 0x50, 0x71, 0x83, 0x5F, 0x08,
    0x57, 0x43, 0x00, 0x37, 0x2E, 0x9F, 0xFA, 0x83, 0x8D, 0x3C, 0xFF, 0x17, 0xCC, 0x61, 0x01, 0x73,
    0xF6, 0x2F, 0x00, 0xB1, 0x75, 0x20, 0x96, 0x9D, 0x67, 0x98, 0xFC, 0xF7, 0xBE, 0x27, 0xD4, 0xE6,
    0xF7, 0x0C, 0x30, 0x00, 0x73, 0x0E, 0x0D, 0x38, 0x00, 0xF4, 0x56, 0x00, 0x9A, 0x78, 0x9C, 0x63,
    0x60, 0x60, 0x70, 0xB8, 0xF9, 0x7F, 0x2D, 0x0B, 0x03, 0x04, 0x18, 0xFC, 0xF9, 0xFF, 0xFF, 0xFF,
    0x7E, 0xA6, 0xEF, 0xFF, 0xFF, 0xB3, 0x31, 0x30, 0x7C, 0xFD, 0x0F, 0x02, 0x76, 0x7F, 0x40, 0x9C,
    0x80, 0xFF, 0x70, 0xC0, 0xC6, 0xF0, 0x09, 0x99, 0xF3, 0x07, 0x89, 0xE3, 0x00, 0x22, 0xBD, 0x05,
    0x8E, 0x82, 0x39, 0x1B, 0x80, 0xC4, 0x7C, 0xA0, 0x99, 0x3F, 0x41, 0x9C, 0x0F, 0x40, 0x82, 0x17,
    0xC8, 0x01, 0xD1, 0x6C, 0x5F, 0xC0, 0x1A, 0xA1, 0x1C, 0xA0, 0x5D, 0xFF, 0x99, 0x60, 0x9C, 0x1F,
    0x40, 0x82, 0x01, 0xC6, 0x01, 0x6A, 0x7C, 0x0F, 0xE7, 0xFC, 0x42, 0xE6, 0xA0, 0x28, 0x03, 0x19,
    0xC0, 0x08, 0xE3, 0x80, 0xDC, 0xCC, 0x0A, 0xE3, 0x7C, 0x04, 0x12, 0xDC, 0x40, 0xCE, 0x67, 0x10,
    0xE7, 0x02, 0x90, 0x88, 0x67, 0x60, 0x50, 0xF8, 0x07, 0xE2, 0x14, 0x80, 0x5C, 0xA8, 0x21, 0xF0,
    0x0C, 0xEC, 0x50, 0x01, 0x84, 0x0F, 0x80, 0xCE, 0xFA, 0x8E, 0xCC, 0xD9, 0x80, 0xCC, 0x61, 0xF8,
    0x0D, 0x66, 0xEC, 0x86, 0x70, 0xC0, 0x46, 0xD4, 0x6F, 0x80, 0x7A, 0x25, 0xF1, 0xF6, 0xFB, 0x1A,
    0xC6, 0x0B, 0x50, 0x0E, 0x18, 0x3C, 0x40, 0xE6, 0x7C, 0xA0, 0x3E, 0x07, 0x00, 0x26, 0x4C, 0xFF,
    0x91, 0x78, 0x9C, 0xFB, 0xFC, 0xFF, 0x3F, 0x2F, 0x03, 0x83, 0xC3, 0xC9, 0x7F, 0xEF, 0xA3, 0x18,
    0x3E, 0xFF, 0xFF, 0xCF, 0xCF, 0x10, 0xF0, 0xF7, 0x3F, 0x10, 0xB0, 0x00, 0xD9, 0xF2, 0x0C, 0xBF,
    0x41, 0xCC, 0xFF, 0x20, 0x71, 0xFB, 0x03, 0x60, 0xE6, 0x7E, 0x10, 0xDB, 0x1F, 0x22, 0x5C, 0x0F,
    0x62, 0xDF, 0x07, 0x33, 0xFF, 0xDB, 0x83, 0xD8, 0x40, 0xD0, 0x27, 0xC2, 0x10, 0xC4, 0x09, 0x61,
    0xF7, 0x33, 0x80, 0x01, 0x98, 0xCD, 0x8A, 0x60, 0xE7, 0x33, 0x20, 0xD8, 0xDC, 0x48, 0x6C, 0x66,
    0x24, 0x36, 0xD3, 0x20, 0x65, 0x03, 0x00, 0x0D, 0x61, 0x85, 0xFE, 0x78, 0x9C, 0x63, 0x60, 0x60,
    0x60, 0x68, 0x79, 0xFD, 0xEF, 0x7D, 0x37, 0x33, 0x03, 0x18, 0xBC, 0xF8, 0x0F, 0x02, 0xF7, 0xD9,
    0x40, 0xEC, 0xC7, 0xFF, 0x21, 0xE0, 0x3D, 0x90, 0x67, 0xF0, 0x1F, 0x06, 0xCE, 0x33, 0x32, 0x5C,
    0x40, 0x70, 0x18, 0x18, 0xBE, 0xC2, 0x39, 0xFA, 0x0C, 0x0C, 0xBF, 0x80, 0x94, 0x3A, 0x83, 0xE3,
    0xF1, 0xFF, 0xFF, 0x81, 0x7A, 0xFE, 0xFC, 0xFF, 0x3F, 0x1F, 0x64, 0x4E, 0xD3, 0x7A, 0x20, 0xF1,
    0x1B, 0x68, 0x2A, 0x23, 0x88, 0x07, 0x22, 0x7E, 0x80, 0xB4, 0x7A, 0x30, 0x42, 0xAC, 0xFC, 0x04,
    0xB1, 0x24, 0x0A, 0xCC, 0x6D, 0x80, 0x9A, 0xB5, 0x9F, 0x05, 0xC4, 0xFB, 0x09, 0xE5, 0xDD, 0x07,
    0xB9, 0xCE, 0xE1, 0x2F, 0x94, 0x17, 0x0F, 0x92, 0x72, 0xF8, 0x05, 0xE5, 0x31, 0x81, 0x0D, 0x29,
    0x7E, 0x05, 0xE6, 0x70, 0x42, 0x8C, 0x64, 0x08, 0x04, 0x5A, 0xF7, 0x9F, 0x97, 0xA1, 0x40, 0x12,
    0xCC, 0x2B, 0x00, 0x72, 0xF8, 0x81, 0xF6, 0x68, 0x80, 0x38, 0x09, 0x40, 0x0E, 0x1F, 0xC8, 0x6D,
    0x3D, 0xAA, 0x8C, 0x0A, 0xDF, 0x80, 0x1C, 0x9E, 0x82, 0xFF, 0x08, 0xC0, 0xFE, 0x09, 0xC1, 0x7E,
    0xCF, 0x18, 0xF0, 0x0F, 0xCE, 0xB1, 0x67, 0x60, 0x68, 0x84, 0xB1, 0xEF, 0x83, 0xEC, 0x2C, 0x80,
    0x38, 0xE7, 0x3E, 0x3B, 0xD8, 0x0A, 0x83, 0xED, 0x7F, 0xFF, 0xDF, 0xAB, 0x02, 0x39, 0x13, 0x00,
    0xCA, 0x99, 0xC2, 0xD1, 0x78, 0x9C, 0x63, 0x60, 0x60, 0x60, 0xF8, 0xFF, 0xFF, 0x3F, 0x03, 0x0C,
    0x28, 0x20, 0x73, 0x1C, 0x90, 0x39, 0x09, 0xC8, 0x9C, 0x06, 0x64, 0xCE, 0x02, 0x64, 0xCE, 0x01,
    0x64, 0xCE, 0x03, 0x38, 0x67, 0xDB, 0x9D, 0x77, 0xFF, 0x61, 0x80, 0xE3, 0xC7, 0xFF, 0xFF, 0x94,
    0x71, 0x80, 0x06, 0x7E, 0x41, 0xB6, 0x87, 0x9E, 0x1C, 0x46, 0x18, 0xE7, 0x33, 0x90, 0xC3, 0x0C,
    0xE3, 0x7C, 0x04, 0x72, 0xD8, 0x91, 0xBD, 0xAD, 0x07, 0xE3, 0x6C, 0x00, 0x72, 0xDE, 0xAB, 0x33,
    0x18, 0x6E, 0x63, 0x01, 0x72, 0x02, 0x90, 0xBD, 0xC0, 0xF0, 0x17, 0xCA, 0xE1, 0x81, 0x19, 0x07,
    0x02, 0xFC, 0x0C, 0x48, 0xEA, 0xEC, 0xC1, 0x46, 0x6C, 0x82, 0x70, 0xFC, 0x20, 0x06, 0x16, 0xDF,
    0xFE, 0xF7, 0x7E, 0x8E, 0x1A, 0x03, 0x00, 0x94, 0x40, 0xC6, 0x89, 0x78, 0x9C, 0xFB, 0xF7, 0xFF,
    0x7F, 0x3D, 0x03, 0x03, 0x83, 0xC0, 0xFF, 0xFF, 0xFF, 0xFD, 0xFF, 0x0D, 0x41, 0xF6, 0xDF, 0xFF,
    0xFF, 0xFB, 0x81, 0xEC, 0x06, 0x28, 0x7B, 0x3F, 0x90, 0xFD, 0x09, 0xC4, 0xFE, 0x0D, 0x24, 0x18,
    0x19, 0x04, 0xFE, 0x82, 0xD8, 0x3F, 0x80, 0x84, 0x8F, 0xC0, 0xD5, 0xFF, 0x20, 0xF6, 0x97, 0xFF,
    0x70, 0xE0, 0xFF, 0x00, 0xCA, 0x00, 0x9A, 0xE7, 0x9F, 0x00, 0x61, 0xEE, 0xFF, 0x0C, 0x64, 0x33,
    0xFC, 0x06, 0xB3, 0xB9, 0x3E, 0x80, 0xD8, 0x1B, 0x40, 0xCC, 0x7C, 0x86, 0x0B, 0x20, 0x36, 0xC3,
    0x94, 0xBF, 0xEF, 0xAB, 0x19, 0x19, 0x40, 0x00, 0x00, 0xE5, 0xAC, 0xC3, 0xA9, 0x78, 0x9C, 0x35,
    0x90, 0xEB, 0x0D, 0xC2, 0x30, 0x0C, 0x84, 0x5D, 0xA4, 0x02, 0x02, 0x54, 0xD8, 0x00, 0x36, 0xA1,
    0x1B, 0x64, 0x05, 0x36, 0x60, 0x04, 0xD8, 0x00, 0x36, 0x80, 0x0D, 0x60, 0x03, 0xD8, 0xA0, 0x8C,
    0xC0, 0x08, 0xB4, 0xAA, 0x2A, 0xC4, 0xEB, 0xF0, 0x39, 0x8E, 0x7F, 0x38, 0x3E, 0xC9, 0xB9, 0x7C,
    0x97, 0x16, 0x40, 0x26, 0xAC, 0x0F, 0x10, 0xEE, 0xAA, 0x06, 0x14, 0x33, 0x1D, 0x8A, 0xAD, 0xB6,
    0x09, 0xD5, 0x4A, 0x87, 0xE1, 0x42, 0xDB, 0x9C, 0xEA, 0xAA, 0x43, 0x8F, 0xEB, 0x6B, 0xAA, 0x1A,
    0xA8, 0x44, 0x3A, 0xEB, 0x76, 0x6E, 0x44, 0x1E, 0x6E, 0xFA, 0xB6, 0x1B, 0x47, 0x55, 0xFD, 0x68,
    0x39, 0x16, 0x29, 0xA3, 0x29, 0x2D, 0x73, 0x5D, 0xF9, 0xD9, 0xCA, 0x59, 0x15, 0xAF, 0x3F, 0xCD,
    0x54, 0x2D, 0x4F, 0x54, 0x0D, 0x70, 0x31, 0xCB, 0x90, 0x9E, 0xCD, 0x68, 0x59, 0x24, 0xA4, 0x5C,
    0xC8, 0x65, 0xF0, 0x3A, 0x8C, 0x4A, 0xE3, 0x62, 0xBD, 0x80, 0xE9, 0xDE, 0x89, 0x44, 0x5A, 0x60,
    0x79, 0x33, 0x2E, 0x96, 0x46, 0xDC, 0x35, 0x9E, 0x44, 0x44, 0x23, 0x56, 0x9D, 0x71, 0xB1, 0x18,
    0xF1, 0x1B, 0xB9, 0xFC, 0x47, 0x9C, 0xCB, 0xA3, 0x01, 0x87, 0xA4, 0x6A, 0xAA, 0x90, 0x14, 0x23,
    0x46, 0x2E, 0x16, 0x41, 0x22, 0xD7, 0x1F, 0xB2, 0x15, 0xA0, 0x95, 0x78, 0x9C, 0x2D, 0x90, 0x3D,
    0x52, 0x02, 0x41, 0x14, 0x84, 0x1B, 0x45, 0x44, 0x94, 0x5A, 0x6F, 0xA0, 0x55, 0x1E, 0xC0, 0x23,
    0xE8, 0x0D, 0xD6, 0xC4, 0x58, 0x6E, 0xB0, 0x64, 0x86, 0x1E, 0x01, 0x53, 0x4D, 0x20, 0x32, 0x20,
    0xD1, 0xF2, 0x02, 0x78, 0x00, 0xAB, 0x30, 0x31, 0xF7, 0x04, 0x0A, 0xAE, 0x85, 0xE2, 0xEA, 0x7E,
    0xF6, 0x1B, 0x99, 0xE0, 0xFD, 0xCC, 0x9B, 0xD7, 0xD3, 0xDD, 0x15, 0x9C, 0xE9, 0xFF, 0xCC, 0x60,
    0xF2, 0x05, 0x17, 0xAB, 0xF6, 0x1D, 0x86, 0x0B, 0xB8, 0x5D, 0xB5, 0x1F, 0x50, 0x94, 0x30, 0x95,
    0x6E, 0xC6, 0xD7, 0x92, 0x27, 0xF9, 0x1C, 0xDE, 0xA4, 0x0A, 0x1A, 0xF2, 0xDE, 0xDE, 0x0B, 0x20,
    0xD5, 0xD0, 0xD4, 0x37, 0x64, 0x77, 0x6E, 0xD7, 0x76, 0x1D, 0x36, 0xF5, 0x03, 0x3B, 0x97, 0xAE,
    0x9A, 0xC7, 0x0E, 0x9D, 0x78, 0xD2, 0xE9, 0xB9, 0x6A, 0xF5, 0x1D, 0xBA, 0x72, 0x68, 0xC7, 0x60,
    0x6B, 0xC4, 0x2B, 0xD9, 0xBE, 0xAB, 0x8D, 0x58, 0xDB, 0x7E, 0xE2, 0x91, 0xA3, 0x18, 0xAC, 0xC7,
    0x46, 0x77, 0xC6, 0x98, 0xA2, 0x97, 0xFE, 0x30, 0x5E, 0x56, 0x72, 0xC5, 0xB0, 0x9F, 0x18, 0x2C,
    0xDD, 0x2E, 0x38, 0x67, 0xEA, 0x3F, 0x26, 0xD2, 0x27, 0x1C, 0x2E, 0x39, 0x85, 0x91, 0x15, 0x24,
    0xE2, 0x79, 0xC5, 0x01, 0xDC, 0x27, 0x6D, 0x96, 0x55, 0xD4, 0x34, 0xE0, 0xD9, 0xF7, 0x49, 0xF4,
    0xC0, 0x90, 0x35, 0xB1, 0x25, 0x3D, 0x18, 0xC1, 0x1A, 0x2B, 0x42, 0x81, 0x64, 0x84, 0x70, 0x60,
    0x49, 0x22, 0xAA, 0xE0, 0x6B, 0x8C, 0x05, 0x49, 0x86, 0x4E, 0x22, 0xE7, 0x2A, 0x23, 0xB5, 0xA5,
    0x60, 0x6E, 0x8C, 0x79, 0xA4, 0x96, 0x1D, 0x8B, 0x9C, 0x29, 0x5C, 0xB1, 0x02, 0xE9, 0x37, 0x61,
    0x84, 0x2B, 0xF6, 0xEB, 0x0F, 0xCE, 0xCE, 0xF0, 0x50, 0x78, 0x9C, 0x4D, 0x90, 0xD1, 0x09, 0xC2,
    0x40, 0x10, 0x44, 0x47, 0x23, 0x8A, 0x44, 0xC1, 0x0A, 0x82, 0x1D, 0x98, 0x0E, 0x4C, 0x07, 0x96,
    0x60, 0x09, 0x5A, 0x42, 0x3A, 0xB0, 0x04, 0x4B, 0x48, 0x09, 0xDA, 0x41, 0xD2, 0x81, 0x58, 0x81,
    0x60, 0x10, 0x14, 0x8C, 0xEB, 0xCC, 0xAD, 0xC1, 0xBB, 0x8F, 0xDD, 0x1B, 0x78, 0xBB, 0xF7, 0xB8,
    0xC2, 0xCC, 0x8E, 0xE0, 0x79, 0xF0, 0x32, 0xC2, 0x8B, 0x35, 0x61, 0xFA, 0x98, 0x55, 0x40, 0xC3,
    0x34, 0x07, 0xF6, 0x6C, 0x19, 0x50, 0xB0, 0x1D, 0x80, 0x2B, 0xDB, 0x98, 0x88, 0xD0, 0x21, 0x9E,
    0x66, 0xB5, 0xC6, 0x85, 0xA6, 0x0B, 0x96, 0x95, 0x52, 0xCE, 0xCB, 0x46, 0x63, 0x13, 0x25, 0xA1,
    0x37, 0x8E, 0x5D, 0x42, 0x08, 0x28, 0xF7, 0xAF, 0x3D, 0x09, 0xE5, 0x99, 0x7A, 0xD2, 0x3E, 0xC2,
    0x03, 0xFC, 0x51, 0xDB, 0x22, 0x4E, 0x29, 0x62, 0x32, 0x43, 0xBC, 0xA5, 0x8A, 0x41, 0xB7, 0x74,
    0xB0, 0xEE, 0xC5, 0x02, 0x38, 0xEB, 0x7E, 0xD2, 0x01, 0x4C, 0xDA, 0xDE, 0x93, 0xE0, 0x09, 0xA5,
    0xB9, 0x5A, 0xEE, 0xBD, 0x73, 0xED, 0xC6, 0x15, 0x5B, 0x6F, 0x7A, 0x9A, 0x8A, 0x65, 0x90, 0x5B,
    0xB2, 0xEE, 0x34, 0xFE, 0x96, 0xF8, 0xD9, 0xBF, 0x0C, 0xB8, 0xCB, 0xF5, 0x0B, 0x49, 0x25, 0xAE,
    0x1B, 0x78, 0x9C, 0x4D, 0x90, 0xC9, 0x0D, 0xC2, 0x50, 0x0C, 0x44, 0x8D, 0xD8, 0xC4, 0x2A, 0x3A,
    0x20, 0x1D, 0x50, 0x02, 0x50, 0x01, 0x74, 0x00, 0x1D, 0x40, 0x07, 0x50, 0x02, 0x05, 0x20, 0x51,
    0x02, 0x27, 0xCE, 0xD0, 0x01, 0x74, 0x90, 0x74, 0x10, 0x96, 0x88, 0x55, 0x64, 0xF0, 0x92, 0xFF,
    0x89, 0x2F, 0xC9, 0xB3, 0x3C, 0x33, 0xF6, 0xBF, 0x01, 0x28, 0x90, 0xD4, 0x0B, 0x98, 0x1C, 0x98,
    0x2A, 0x4A, 0x29, 0xD0, 0x1E, 0x33, 0x35, 0x05, 0x06, 0xFC, 0x53, 0x93, 0x56, 0x5F, 0x68, 0xC5,
    0x54, 0xA4, 0x07, 0xB0, 0x11, 0x8A, 0x80, 0x23, 0xD1, 0x05, 0x88, 0x85, 0x12, 0x60, 0x66, 0x13,
    0x65, 0xB3, 0xEC, 0x12, 0x05, 0x4C, 0x0D, 0xB3, 0xAC, 0xF3, 0xE7, 0xA3, 0x4D, 0xB1, 0x2C, 0x99,
    0x60, 0xA1, 0x82, 0x50, 0xE4, 0x27, 0xB5, 0x89, 0xB4, 0x47, 0x34, 0xD5, 0xA0, 0x44, 0xE7, 0x4D,
    0x5F, 0x13, 0xCB, 0x86, 0x12, 0xE7, 0xB7, 0xE9, 0x6B, 0x39, 0x9A, 0x3F, 0x0A, 0xB2, 0x1D, 0xD4,
    0x6E, 0x33, 0xCF, 0xF6, 0xD3, 0xFC, 0x98, 0x0F, 0xEB, 0x19, 0x49, 0x7E, 0x92, 0xDD, 0x65, 0xF9,
    0xA9, 0xBB, 0x59, 0xF3, 0xFD, 0x7B, 0x58, 0x3E, 0xB6, 0xE4, 0x8A, 0xE7, 0x30, 0xF2, 0xF4, 0x64,
    0x6A, 0x79, 0xE2, 0x7C, 0x54, 0x3D, 0x1D, 0x72, 0x26, 0x44, 0x57, 0x60, 0xEF, 0x81, 0xDE, 0x79,
    0x93, 0xE9, 0xDF, 0xA4, 0x53, 0x18, 0xBE, 0xE1, 0xCE, 0xA1, 0xA5, 0x2E, 0x12, 0xE6, 0xFC, 0xB2,
    0xC7, 0xE7, 0x3A, 0x2B, 0xB9, 0x95, 0x6F, 0x02, 0x0B, 0x67, 0x78, 0x17, 0x55, 0xD1, 0xD1, 0x2E,
    0x8D, 0xD7, 0x25, 0x07, 0x3F, 0x78, 0x15, 0xC5, 0x59, 0x78, 0x9C, 0x63, 0xF8, 0x0F, 0x07, 0xEB,
    0x19, 0x48, 0x63, 0xC7, 0x23, 0xB1, 0xD9, 0x19, 0xC0, 0xE0, 0x21, 0x90, 0x39, 0x1F, 0xC2, 0x64,
    0xF8, 0x03, 0x64, 0x73, 0x43, 0x98, 0x1B, 0x80, 0xCC, 0xF3, 0x50, 0xE1, 0x9F, 0x40, 0xB6, 0x1C,
    0x84, 0x59, 0x00, 0x64, 0xBE, 0x67, 0x82, 0xB0, 0xBF, 0x02, 0xD9, 0xFE, 0x10, 0xA6, 0x03, 0xC8,
    0x40, 0x56, 0x08, 0xFB, 0x13, 0x90, 0x59, 0x0F, 0x61, 0x0A, 0xFC, 0x03, 0xB2, 0x39, 0x21, 0xEC,
    0x03, 0x40, 0xE6, 0x7E, 0xA8, 0x81, 0xBF, 0x81, 0x6C, 0x1E, 0x08, 0x73, 0x02, 0xC8, 0x40, 0x46,
    0x08, 0xFB, 0x3B, 0x90, 0xAD, 0x07, 0x61, 0x06, 0x20, 0xDC, 0xF9, 0xFF, 0x33, 0x12, 0xFB, 0x07,
    0x89, 0x6C, 0x00, 0xCE, 0x69, 0xBD, 0x5A, 0x78, 0x9C, 0x6D, 0xD1, 0xBD, 0x11, 0xC2, 0x30, 0x0C,
    0x05, 0x60, 0x01, 0x15, 0x90, 0x70, 0xDE, 0x80, 0x34, 0x2C, 0xC4, 0x02, 0x14, 0x0C, 0xC0, 0x02,
    0x74, 0xB4, 0x14, 0x8C, 0xC2, 0x31, 0x02, 0x0B, 0x40, 0x4F, 0x01, 0x23, 0x40, 0x02, 0x0D, 0x7F,
    0x0F, 0xD9, 0x42, 0xD2, 0x9D, 0x2F, 0x69, 0xF2, 0x9D, 0x63, 0x5B, 0xD2, 0x0B, 0x11, 0x3F, 0xAB,
    0x13, 0x70, 0x88, 0xD8, 0x03, 0xA2, 0x0A, 0xAA, 0xAD, 0xE9, 0xCA, 0xAF, 0x49, 0xDC, 0x45, 0x0D,
    0x30, 0x4E, 0xA0, 0x3B, 0x30, 0x14, 0x3D, 0x80, 0x41, 0xBE, 0xE6, 0xAA, 0x81, 0x42, 0x74, 0x33,
    0xF1, 0x7D, 0xA5, 0xE8, 0x02, 0x8C, 0x72, 0x1D, 0x4D, 0xB5, 0xEE, 0x0B, 0x6F, 0xA9, 0x11, 0xA6,
    0x4F, 0x6E, 0xA9, 0xC7, 0x7A, 0xC5, 0xDE, 0x16, 0xF4, 0xD7, 0xBA, 0xAB, 0x5A, 0x76, 0x54, 0x98,
    0xA5, 0x93, 0xF3, 0x78, 0x22, 0x7D, 0xA6, 0xEA, 0x03, 0xF4, 0x49, 0xE7, 0x28, 0xAC, 0x6E, 0x99,
    0xD7, 0xF5, 0x5E, 0xBC, 0x53, 0x97, 0x4F, 0xD4, 0xB4, 0xCC, 0xEB, 0x69, 0xB4, 0xE5, 0xE2, 0xF9,
    0xF1, 0x7D, 0x67, 0xC9, 0x74, 0x63, 0x39, 0x87, 0xAF, 0x8A, 0x76, 0x26, 0xF9, 0x47, 0x3F, 0xC3,
    0x83, 0xA0, 0xCC, 0x78, 0x9C, 0xFB, 0xF2, 0xFF, 0xBF, 0xFF, 0x97, 0x61, 0x80, 0x01, 0x13, 0xC0,
    0xA2, 0xB3, 0x78, 0x9C, 0xFB, 0xF3, 0xFF, 0xFF, 0x3E, 0x0F, 0x06, 0x10, 0xF8, 0xF3, 0x1F, 0x08,
    0x6C, 0xE1, 0xAC, 0xFF, 0xCC, 0x70, 0x16, 0x0F, 0x58, 0x3E, 0x08, 0xC8, 0x91, 0x07, 0xB3, 0x18,
    0x3E, 0xFE, 0xFF, 0xEF, 0x0F, 0x61, 0x6D, 0xF8, 0xFF, 0x3F, 0x1E, 0xC2, 0x5A, 0xF0, 0xFF, 0x7F,
    0x3E, 0x9C, 0x15, 0x0F, 0x97, 0x45, 0xA8, 0xB3, 0x87, 0xB0, 0x0E, 0xC0, 0x4D, 0x01, 0xB2, 0xF8,
    0x21, 0xAC, 0x0B, 0xFF, 0xFF, 0xF3, 0xC1, 0x59, 0xBC, 0xE8, 0x2C, 0x84, 0x8E, 0x09, 0xFF, 0xFF,
    0x9F, 0x67, 0x04, 0xB3, 0x0C, 0x80, 0xCE, 0x5A, 0xAF, 0x0A, 0x66, 0x7F, 0x03, 0x39, 0xF1, 0x3C,
    0x88, 0x25, 0x70, 0x02, 0xCE, 0xDA, 0x0E, 0x63, 0x7D, 0x81, 0xC9, 0x2A, 0x80, 0x74, 0x98, 0x81,
    0x74, 0x34, 0xFC, 0xFF, 0x7F, 0x9F, 0x09, 0xE6, 0x2A, 0x7D, 0xBC, 0x2E, 0x40, 0x88, 0xF1, 0xA3,
    0xBB, 0x05, 0xA1, 0x77, 0x03, 0xA1, 0xD0, 0xC8, 0x47, 0x97, 0x85, 0x87, 0x5F, 0xD0, 0x5F, 0x88,
    0xC9, 0x90, 0x70, 0xE6, 0x82, 0xB1, 0xDE, 0x33, 0xC1, 0x58, 0x3A, 0xD0, 0xF8, 0xD8, 0x6B, 0x01,
    0x56, 0x0F, 0x00, 0xD5, 0x95, 0x9E, 0x3E, 0x78, 0x9C, 0x63, 0x60, 0x80, 0x01, 0x01, 0x10, 0xA1,
    0x70, 0xF3, 0x7D, 0x0D, 0x23, 0x90, 0xFE, 0xA6, 0x09, 0x24, 0xBE, 0xFF, 0xFF, 0xFF, 0xBF, 0x1F,
    0x28, 0xF6, 0xEF, 0xBF, 0x16, 0x43, 0xC3, 0x7F, 0x10, 0xA8, 0x63, 0x7C, 0xF2, 0xFF, 0xBF, 0x3C,
    0xC3, 0xD7, 0xFF, 0x70, 0xC0, 0x29, 0x80, 0x60, 0xBF, 0x67, 0x9C, 0x80, 0xE0, 0xC4, 0x33, 0x7C,
    0xFC, 0xFF, 0x3F, 0x4E, 0xE0, 0x39, 0x98, 0xC3, 0xC1, 0xB0, 0xE8, 0xFF, 0x7B, 0x26, 0x06, 0x81,
    0x1F, 0x40, 0x76, 0x3D, 0xD0, 0xE4, 0x49, 0xF9, 0x20, 0x0B, 0x8F, 0xFF, 0x9F, 0xCB, 0x04, 0xB2,
    0x94, 0x11, 0xEE, 0x06, 0x06, 0x00, 0x46, 0x54, 0x47, 0xFD, 0x78, 0x9C, 0x03, 0x00, 0x00, 0x00,
    0x00, 0x01, 0x78, 0x9C, 0x5D, 0xCD, 0x3D, 0x0D, 0xC2, 0x60, 0x00, 0x84, 0xE1, 0x97, 0xFF, 0x96,
    0x09, 0x09, 0x95, 0x80, 0x04, 0x24, 0x20, 0x80, 0xA4, 0x15, 0x40, 0x02, 0x0E, 0xC0, 0x01, 0x75,
    0x50, 0x1C, 0x20, 0x81, 0x09, 0xD6, 0x4A, 0xA8, 0x04, 0x26, 0xFE, 0x4B, 0x8F, 0xCB, 0x97, 0xC0,
    0xD0, 0x1B, 0x9E, 0xE4, 0x96, 0x3B, 0x4E, 0x5A, 0x90, 0x4B, 0x8A, 0xAF, 0x26, 0xAD, 0x4D, 0xA9,
    0x7F, 0x42, 0xBD, 0x99, 0xD5, 0xDE, 0x8C, 0x39, 0x6B, 0x49, 0x3B, 0x77, 0x6D, 0xE0, 0xA1, 0x1D,
    0x3C, 0x55, 0xC0, 0x4B, 0x07, 0x78, 0xEB, 0x08, 0xB5, 0x4A, 0xF8, 0xA8, 0x82, 0x46, 0x17, 0xF0,
    0x00, 0x13, 0xD3, 0x49, 0x4C, 0x77, 0x6A, 0x7A, 0x33, 0xD3, 0x9F, 0x9B, 0x41, 0x66, 0x86, 0x6B,
    0x33, 0x0A, 0x6C, 0x4D, 0x94, 0xFF, 0x88, 0xC3, 0xF9, 0x17, 0x38, 0x34, 0x68, 0xDB, 0x78, 0x9C,
    0x63, 0x60, 0x00, 0x82, 0x82, 0xFF, 0xF3, 0x19, 0x60, 0x80, 0x44, 0x76, 0xE1, 0xEF, 0xFF, 0xFF,
    0xD7, 0xB2, 0x80, 0x99, 0x8B, 0xFE, 0x83, 0xC0, 0x7D, 0x16, 0xB0, 0x02, 0x08, 0xC8, 0x07, 0xB2,
    0x7F, 0x42, 0xD9, 0xFE, 0x0C, 0x0C, 0x0D, 0x50, 0xE6, 0x7F, 0x0E, 0x06, 0x86, 0x2F, 0x50, 0xE6,
    0x79, 0xA0, 0x92, 0xBF, 0x60, 0xD6, 0xFC, 0xCD, 0xFA, 0x0C, 0x0C, 0x0E, 0x20, 0x56, 0x27, 0xD0,
    0x7C, 0x26, 0x06, 0x86, 0x09, 0x20, 0x13, 0xA0, 0x76, 0x3D, 0x00, 0xB2, 0xB9, 0xA0, 0xEC, 0x0F,
    0x40, 0x36, 0x0B, 0x94, 0xFD, 0x09, 0xC8, 0x66, 0x44, 0x62, 0x33, 0x60, 0x11, 0x47, 0x56, 0x0F,
    0x32, 0x87, 0x1B, 0xCA, 0x5E, 0x80, 0x64, 0x7E, 0x00, 0xCC, 0xDE, 0x10, 0x20, 0xE7, 0x1F, 0xC4,
    0x3D, 0x4B, 0xDE, 0x33, 0x32, 0x30, 0x7C, 0x83, 0xB9, 0x99, 0x13, 0xA2, 0x01, 0x0C, 0xEC, 0x81,
    0x8A, 0xFE, 0x40, 0xD9, 0xF7, 0x19, 0x10, 0x12, 0xF5, 0x20, 0xA3, 0xAE, 0x82, 0x99, 0xFB, 0x99,
    0xC1, 0x81, 0x32, 0x05, 0xA8, 0xAC, 0x87, 0x89, 0xBC, 0xB0, 0x85, 0xB1, 0x01, 0x2B, 0x98, 0xC0,
    0xBC, 0x78, 0x9C, 0x63, 0x60, 0x00, 0x82, 0xE6, 0x3B, 0xFF, 0xCF, 0x45, 0x32, 0x40, 0xC0, 0xD5,
    0xFF, 0x20, 0xE0, 0x07, 0x66, 0x2F, 0xF8, 0x0F, 0x01, 0x5C, 0x20, 0xCE, 0x6F, 0x28, 0xE7, 0x3C,
    0x90, 0x3D, 0x01, 0xCA, 0xFE, 0xFF, 0x9E, 0x89, 0x81, 0xE1, 0x13, 0x8C, 0xA3, 0x07, 0x94, 0xF9,
    0x09, 0xA4, 0x63, 0x19, 0x0D, 0x7F, 0x82, 0x24, 0x18, 0xFE, 0xFD, 0xFF, 0xBF, 0x1F, 0x48, 0x39,
    0xE8, 0x02, 0x09, 0x01, 0xA0, 0x84, 0x3C, 0xD4, 0x0E, 0x06, 0x03, 0x20, 0x87, 0x07, 0x99, 0xC3,
    0x0D, 0xE3, 0x08, 0x20, 0xCB, 0x30, 0xFC, 0xFD, 0xFF, 0x9F, 0x1F, 0xCE, 0xF9, 0xFE, 0xFF, 0xBF,
    0x3D, 0x94, 0x79, 0xF4, 0x2D, 0x92, 0x63, 0x7E, 0xFC, 0x27, 0x9D, 0x03, 0x31, 0x9B, 0x03, 0x6E,
    0xF6, 0x9F, 0xFF, 0xFF, 0x39, 0x91, 0x6D, 0x65, 0x47, 0x76, 0x0F, 0x33, 0x8C, 0xD3, 0xF0, 0xFF,
    0xFF, 0x7D, 0xB8, 0xAA, 0xCF, 0x08, 0xE7, 0x30, 0x38, 0x00, 0x55, 0xB1, 0x20, 0xB9, 0x13, 0x06,
    0x38, 0x9E, 0xFE, 0x47, 0xE2, 0xFC, 0x22, 0x83, 0x03, 0x00, 0xE1, 0x06, 0xD7, 0x35, 0x78, 0x9C,
    0x5D, 0x50, 0x3B, 0x16, 0x82, 0x30, 0x10, 0x1C, 0x24, 0x5A, 0xF8, 0xE1, 0x71, 0x04, 0x8F, 0xE0,
    0x09, 0x94, 0x1B, 0x60, 0x6D, 0xA3, 0xBD, 0x8D, 0x37, 0xF0, 0x28, 0x5A, 0x59, 0x5B, 0xD9, 0xEA,
    0x0D, 0xF4, 0x06, 0xF2, 0x1E, 0xBD, 0x14, 0x82, 0xCF, 0xDF, 0x63, 0xDC, 0x10, 0x22, 0xE2, 0x14,
    0xD9, 0x4C, 0x76, 0x76, 0xB3, 0x3B, 0x40, 0x0D, 0xC1, 0xD0, 0xDE, 0x62, 0x05, 0xA4, 0x74, 0x0D,
    0x19, 0x30, 0x44, 0x40, 0x96, 0xC9, 0x98, 0x54, 0x11, 0x99, 0x34, 0x36, 0xF9, 0x79, 0xD2, 0xCF,
    0x49, 0x4F, 0x72, 0xBC, 0xB0, 0x3C, 0x14, 0x32, 0x7E, 0x31, 0x05, 0x66, 0x15, 0x6B, 0x4A, 0xF5,
    0xDD, 0x92, 0xA5, 0xEE, 0xF5, 0xB0, 0x6C, 0x25, 0xC4, 0x97, 0x78, 0x54, 0xC1, 0x5B, 0x82, 0x63,
    0xEA, 0x3A, 0xC0, 0x56, 0x42, 0x0B, 0x58, 0x9B, 0x47, 0x2D, 0x69, 0x03, 0x07, 0x11, 0xEA, 0x72,
    0x91, 0x76, 0x81, 0x13, 0xB9, 0xD7, 0xEC, 0x45, 0xF6, 0xFE, 0x73, 0xF5, 0xBA, 0x45, 0xAD, 0x67,
    0xFD, 0x3F, 0x3C, 0x7F, 0x67, 0xC1, 0xED, 0x67, 0x05, 0xBD, 0xBC, 0x85, 0x58, 0x72, 0xAD, 0xD8,
    0x48, 0xBC, 0x29, 0x21, 0x46, 0x24, 0x6E, 0xA4, 0x15, 0xBB, 0x3C, 0x99, 0xEB, 0x67, 0x6F, 0x4C,
    0x31, 0xAE, 0x40, 0xAA, 0x97, 0xCF, 0xC4, 0x1B, 0x63, 0x73, 0xE1, 0x4B, 0x68, 0xBD, 0x4E, 0x65,
    0x16, 0x38, 0x96, 0xF9, 0xC0, 0x07, 0x87, 0x55, 0xD1, 0xCA, 0x78, 0x9C, 0xB5, 0x8F, 0xDD, 0x0D,
    0x01, 0x41, 0x14, 0x85, 0x8F, 0xC9, 0x8A, 0xF8, 0x79, 0x30, 0x0D, 0xA0, 0x03, 0x25, 0xD0, 0x09,
    0x25, 0xE8, 0x80, 0x0E, 0xE8, 0x60, 0x75, 0xB0, 0x25, 0xAC, 0x12, 0x74, 0xB0, 0x34, 0x20, 0xF1,
    0x4F, 0x64, 0x1D, 0xE7, 0x0E, 0xD6, 0x9B, 0x07, 0x89, 0x93, 0xCC, 0xDC, 0xF3, 0xDD, 0xE4, 0xCE,
    0xB9, 0xB3, 0x27, 0x59, 0x86, 0xD4, 0x91, 0xE9, 0xCE, 0x75, 0x35, 0x8C, 0x66, 0x32, 0xB5, 0xA6,
    0xAE, 0x9E, 0xD1, 0x56, 0xA6, 0x84, 0x0B, 0x99, 0x18, 0x9D, 0xC9, 0x29, 0xB0, 0x56, 0xCF, 0x89,
    0xEE, 0x64, 0x0B, 0x18, 0x89, 0xAA, 0xC0, 0x50, 0xA5, 0xA2, 0x66, 0x4E, 0xB6, 0x81, 0x25, 0x99,
    0xD9, 0xC0, 0x91, 0x1C, 0x03, 0x07, 0x72, 0x60, 0xB4, 0x08, 0xDD, 0xDB, 0x2B, 0xA8, 0xAF, 0x89,
    0xC8, 0xB2, 0x23, 0x23, 0x6B, 0xD7, 0x27, 0x64, 0x1A, 0x00, 0x3B, 0xAD, 0xB4, 0xD2, 0x79, 0x92,
    0x76, 0x8A, 0x4F, 0x21, 0xC6, 0x64, 0xCB, 0xE5, 0xB6, 0x96, 0xE4, 0xBD, 0xBF, 0x0A, 0x19, 0xCB,
    0x84, 0x8F, 0x14, 0x72, 0x5F, 0x69, 0x23, 0x99, 0xB3, 0xEA, 0xDE, 0xF9, 0x09, 0x0A, 0x7D, 0x48,
    0x0F, 0x7B, 0x51, 0xEA, 0xFF, 0x96, 0xF0, 0x23, 0x3D, 0x00, 0x18, 0xA3, 0xE5, 0x02, 0x78, 0x9C,
    0xFB, 0xF2, 0xFF, 0xBF, 0xFF, 0x17, 0x1A, 0x60, 0x06, 0x1C, 0x80, 0x16, 0x76, 0x81, 0x30, 0x00,
    0x63, 0x60, 0x8F, 0x2D, 0x78, 0x9C, 0x4D, 0x91, 0xBD, 0x4A, 0x03, 0x51, 0x10, 0x85, 0x07, 0x63,
    0x42, 0x40, 0x23, 0x5B, 0x89, 0x41, 0xD0, 0x5B, 0x89, 0xA0, 0x90, 0xD4, 0x36, 0xC6, 0x5E, 0xD0,
    0x37, 0xD0, 0x37, 0x58, 0xDF, 0x40, 0xD2, 0xA7, 0x08, 0xC4, 0x07, 0xC8, 0x1B, 0x68, 0x67, 0x67,
    0x4C, 0xB0, 0x57, 0x1B, 0xDB, 0x80, 0xA0, 0x95, 0x10, 0x8C, 0x64, 0x51, 0x5C, 0x73, 0x3C, 0x33,
    0x77, 0x8C, 0x19, 0xB8, 0xCC, 0x37, 0xCB, 0xCC, 0x99, 0x9F, 0x15, 0x91, 0xE4, 0x7A, 0x3A, 0x6A,
    0x15, 0xC4, 0xEC, 0x13, 0xB4, 0x7B, 0x0B, 0xAE, 0x60, 0x76, 0xA9, 0xFC, 0x15, 0x19, 0x15, 0x91,
    0xE0, 0x88, 0xB2, 0xC8, 0x99, 0xE3, 0x90, 0x29, 0x5D, 0xFA, 0xB5, 0xF0, 0x84, 0x1A, 0xF9, 0x16,
    0x18, 0xD1, 0x65, 0x25, 0x97, 0xA1, 0x0B, 0x2A, 0xD3, 0x26, 0xEF, 0xC6, 0x46, 0xD2, 0xD0, 0xC2,
    0xAA, 0x07, 0xDF, 0x1A, 0xEC, 0x19, 0x86, 0xDC, 0x24, 0x0F, 0x95, 0x3F, 0x5C, 0x7F, 0x87, 0x9F,
    0xA7, 0x7F, 0x7D, 0x8B, 0x2A, 0xD9, 0x3B, 0xB0, 0x92, 0x13, 0x19, 0x03, 0x9B, 0x12, 0x6C, 0xBE,
    0x85, 0x0C, 0x58, 0xE6, 0x3A, 0x1A, 0x2C, 0x91, 0x57, 0xA8, 0x50, 0x67, 0x59, 0x6D, 0xA2, 0x89,
    0x51, 0xEE, 0x88, 0xF9, 0xD0, 0xB1, 0x1E, 0x80, 0x94, 0x63, 0xA2, 0x57, 0xB0, 0x71, 0xD3, 0xBA,
    0x2D, 0x5E, 0x94, 0x77, 0x60, 0x5F, 0x32, 0x5B, 0x6A, 0x35, 0x57, 0x8D, 0x53, 0xFC, 0x37, 0x96,
    0x81, 0xE3, 0xB9, 0xCA, 0xDD, 0x45, 0x2E, 0xD9, 0xD8, 0x1D, 0xC5, 0xD4, 0xD7, 0x69, 0xFA, 0x4D,
    0xCC, 0x9E, 0x19, 0xE8, 0x41, 0x1B, 0x7C, 0xC7, 0x51, 0x26, 0xC9, 0xCB, 0x33, 0x7E, 0xC4, 0x70,
    0x2B, 0x79, 0x21, 0x2F, 0xCE, 0xED, 0x38, 0xBB, 0xBE, 0xDD, 0x3F, 0xF9, 0x71, 0xDE, 0xA0, 0x44,
    0xDF, 0xD9, 0xFE, 0xD1, 0xAB, 0xE1, 0x7A, 0x6C, 0x74, 0xF1, 0x86, 0x9B, 0x6D, 0x85, 0x5F, 0x31,
    0x9A, 0x01, 0x2A, 0x78, 0x9C, 0x63, 0x78, 0x71, 0x9F, 0x9D, 0x81, 0xA1, 0xE0, 0x6F, 0x1F, 0xC3,
    0x86, 0xFF, 0xFF, 0xE7, 0x33, 0x30, 0xFC, 0xFC, 0xFF, 0x9F, 0xFB, 0xCB, 0xFF, 0xFF, 0xFF, 0x99,
    0x14, 0x80, 0x84, 0xFF, 0x77, 0x20, 0xC1, 0x96, 0x00, 0x24, 0xEA, 0x7F, 0xC0, 0x58, 0xFD, 0x08,
    0x59, 0x84, 0x0E, 0x06, 0xB8, 0x29, 0x00, 0x13, 0x2E, 0x32, 0xAC, 0x78, 0x9C, 0x5D, 0x51, 0x3B,
    0x4E, 0xC3, 0x50, 0x10, 0x9C, 0x38, 0x76, 0x82, 0x13, 0x12, 0x5C, 0x52, 0x41, 0x0A, 0x3A, 0x24,
    0xB0, 0xA8, 0x28, 0x28, 0x10, 0x2D, 0x48, 0xE4, 0x06, 0xF8, 0x06, 0xE4, 0x06, 0x20, 0x71, 0x00,
    0x72, 0x03, 0x7C, 0x03, 0x53, 0xD1, 0x42, 0x41, 0x0D, 0xBE, 0x81, 0x83, 0x44, 0x89, 0xE4, 0x10,
    0x20, 0x24, 0x46, 0xF6, 0xB0, 0xEB, 0x4F, 0x22, 0x65, 0xA4, 0xE7, 0xA7, 0xF1, 0xEE, 0x9B, 0xDD,
    0x9D, 0x05, 0x04, 0x37, 0x1F, 0x7C, 0x39, 0x44, 0x85, 0x67, 0x2A, 0x8E, 0x4A, 0xE6, 0xB3, 0x40,
    0x2B, 0x67, 0x4E, 0xCA, 0x60, 0x07, 0x27, 0x09, 0xA3, 0x9A, 0xD2, 0x37, 0xDE, 0xE9, 0xED, 0xCC,
    0xB9, 0xA5, 0xF4, 0x8F, 0x56, 0x9E, 0xD5, 0xE7, 0xA3, 0x7C, 0x07, 0x3C, 0x2F, 0x35, 0xBE, 0xD9,
    0x04, 0x46, 0xB4, 0x81, 0x87, 0x2C, 0xDA, 0xC4, 0x90, 0x5D, 0xE0, 0x37, 0x06, 0xDE, 0x45, 0x37,
    0xB6, 0x90, 0x5D, 0x41, 0x8F, 0x97, 0xD7, 0xE9, 0x60, 0x16, 0xC3, 0xE5, 0x36, 0xBE, 0x94, 0xC5,
    0x35, 0x7C, 0xB2, 0x7E, 0xCD, 0x75, 0xA4, 0x92, 0xE9, 0xED, 0x01, 0x4F, 0x5C, 0xBB, 0xA7, 0xDD,
    0x67, 0x29, 0x3E, 0x64, 0x3B, 0xA4, 0xE5, 0xEB, 0x3B, 0x85, 0xC7, 0xCE, 0x98, 0x66, 0x48, 0x2D,
    0x28, 0x38, 0xE6, 0xC6, 0x98, 0xF5, 0x31, 0xCB, 0xBE, 0x5C, 0xA5, 0x86, 0x50, 0x33, 0xA7, 0xBD,
    0x2A, 0x6A, 0x2E, 0xA3, 0xE6, 0x88, 0x6C, 0x54, 0x6F, 0x43, 0x36, 0xFC, 0x6A, 0x72, 0x51, 0xF6,
    0x69, 0x4B, 0x8F, 0xFB, 0x65, 0xDD, 0xD6, 0x40, 0x6A, 0x66, 0x62, 0x44, 0x6F, 0x17, 0x08, 0xD9,
    0x74, 0x25, 0x32, 0x25, 0x5F, 0xD3, 0x08, 0x98, 0xD0, 0x40, 0x7A, 0x5B, 0x7A, 0x67, 0x63, 0x26,
    0xBF, 0xA6, 0x32, 0xCA, 0x5C, 0x69, 0xDB, 0xC9, 0x2E, 0x0B, 0x37, 0xDC, 0x84, 0x3C, 0x95, 0xA4,
    0xAE, 0x3A, 0x76, 0x21, 0xA2, 0x07, 0x06, 0xF0, 0x93, 0xF7, 0x9A, 0x2C, 0x9C, 0x0C, 0xF4, 0x0A,
    0x19, 0xE4, 0x3E, 0x27, 0xC5, 0x98, 0x2B, 0x5B, 0x58, 0xD9, 0x51, 0xB5, 0xC1, 0xB3, 0xC5, 0x46,
    0x97, 0xFB, 0xFD, 0x07, 0xE1, 0xAB, 0xCC, 0x22, 0x78, 0x9C, 0x63, 0x10, 0x98, 0xF6, 0xF6, 0x7F,
    0x2F, 0x13, 0x83, 0xC1, 0xAF, 0xFF, 0x40, 0x50, 0xCF, 0xF0, 0xE0, 0x3F, 0x18, 0xB0, 0x27, 0x40,
    0x68, 0x79, 0x86, 0xBF, 0x9E, 0x8C, 0x8D, 0xFF, 0xFF, 0xF7, 0x33, 0x08, 0x31, 0x30, 0x30, 0xFC,
    0xFC, 0xBF, 0x9F, 0x01, 0x04, 0x3E, 0xFF, 0x7F, 0xCF, 0xC0, 0x60, 0xB0, 0xFC, 0x0D, 0x50, 0x01,
    0x43, 0xC1, 0x3F, 0xB0, 0x42, 0x85, 0xBF, 0x10, 0x0D, 0x0F, 0xFF, 0xFF, 0xEF, 0x53, 0xF9, 0xF4,
    0xFF, 0xFF, 0x77, 0x90, 0xD2, 0x8F, 0xFF, 0xFF, 0xFF, 0xFA, 0xEF, 0xCF, 0xC0, 0x00, 0xE4, 0xFF,
    0xFE, 0xBF, 0x9F, 0xB1, 0x09, 0x28, 0xFF, 0x03, 0xA2, 0xEC, 0xFF, 0x47, 0x10, 0xF1, 0xFE, 0xFF,
    0x7F, 0x07, 0x10, 0x95, 0x06, 0x34, 0x67, 0xD2, 0xBF, 0x73, 0xE2, 0x06, 0xFF, 0xFF, 0x03, 0x00,
    0x8F, 0x85, 0x64, 0xF4, 0x78, 0x9C, 0x63, 0x60, 0x60, 0x10, 0xF0, 0x66, 0x00, 0x81, 0x09, 0x1C,
    0x20, 0xF2, 0xE2, 0x7F, 0x36, 0x10, 0xF5, 0x6B, 0x3E, 0x90, 0x50, 0xF8, 0xF7, 0xBF, 0x1E, 0x48,
    0x6D, 0xF8, 0xFF, 0x9F, 0x9B, 0x81, 0xE1, 0xF1, 0xFF, 0xFF, 0xFE, 0x40, 0xB5, 0x7F, 0xFE, 0xFF,
    0xE7, 0x60, 0x70, 0xF8, 0x0F, 0x22, 0x19, 0x2E, 0xFD, 0xFF, 0x7F, 0x9E, 0x81, 0xE1, 0x2B, 0x98,
    0x04, 0xAA, 0xFD, 0xAF, 0xCF, 0x90, 0xF0, 0x1F, 0x44, 0x82, 0xD4, 0xFE, 0x67, 0x65, 0xF8, 0x0E,
    0x26, 0x41, 0x6A, 0x81, 0x86, 0xFD, 0xFD, 0xFF, 0x7F, 0x3D, 0xD0, 0x0E, 0x20, 0x87, 0x17, 0xCC,
    0xE1, 0x85, 0x70, 0x98, 0xC1, 0x1C, 0x66, 0x30, 0x27, 0x9F, 0x01, 0xC4, 0x59, 0xCF, 0x00, 0xE6,
    0xF0, 0x31, 0x60, 0xC8, 0xA0, 0xEA, 0x41, 0x98, 0x86, 0x62, 0x0F, 0x8A, 0x0B, 0x50, 0xDC, 0x86,
    0xEA, 0x6A, 0x14, 0xFF, 0xA0, 0xFA, 0x14, 0x25, 0x0C, 0x90, 0x42, 0x07, 0x00, 0x9C, 0xFA, 0x87,
    0x56, 0x78, 0x9C, 0xFB, 0xF1, 0x1F, 0x0E, 0xFA, 0x7F, 0x50, 0xC0, 0x66, 0x80, 0x81, 0x7F, 0x74,
    0x64, 0x1B, 0x19, 0x0B, 0x03, 0x00, 0xC6, 0xA7, 0x5C, 0x53, 0x78, 0x9C, 0xFB, 0xF1, 0x1F, 0x0E,
    0xFA, 0x7F, 0x50, 0xC0, 0x06, 0x00, 0xE2, 0x47, 0x44, 0xEF, 0x78, 0x9C, 0x4D, 0x8E, 0xB1, 0x09,
    0xC2, 0x60, 0x14, 0x84, 0xCF, 0x90, 0x48, 0x8A, 0x17, 0xC8, 0x06, 0xDA, 0x38, 0x81, 0xB5, 0x64,
    0x02, 0xC1, 0x26, 0x8D, 0x20, 0x71, 0x01, 0x67, 0xC8, 0x08, 0xBF, 0x1B, 0x28, 0x82, 0xD6, 0x6E,
    0x90, 0x11, 0x32, 0x42, 0x82, 0x85, 0xB6, 0x31, 0x20, 0xD1, 0x40, 0x72, 0xFE, 0x4F, 0x0B, 0xBD,
    0xEA, 0x83, 0x7B, 0xEF, 0xF8, 0x00, 0x1C, 0xBB, 0x62, 0x09, 0xCD, 0x95, 0x36, 0x2B, 0x0B, 0x7B,
    0x6E, 0x9C, 0xF1, 0x8D, 0x3E, 0xF0, 0xDA, 0x69, 0xD1, 0xA6, 0x58, 0xD0, 0x8F, 0xE3, 0x89, 0x6D,
    0xDC, 0xB2, 0x08, 0xED, 0xD9, 0x0C, 0xBD, 0x3C, 0x12, 0x25, 0x0E, 0x9A, 0xA8, 0x1D, 0x85, 0x9C,
    0x37, 0xF4, 0x6A, 0xD3, 0x05, 0x21, 0xE5, 0x4C, 0xAF, 0xCA, 0x7A, 0xB1, 0x74, 0xA1, 0x53, 0xE6,
    0x4A, 0x64, 0x8A, 0x32, 0xD7, 0x96, 0x0C, 0x50, 0x65, 0xFA, 0x21, 0xCF, 0x04, 0xB5, 0xD1, 0x15,
    0xB9, 0x17, 0x68, 0x22, 0x5D, 0x96, 0x2D, 0x87, 0xBD, 0xAC, 0xE9, 0x4F, 0x1D, 0x4C, 0x0F, 0x74,
    0xD1, 0x9A, 0x8F, 0x81, 0xF9, 0xB7, 0xFA, 0x99, 0x02, 0xA7, 0xAF, 0xFD, 0x1B, 0x04, 0xF8, 0x5F,
    0xBA, 0x78, 0x9C, 0xFB, 0xF6, 0x1F, 0x0C, 0xF2, 0xBF, 0x11, 0xA0, 0x01, 0xFD, 0x0A, 0x24, 0xDC,
    0x78, 0x9C, 0x63, 0x60, 0x68, 0xFC, 0x7B, 0x5F, 0x93, 0x81, 0x81, 0x21, 0xE1, 0x3F, 0x10, 0xB0,
    0x33, 0x30, 0x7C, 0x03, 0xD1, 0xF5, 0x0C, 0x02, 0xFF, 0xC1, 0x80, 0x79, 0xC2, 0xFF, 0xFF, 0x62,
    0x81, 0xFF, 0xFE, 0x73, 0x3D, 0xF8, 0xEF, 0xCF, 0xC0, 0xF0, 0xF9, 0x3F, 0xFF, 0xC7, 0xFF, 0xBC,
    0x0C, 0x0C, 0x07, 0xFE, 0xEB, 0x7F, 0xFA, 0xCF, 0xCD, 0xC0, 0xB0, 0xE0, 0xBF, 0x3D, 0x8C, 0x0F,
    0x93, 0x87, 0xA9, 0x57, 0x80, 0xEA, 0x87, 0x99, 0x07, 0x37, 0x1F, 0x6A, 0x1F, 0x00, 0xE0, 0x09,
    0x42, 0xE5, 0x78, 0x9C, 0x63, 0x60, 0x60, 0x60, 0xD8, 0xF0, 0xFF, 0x3F, 0x37, 0x03, 0x14, 0x50,
    0x9B, 0xFD, 0xE3, 0x3F, 0x1C, 0xF4, 0x53, 0xC2, 0xA6, 0xD4, 0x3D, 0x84, 0x00, 0xB5, 0xDC, 0x09,
    0x00, 0xFB, 0xF6, 0xAD, 0x42, 0x78, 0x9C, 0x63, 0x60, 0x98, 0xF2, 0xE6, 0x7D, 0x0F, 0x13, 0x03,
    0x03, 0xC3, 0xE1, 0xFF, 0x40, 0xD0, 0xCF, 0xC0, 0x90, 0xF0, 0x1F, 0x0C, 0xB8, 0x18, 0xBE, 0x40,
    0x18, 0xF1, 0x0C, 0x13, 0xFE, 0xCF, 0x67, 0x6A, 0xFA, 0xFF, 0x7F, 0x3F, 0x03, 0xC3, 0x77, 0x56,
    0x06, 0x86, 0x9F, 0xFF, 0xFF, 0x33, 0x30, 0x28, 0x00, 0x35, 0x7C, 0xFE, 0xFF, 0x9F, 0x91, 0x01,
    0x04, 0x3E, 0x81, 0x44, 0x40, 0xE0, 0xEB, 0xFF, 0xFB, 0x10, 0xC6, 0xDF, 0xFF, 0xF5, 0x60, 0x7A,
    0xC2, 0xFF, 0xFF, 0x72, 0x60, 0xC6, 0xF7, 0xFF, 0xFF, 0x59, 0x40, 0x74, 0xC3, 0xFF, 0xFF, 0xF9,
    0x60, 0x01, 0xA0, 0x29, 0xEC, 0x20, 0x7A, 0x23, 0xD8, 0x4E, 0xA0, 0x81, 0x7F, 0xA1, 0x02, 0x4F,
    0x20, 0xB6, 0xF2, 0x40, 0x9D, 0xF1, 0x9F, 0xA7, 0xE1, 0x3F, 0xBA, 0x48, 0x00, 0x8C, 0x01, 0x00,
    0x4B, 0x3D, 0x61, 0x2D, 0x78, 0x9C, 0x2D, 0x8E, 0xC1, 0x09, 0xC2, 0x50, 0x10, 0x05, 0x5F, 0x4C,
    0x54, 0x30, 0x10, 0x72, 0xD0, 0xAB, 0xA4, 0x14, 0x6D, 0x40, 0xC5, 0x0A, 0xAC, 0xC1, 0x06, 0x3C,
    0x58, 0x80, 0x82, 0x0D, 0xA4, 0x81, 0x90, 0x12, 0x04, 0x1B, 0xB0, 0x01, 0x21, 0x0D, 0x08, 0x41,
    0x82, 0x41, 0x10, 0x19, 0xF7, 0xFF, 0xE4, 0x5D, 0x66, 0x58, 0xDE, 0xB2, 0x2B, 0xED, 0x9F, 0x14,
    0x91, 0xA4, 0x33, 0x96, 0x7B, 0xA0, 0xF4, 0xE7, 0x84, 0xB9, 0x76, 0x9E, 0x94, 0xD2, 0xBB, 0x9A,
    0x2D, 0x6D, 0x2A, 0x2D, 0x26, 0x52, 0x03, 0x03, 0xB9, 0xBC, 0x20, 0xF0, 0xD2, 0x52, 0x39, 0xA4,
    0x17, 0x58, 0x3B, 0xF9, 0x40, 0x1D, 0xF5, 0x72, 0x0A, 0x7A, 0x61, 0xE5, 0xBB, 0xDB, 0x2F, 0x84,
    0xDE, 0x72, 0x88, 0x95, 0x99, 0xD8, 0x9D, 0x44, 0xED, 0xD8, 0x7F, 0x90, 0xE4, 0x5C, 0xA7, 0x99,
    0xD5, 0xE3, 0xA6, 0xBB, 0x4E, 0xB8, 0xE9, 0x78, 0x90, 0x6E, 0x8E, 0xF5, 0xD0, 0x56, 0x8E, 0x0F,
    0x8A, 0x91, 0xF4, 0x07, 0x3D, 0xC9, 0x5B, 0x8C, 0x78, 0x9C, 0x63, 0x60, 0x60, 0x58, 0xC0, 0xC2,
    0x00, 0x02, 0xDF, 0xFD, 0x41, 0x64, 0xC0, 0xFF, 0xFF, 0x20, 0xEE, 0xA7, 0xFF, 0xFF, 0x81, 0x5C,
    0x81, 0xBF, 0xFF, 0x41, 0xDC, 0x03, 0xFF, 0xC1, 0xD4, 0x4F, 0x20, 0xA9, 0xC7, 0x90, 0x00, 0x24,
    0xEF, 0x33, 0x32, 0x7C, 0x01, 0x52, 0xDC, 0x0C, 0x0C, 0xBF, 0xFE, 0xFF, 0x5F, 0x0F, 0x54, 0xBE,
    0xE1, 0xFF, 0x7F, 0x0E, 0x90, 0xEE, 0xDF, 0xF9, 0x60, 0xA3, 0x36, 0x80, 0x4D, 0x04, 0x00, 0xAB,
    0x66, 0x25, 0x22, 0x78, 0x9C, 0xFB, 0xF3, 0xFF, 0x7F, 0x3F, 0x03, 0x03, 0x83, 0xC1, 0xFF, 0xFF,
    0xFF, 0xF5, 0x19, 0x18, 0xFE, 0xE0, 0xE2, 0xC9, 0xA3, 0xF0, 0xF8, 0xC9, 0xE4, 0xF1, 0xE1, 0xE1,
    0xF1, 0xE2, 0xE1, 0xF1, 0x10, 0xCD, 0xE3, 0x06, 0xF3, 0xE6, 0x03, 0x79, 0x0B, 0xE0, 0xBC, 0xF3,
    0x40, 0xDE, 0x67, 0x38, 0xEF, 0x3F, 0x13, 0x83, 0xC0, 0x5F, 0x04, 0xCF, 0x57, 0xE0, 0x19, 0x90,
    0xFC, 0x2F, 0x07, 0xE1, 0x41, 0xC1, 0xFB, 0x68, 0x38, 0xEF, 0xDF, 0x7F, 0x90, 0xE1, 0x50, 0xDE,
    0xFB, 0x4F, 0x40, 0x62, 0x3F, 0x8C, 0xE7, 0x0F, 0xB2, 0xE2, 0x3D, 0x8C, 0xC7, 0x0A, 0x36, 0x15,
    0xC4, 0xF3, 0x7F, 0xFD, 0x5E, 0x93, 0x81, 0x61, 0x21, 0x50, 0x8E, 0xE9, 0x0F, 0x38, 0x1C, 0x41,
    0x40, 0xC1, 0x98, 0x91, 0x01, 0xC1, 0x03, 0x01, 0x0C, 0x9E, 0x3D, 0x0A, 0xCF, 0x1F, 0x0F, 0x2F,
    0x1E, 0x85, 0x97, 0x8F, 0xC2, 0xAB, 0x47, 0xE1, 0xF5, 0x23, 0x78, 0x00, 0xC7, 0x52, 0xEC, 0x92,
    0x78, 0x9C, 0x63, 0x60, 0x60, 0x08, 0x38, 0xF9, 0xEF, 0x3F, 0xDB, 0x87, 0xFF, 0xFF, 0xFF, 0xB3,
    0x30, 0x30, 0x4C, 0x00, 0x52, 0x30, 0x8E, 0xC1, 0x3F, 0x24, 0xCE, 0xA3, 0xFF, 0x48, 0x9C, 0xBF,
    0x48, 0x9C, 0x84, 0xFF, 0x48, 0x9C, 0x07, 0xC8, 0x9C, 0x4F, 0xC8, 0x9C, 0x6F, 0xC8, 0x9C, 0x1F,
    0xC8, 0x9C, 0x9F, 0x38, 0x65, 0xBE, 0xE3, 0x34, 0x00, 0xC5, 0xE8, 0x0B, 0xC8, 0x9C, 0x02, 0x64,
    0x0E, 0xC3, 0x3F, 0x64, 0xCE, 0x17, 0x64, 0x4E, 0x00, 0x32, 0x87, 0xE1, 0x31, 0x32, 0x87, 0xE1,
    0x39, 0x32, 0x87, 0xA1, 0x78, 0xE5, 0x69, 0x16, 0x38, 0x07, 0x04, 0x86, 0x16, 0x07, 0x00, 0x57,
    0x4C, 0x18, 0xD3, 0x78, 0x9C, 0x63, 0x28, 0xF8, 0x73, 0x9E, 0x9D, 0x41, 0xE0, 0xEF, 0xFF, 0xFF,
    0xF7, 0x19, 0x0F, 0xFC, 0x07, 0x02, 0x9E, 0x2F, 0x20, 0xD2, 0xFF, 0x27, 0x88, 0x9C, 0xFF, 0x07,
    0x44, 0x9E, 0x87, 0x90, 0xBF, 0xC0, 0x22, 0x5F, 0x41, 0x64, 0x3C, 0x44, 0x25, 0x44, 0x17, 0x43,
    0xC1, 0xDF, 0xFB, 0xEC, 0x0C, 0x00, 0xE9, 0x7F, 0x37, 0x42, 0x78, 0x9C, 0x63, 0x10, 0xF8, 0xFF,
    0x9F, 0x85, 0x81, 0xA1, 0xE0, 0xFF, 0x7B, 0x06, 0x06, 0x86, 0x07, 0xFF, 0xFB, 0x81, 0xE4, 0x97,
    0xFF, 0xFA, 0x40, 0xF2, 0xF7, 0xFF, 0xFB, 0xEC, 0x0C, 0x0A, 0xFF, 0xFF, 0xFF, 0xBF, 0xCF, 0xC0,
    0x10, 0xF4, 0xEB, 0xFF, 0x7F, 0x76, 0x06, 0x86, 0x05, 0xFF, 0xFF, 0x73, 0x83, 0x49, 0x2E, 0x01,
    0x90, 0x08, 0xEB, 0x4F, 0xA0, 0xEC, 0x7A, 0x86, 0x6F, 0x40, 0x25, 0x6C, 0x0C, 0x9F, 0xCF, 0x55,
    0x31, 0x33, 0x30, 0x00, 0x00, 0x8C, 0xE9, 0x26, 0x9A, 0x78, 0x9C, 0x63, 0x60, 0x60, 0x78, 0xFA,
    0xFF, 0x3C, 0x03, 0x10, 0x28, 0x5C, 0xFB, 0x0F, 0x66, 0x6C, 0xF8, 0xF7, 0x1F, 0xC2, 0xF8, 0xF8,
    0x1F, 0x27, 0x03, 0x08, 0x7E, 0x51, 0x95, 0xF1, 0xFB, 0x3F, 0x04, 0xF0, 0x13, 0xC3, 0x00, 0x00,
    0x56, 0x6B, 0x5E, 0x3C, 0x78, 0x9C, 0x63, 0x60, 0x30, 0xB8, 0xF9, 0x7F, 0x2E, 0x33, 0x03, 0x10,
    0xFC, 0xFA, 0xFF, 0xFF, 0xFF, 0x7A, 0x20, 0x7D, 0xE0, 0x3F, 0x08, 0xF0, 0x40, 0x04, 0x40, 0x42,
    0x0E, 0xFF, 0xFF, 0xD7, 0x0B, 0x7E, 0xFF, 0xFF, 0x9F, 0x65, 0xC3, 0xFF, 0xFF, 0x5C, 0x0C, 0x0B,
    0xFE, 0xFF, 0xE7, 0xFE, 0x00, 0xE4, 0x80, 0x84, 0xF9, 0x3F, 0xFF, 0xFF, 0xCF, 0xC8, 0x20, 0xF0,
    0xFF, 0xBF, 0xFD, 0x97, 0xFF, 0xFF, 0x81, 0x5A, 0xFF, 0xFF, 0xF7, 0x87, 0x33, 0xE0, 0x52, 0x1F,
    0xA1, 0x8A, 0xE5, 0x0F, 0x40, 0xB5, 0xF3, 0x04, 0x40, 0x0D, 0x64, 0x65, 0xF8, 0x0D, 0xB6, 0x62,
    0x3F, 0x03, 0xC3, 0x45, 0x30, 0x43, 0x16, 0xC9, 0x19, 0x30, 0x87, 0x01, 0x00, 0xDE, 0x9A, 0x5D,
    0xA3, 0x78, 0x9C, 0x63, 0x58, 0xCE, 0x00, 0x02, 0x0E, 0x32, 0x20, 0xB2, 0xE1, 0x3F, 0x37, 0x88,
    0xFA, 0x7A, 0x9F, 0x09, 0x48, 0xFE, 0xFA, 0x7F, 0x9E, 0x91, 0x81, 0x21, 0xE1, 0xFF, 0x7F, 0x3B,
    0x20, 0xE7, 0xFB, 0xFF, 0xFF, 0xB2, 0x0C, 0x0C, 0x06, 0xFF, 0xFF, 0xFF, 0x67, 0x61, 0x60, 0xD8,
    0xF0, 0xFF, 0xFF, 0x7B, 0x26, 0xB0, 0x58, 0x3C, 0x03, 0x83, 0xC0, 0x3F, 0xB0, 0x8A, 0x03, 0x40,
    0x29, 0x36, 0x06, 0x86, 0x2F, 0x60, 0x15, 0x20, 0xB1, 0x7A, 0x90, 0x71, 0x60, 0x15, 0x5F, 0x81,
    0x14, 0x07, 0x03, 0xC3, 0x9F, 0xFF, 0xFF, 0xD7, 0x33, 0x30, 0x4C, 0x00, 0x72, 0xF8, 0x18, 0x18,
    0x3E, 0x81, 0x39, 0x0C, 0x7F, 0xC1, 0x9C, 0x00, 0x08, 0xE7, 0x13, 0x98, 0x03, 0x14, 0x03, 0x71,
    0x26, 0x60, 0xCA, 0xA0, 0xE8, 0x41, 0x36, 0x0D, 0x6A, 0xCF, 0x17, 0xB0, 0x3D, 0xC8, 0x2E, 0x40,
    0x71, 0x1B, 0x8A, 0xAB, 0x51, 0xFC, 0x83, 0xE2, 0x53, 0x94, 0x30, 0x60, 0x40, 0x0E, 0x1D, 0x00,
    0xCE, 0x9F, 0x87, 0xD7, 0x78, 0x9C, 0x75, 0xD0, 0xDB, 0x09, 0xC2, 0x30, 0x14, 0x06, 0xE0, 0xBF,
    0xDE, 0x90, 0x16, 0xA1, 0x6F, 0x3E, 0x88, 0xE8, 0x02, 0x5E, 0x36, 0xD0, 0x11, 0xDC, 0x40, 0x41,
    0x70, 0x0D, 0x47, 0x50, 0x70, 0x81, 0x3A, 0x41, 0x75, 0x04, 0x27, 0xF0, 0xB2, 0x80, 0xA0, 0x03,
    0x88, 0x20, 0xD4, 0xA2, 0xED, 0xEF, 0x69, 0xAC, 0x4D, 0xFA, 0xE0, 0x79, 0x08, 0xF9, 0xC2, 0xC9,
    0x4F, 0x72, 0x00, 0xAC, 0x49, 0x0B, 0x59, 0xAD, 0x68, 0xF2, 0xC1, 0x8C, 0x5B, 0x2B, 0xC7, 0x77,
    0xD3, 0xA4, 0xC7, 0xB3, 0x65, 0x30, 0x20, 0x6B, 0xDF, 0xDB, 0x09, 0x87, 0x72, 0x5C, 0xD2, 0xBC,
    0x90, 0x03, 0x68, 0x46, 0xBC, 0x15, 0x35, 0x37, 0x64, 0x17, 0x9A, 0xCF, 0x24, 0x37, 0xE3, 0x88,
    0x6C, 0x42, 0xB3, 0x1F, 0xEF, 0x2D, 0x83, 0xB8, 0x38, 0x30, 0xE9, 0x22, 0x47, 0xFC, 0xE1, 0xB7,
    0x8E, 0xF5, 0x1C, 0x03, 0xDA, 0xBF, 0x6D, 0xD2, 0x1B, 0xB3, 0x9A, 0xCA, 0xEB, 0x00, 0x13, 0x1D,
    0xF0, 0xBA, 0x15, 0x70, 0xA0, 0x9F, 0x6A, 0x47, 0x96, 0x25, 0xBE, 0x37, 0x9D, 0x55, 0x44, 0x6E,
    0xC4, 0x85, 0x74, 0xD0, 0x09, 0xD9, 0x12, 0x9E, 0x48, 0x07, 0x6D, 0x99, 0x84, 0x62, 0x3B, 0xE6,
    0x19, 0x58, 0xCA, 0xA2, 0x78, 0x55, 0xDF, 0xBE, 0x73, 0xAC, 0x98, 0x0E, 0x2C, 0xA0, 0x2A, 0xFF,
    0x40, 0xCE, 0x25, 0x20, 0x4C, 0x29, 0xB9, 0xB6, 0x41, 0x1C, 0xF7, 0xBF, 0xA7, 0xAA, 0x28, 0xB7,
    0x91, 0xA3, 0xAE, 0x84, 0x1F, 0x57, 0x34, 0xAC, 0xAC, 0x78, 0x9C, 0x75, 0xD1, 0x4D, 0x0E, 0x01,
    0x31, 0x14, 0x07, 0xF0, 0x7F, 0x7D, 0x25, 0x4C, 0x24, 0xB3, 0x17, 0x89, 0xA5, 0x0D, 0x71, 0x03,
    0x6E, 0xC0, 0x11, 0xDC, 0x80, 0x1B, 0x38, 0x82, 0x85, 0x0B, 0x70, 0x03, 0x16, 0xD6, 0xE2, 0x04,
    0xBE, 0x0E, 0x30, 0xC9, 0x38, 0x80, 0x08, 0x41, 0xC2, 0xF8, 0x9B, 0xBE, 0x9A, 0x69, 0x2D, 0xBC,
    0x55, 0x7F, 0x6D, 0xDF, 0xEB, 0x6B, 0x0B, 0x60, 0x46, 0x2A, 0xA4, 0x31, 0xA1, 0xCB, 0x2B, 0x53,
    0x2E, 0xD4, 0x0F, 0x5F, 0x55, 0x97, 0x53, 0x06, 0xCA, 0xE1, 0x9D, 0x2C, 0x9B, 0x6C, 0xCD, 0x4E,
    0x3C, 0x9D, 0xB3, 0x0C, 0xC9, 0x36, 0x2C, 0x23, 0x9E, 0xB2, 0x96, 0x73, 0xB2, 0x09, 0xCB, 0x87,
    0xAE, 0x9B, 0xB2, 0x47, 0x56, 0x61, 0xD9, 0x7A, 0x6F, 0x94, 0x43, 0x84, 0x1E, 0x5C, 0xFA, 0xF8,
    0x21, 0xFE, 0xD0, 0xC4, 0x32, 0x0A, 0xEA, 0x56, 0x07, 0x7D, 0x93, 0x82, 0x19, 0x2B, 0xF4, 0xB5,
    0xD8, 0x15, 0x4D, 0x1B, 0x18, 0x0A, 0x37, 0xC2, 0xE7, 0x29, 0x83, 0xDB, 0xC0, 0x7F, 0x92, 0x5A,
    0x6B, 0x32, 0x8F, 0x4E, 0x0E, 0x67, 0x32, 0x13, 0x9F, 0x1F, 0x71, 0x2C, 0x9B, 0xCE, 0xB2, 0xBA,
    0x27, 0x4D, 0x7F, 0x77, 0xAE, 0x80, 0xDA, 0x9B, 0x81, 0xA8, 0x25, 0xAF, 0x71, 0x4C, 0xAE, 0x7D,
    0xD1, 0xE7, 0x26, 0x0F, 0xA6, 0x07, 0x71, 0x89, 0x2D, 0x39, 0xFA, 0x66, 0xB2, 0x28, 0x75, 0x4B,
    0xF2, 0x21, 0xD2, 0x87, 0x87, 0x9D, 0xB4, 0x12, 0x17, 0x34, 0xF4, 0x2B, 0xDF, 0x4C, 0x43, 0x13,
    0x09, 0x3F, 0x62, 0x05, 0xB5, 0xD5, 0x78, 0x9C, 0x55, 0x90, 0x3D, 0x4E, 0xC3, 0x50, 0x10, 0x84,
    0xC7, 0x71, 0x8C, 0x48, 0x20, 0xE0, 0x86, 0x9A, 0x1C, 0x21, 0xE2, 0x02, 0xA1, 0x45, 0x42, 0xF2,
    0x11, 0x80, 0x26, 0xB5, 0x45, 0x8F, 0x40, 0x5C, 0x00, 0x5F, 0x00, 0x01, 0x27, 0xC0, 0xE2, 0x02,
    0x11, 0xA2, 0x47, 0xE2, 0x06, 0xA4, 0x4E, 0x11, 0x09, 0x19, 0x14, 0x27, 0x81, 0x61, 0xF6, 0x3D,
    0xDB, 0x84, 0x69, 0xF6, 0x7D, 0x4F, 0xBB, 0xB3, 0x3F, 0x38, 0x9B, 0xF2, 0xB6, 0x85, 0x5A, 0x57,
    0x94, 0x6E, 0xFC, 0xFB, 0x08, 0x28, 0x0C, 0xB9, 0x61, 0x94, 0xB2, 0x8D, 0xCC, 0x61, 0xCF, 0xB0,
    0xE0, 0x09, 0xF0, 0xDA, 0x7E, 0x20, 0x77, 0x45, 0x7D, 0x7D, 0x87, 0x08, 0x70, 0x48, 0xEE, 0x08,
    0xDF, 0xC8, 0x3B, 0x4B, 0x7A, 0x21, 0x37, 0x15, 0x96, 0x3E, 0x14, 0xFE, 0x57, 0x2D, 0x2E, 0xBD,
    0x03, 0x8F, 0x15, 0x3E, 0x2B, 0x7F, 0x6B, 0xD5, 0xC1, 0x80, 0xE6, 0x6B, 0x3A, 0x27, 0x13, 0x4C,
    0xA8, 0xAE, 0x52, 0x08, 0x2C, 0x34, 0x56, 0xCE, 0xA1, 0xD1, 0xE9, 0x78, 0x6F, 0xF0, 0x63, 0x53,
    0x4E, 0x43, 0xC3, 0x89, 0x9B, 0x2A, 0x01, 0x62, 0x57, 0x58, 0x3A, 0xDC, 0xAA, 0x37, 0x7A, 0x32,
    0x7A, 0x6C, 0x16, 0xC4, 0xB5, 0xF6, 0x55, 0x59, 0x7C, 0x11, 0x60, 0x4D, 0xE9, 0x5F, 0x8A, 0xB9,
    0xBC, 0xD7, 0x37, 0xD0, 0x7C, 0x11, 0xF0, 0xC5, 0xFD, 0x26, 0x4F, 0xB3, 0x7F, 0xB3, 0x5B, 0xE1,
    0x5C, 0x65, 0xDA, 0xF9, 0x60, 0x34, 0x32, 0xCA, 0xEC, 0x36, 0x39, 0xC7, 0x8A, 0x66, 0xBE, 0xE0,
    0xAC, 0x85, 0x0F, 0x26, 0x1E, 0x73, 0x37, 0x62, 0xC9, 0x9E, 0xC7, 0x95, 0xAD, 0x1D, 0x93, 0x91,
    0xC3, 0x67, 0x77, 0x9A, 0x94, 0x5E, 0xDD, 0x39, 0xB9, 0x8D, 0xEA, 0xDA, 0xC2, 0x7B, 0xCE, 0x82,
    0x35, 0x44, 0x39, 0xAC, 0xDA, 0x7B, 0xAB, 0x2C, 0xFA, 0x87, 0x8D, 0x1C, 0xFE, 0x02, 0xE2, 0x0E,
    0xBA, 0x32, 0x78, 0x9C, 0x63, 0x60, 0x60, 0x60, 0xB8, 0xF1, 0xDE, 0x8A, 0x01, 0x02, 0x2E, 0xFE,
    0xFF, 0xFF, 0x9F, 0x15, 0xC2, 0xFC, 0x05, 0x64, 0xCA, 0x83, 0x59, 0x02, 0x40, 0xD6, 0xFF, 0x7A,
    0x30, 0xD3, 0x01, 0xC4, 0x5C, 0x8F, 0xCE, 0x04, 0x2B, 0xE8, 0x87, 0x68, 0xFB, 0x0D, 0x64, 0xEA,
    0x63, 0x18, 0x26, 0x70, 0xE3, 0xBD, 0x35, 0x03, 0x91, 0x00, 0x64, 0x30, 0x23, 0x84, 0x99, 0x00,
    0x64, 0x32, 0x41, 0x98, 0x1B, 0x80, 0x4C, 0xA8, 0x82, 0x2F, 0xFF, 0xFF, 0xEF, 0x87, 0xB0, 0x14,
    0xFE, 0xFD, 0xFF, 0x6F, 0x0F, 0x61, 0x3E, 0x06, 0xCA, 0x73, 0x80, 0x59, 0x06, 0x40, 0xC1, 0xF9,
    0x70, 0x95, 0x30, 0x41, 0xB8, 0x17, 0x18, 0x2E, 0x00, 0x99, 0xEC, 0x10, 0xE6, 0x57, 0x98, 0x0F,
    0xC0, 0xDE, 0xF5, 0x87, 0x32, 0xFF, 0xA0, 0x30, 0x41, 0x0A, 0x2E, 0xCB, 0x40, 0xC2, 0xC3, 0x4A,
    0x60, 0xF2, 0xFF, 0xFB, 0x4C, 0x0C, 0xDF, 0xFE, 0x43, 0x81, 0x1D, 0xC3, 0x47, 0x18, 0xF3, 0x3C,
    0xD8, 0xB1, 0x60, 0x20, 0xCB, 0xC0, 0xF0, 0x1D, 0xC2, 0x5A, 0x0F, 0xF4, 0x87, 0xC1, 0x1F, 0x10,
    0xEB, 0x3D, 0x38, 0x20, 0x0C, 0x76, 0xFC, 0xFB, 0x3F, 0x17, 0xC4, 0x02, 0x00, 0x6F, 0xEA, 0x8D,
    0x90, 0x78, 0x9C, 0x75, 0x91, 0xC1, 0x6D, 0xC2, 0x40, 0x10, 0x45, 0x37, 0x46, 0xC8, 0x80, 0x02,
    0xA2, 0x00, 0x84, 0xE9, 0x84, 0x06, 0x90, 0x92, 0x0E, 0xAC, 0x54, 0x60, 0x3A, 0x31, 0x17, 0xCE,
    0xA6, 0x03, 0xE8, 0xC0, 0x28, 0x0D, 0xC0, 0x91, 0x1B, 0x74, 0x80, 0xAC, 0x10, 0x48, 0x08, 0xC9,
    0x67, 0x66, 0x76, 0x67, 0xBD, 0x1C, 0xF2, 0x25, 0x5B, 0x7A, 0x92, 0x3D, 0x7F, 0xDF, 0xAC, 0x31,
    0x94, 0x55, 0xC3, 0x84, 0xB9, 0xA6, 0x21, 0x4D, 0x81, 0x56, 0x80, 0x27, 0x60, 0x59, 0x53, 0xFF,
    0x0F, 0xC0, 0xA0, 0xE6, 0x0B, 0xE1, 0x31, 0xF2, 0x38, 0xBA, 0x11, 0xBF, 0x3C, 0xCC, 0xC2, 0x26,
    0x18, 0xF6, 0x0E, 0x0C, 0xC3, 0xAE, 0x0B, 0xA2, 0x10, 0x47, 0x13, 0xF3, 0x6F, 0xBE, 0x69, 0x54,
    0x5E, 0xE3, 0x2F, 0xE1, 0xBE, 0xFE, 0x11, 0x1C, 0x3F, 0x6B, 0x2A, 0x18, 0x2B, 0xAE, 0x05, 0x9F,
    0x15, 0x2B, 0x80, 0x2C, 0x12, 0xC5, 0x33, 0xB0, 0x03, 0x32, 0xC5, 0x1F, 0x60, 0x0E, 0x94, 0x8A,
    0xF4, 0xE3, 0x1B, 0x3D, 0x8E, 0x5E, 0xA9, 0x94, 0xBB, 0x9A, 0x16, 0x17, 0x40, 0x61, 0x68, 0x56,
    0xC7, 0xE2, 0x01, 0x48, 0xCD, 0x15, 0xE8, 0x59, 0x3C, 0x71, 0x09, 0x4D, 0x1F, 0x5B, 0xFC, 0x02,
    0xBA, 0xDC, 0x9D, 0x7B, 0x81, 0xB6, 0xD9, 0xAA, 0x84, 0x1D, 0x3A, 0x53, 0x09, 0x16, 0x78, 0xE2,
    0x36, 0x2B, 0xB1, 0x96, 0xCF, 0xFA, 0x2A, 0x51, 0x71, 0xAD, 0x4C, 0x48, 0x9C, 0x80, 0x4B, 0xE6,
    0x04, 0x5C, 0x4A, 0x27, 0xA0, 0xB1, 0x02, 0x3E, 0x4D, 0x11, 0xF0, 0xE9, 0x88, 0x80, 0x0F, 0x49,
    0x7C, 0xB8, 0xD3, 0x71, 0xF1, 0x58, 0x04, 0x0A, 0x3D, 0x7A, 0x2E, 0xEF, 0x54, 0x6F, 0x66, 0x2F,
    0x02, 0x76, 0xA5, 0x9F, 0x2C, 0xC1, 0x02, 0x5D, 0xDD, 0x36, 0x62, 0xBE, 0x81, 0xB6, 0xE0, 0x96,
    0x25, 0x2A, 0xBF, 0x42, 0x36, 0x4E, 0xCE, 0x62, 0xEB, 0xF6, 0x8B, 0xEC, 0x0E, 0xCD, 0xD5, 0x10,
    0xA4, 0x78, 0x9C, 0x75, 0x91, 0xCD, 0x6D, 0xC2, 0x40, 0x10, 0x85, 0x17, 0x24, 0x84, 0x4C, 0x02,
    0x4A, 0x07, 0x76, 0x01, 0x1C, 0xE8, 0x80, 0x12, 0xA0, 0x03, 0x94, 0x0A, 0x9C, 0x0E, 0x48, 0x07,
    0xCE, 0x85, 0x33, 0x74, 0x40, 0x09, 0x06, 0x29, 0x77, 0x38, 0x72, 0x23, 0xA9, 0x20, 0xB2, 0x12,
    0x10, 0x3F, 0x49, 0x1E, 0x33, 0xB3, 0x3B, 0xC3, 0x72, 0xE0, 0x49, 0x58, 0xFA, 0x84, 0xF7, 0xCD,
    0x7E, 0x63, 0xE7, 0x7C, 0x7A, 0x0F, 0x2E, 0xCE, 0x6E, 0x1E, 0xD3, 0x2B, 0xD0, 0x8C, 0xF0, 0x04,
    0x0C, 0xAE, 0xB4, 0x04, 0xF0, 0x55, 0x53, 0xCA, 0xFE, 0x09, 0xC7, 0xF6, 0xE7, 0x0F, 0xD1, 0xAA,
    0x6E, 0xF8, 0x8B, 0x9B, 0xA6, 0x4F, 0xA0, 0x1B, 0xF5, 0x66, 0xD1, 0x41, 0xCE, 0x7B, 0xDD, 0xDD,
    0xCF, 0x91, 0xAA, 0x8A, 0x2B, 0xFE, 0x11, 0x6E, 0xA3, 0x26, 0x8E, 0x1D, 0x7F, 0x11, 0xB4, 0xC1,
    0x0B, 0xC1, 0x47, 0xC5, 0x0A, 0xA0, 0x4B, 0xA7, 0x8A, 0x7B, 0x60, 0x03, 0xE4, 0x8A, 0x67, 0x60,
    0x02, 0x94, 0x8A, 0x74, 0xF0, 0x99, 0x7E, 0x81, 0x86, 0x34, 0x94, 0x67, 0x35, 0x3C, 0xCE, 0x80,
    0xA9, 0xA3, 0xAE, 0x96, 0xC7, 0x0F, 0x60, 0xC4, 0xCB, 0xEA, 0xD8, 0x2E, 0x52, 0x6E, 0xEF, 0x7B,
    0x3C, 0x00, 0x6D, 0x9E, 0x5D, 0x98, 0x40, 0xE2, 0xD6, 0x2A, 0xE1, 0x4B, 0xDF, 0x54, 0x82, 0x05,
    0x6A, 0x3C, 0xCD, 0x4B, 0x2C, 0xE4, 0xB5, 0x27, 0x95, 0xA8, 0x78, 0xAC, 0x34, 0xA4, 0x41, 0x20,
    0x24, 0x0F, 0x02, 0x21, 0x65, 0x10, 0xD0, 0x78, 0x01, 0x4B, 0x43, 0x04, 0x2C, 0x2D, 0x11, 0xB0,
    0x90, 0xC4, 0x77, 0xB8, 0x1D, 0x0F, 0xEE, 0x8B, 0xC0, 0x54, 0xAF, 0x5E, 0xC8, 0x73, 0xA4, 0x5F,
    0x66, 0x2B, 0x02, 0x7E, 0xA5, 0x3B, 0x96, 0x60, 0x81, 0xB6, 0x6E, 0x1B, 0x4D, 0xFE, 0x02, 0x89,
    0xE0, 0x9A, 0x25, 0x2A, 0x5B, 0x21, 0x1B, 0xA7, 0x7B, 0xB1, 0x0D, 0xFB, 0x45, 0x7E, 0x01, 0xB0,
    0x61, 0x10, 0xB3, 0x78, 0x9C, 0x75, 0x92, 0xCB, 0x6D, 0xC2, 0x40, 0x14, 0x45, 0x87, 0x48, 0x06,
    0x05, 0x19, 0x94, 0x0E, 0x9C, 0x42, 0x22, 0xD1, 0x02, 0x1D, 0x10, 0x2A, 0xB0, 0x3B, 0xA0, 0x04,
    0xBC, 0x61, 0x4D, 0x3A, 0x48, 0x09, 0x46, 0xA2, 0x01, 0x96, 0xD9, 0x44, 0xA4, 0x85, 0x51, 0x82,
    0xF9, 0x09, 0x6E, 0xDE, 0x77, 0x92, 0x8D, 0xAF, 0xE4, 0x91, 0x8E, 0x65, 0xCF, 0x7B, 0xE7, 0xCD,
    0x84, 0x40, 0x69, 0x01, 0x94, 0xC1, 0xF3, 0x0C, 0xCE, 0x83, 0xE3, 0x4E, 0x70, 0xE4, 0x78, 0x01,
    0x3E, 0x81, 0x77, 0xA3, 0x57, 0xA0, 0x09, 0x57, 0xA0, 0xAF, 0xF8, 0x0D, 0x3C, 0x86, 0x1A, 0x98,
    0x28, 0xD6, 0x58, 0xD0, 0x7A, 0xA4, 0x77, 0x9A, 0x6D, 0x46, 0xCB, 0xF4, 0x25, 0x74, 0xE4, 0x4C,
    0x75, 0x96, 0x7F, 0x78, 0x23, 0xDC, 0x77, 0x75, 0x55, 0x09, 0x0E, 0x1C, 0x37, 0x82, 0xB9, 0x63,
    0x04, 0xEE, 0x40, 0xE1, 0x48, 0x7E, 0x1F, 0xFF, 0x0C, 0xA9, 0xDF, 0x15, 0xF7, 0x6D, 0xA1, 0x1F,
    0xE7, 0xF4, 0x18, 0x4D, 0xA9, 0x28, 0xD7, 0xCA, 0x14, 0xDF, 0x80, 0x75, 0xA0, 0xBD, 0x86, 0x8A,
    0x5F, 0xC0, 0x8C, 0x47, 0x30, 0x56, 0xFC, 0xE1, 0x22, 0x6D, 0xF2, 0x3D, 0xF1, 0x9C, 0x62, 0x92,
    0xB8, 0xF1, 0x34, 0x76, 0x2E, 0xA1, 0x9B, 0xD6, 0x2E, 0xC1, 0x02, 0x3D, 0xAE, 0xA6, 0x12, 0x1B,
    0xF9, 0xEC, 0xC9, 0x25, 0x22, 0x97, 0x95, 0x1D, 0x0A, 0x13, 0xB0, 0x94, 0x26, 0x60, 0x69, 0x4C,
    0xC0, 0xA3, 0x02, 0x29, 0x99, 0x08, 0xA4, 0x0C, 0x45, 0x20, 0x65, 0x2C, 0x07, 0x26, 0xDD, 0x71,
    0xE1, 0x89, 0x08, 0xAC, 0xBD, 0xF5, 0xA5, 0xAC, 0x33, 0x3F, 0x99, 0xBD, 0x08, 0xE8, 0x48, 0x0F,
    0x2C, 0x51, 0xA5, 0x5B, 0x11, 0x59, 0x82, 0x4F, 0x40, 0xCF, 0x99, 0x2F, 0x4C, 0x1E, 0xD3, 0x08,
    0xD9, 0xB8, 0x68, 0xC5, 0xD6, 0xE6, 0x8B, 0xF2, 0x17, 0xF0, 0x96, 0x18, 0xAC, 0x78, 0x9C, 0x8D,
    0x92, 0x31, 0x4E, 0x02, 0x51, 0x10, 0x86, 0x47, 0xCC, 0x86, 0x80, 0x60, 0xA8, 0x6D, 0xD6, 0x23,
    0x78, 0x01, 0x43, 0x67, 0x43, 0xC3, 0x0D, 0x88, 0x89, 0xFD, 0x6E, 0xC7, 0x31, 0xB0, 0xB1, 0x15,
    0xBD, 0x01, 0x05, 0x3D, 0x1C, 0x81, 0xC4, 0xC6, 0x6E, 0x69, 0xA9, 0xCC, 0x46, 0x25, 0xA0, 0x71,
    0x7F, 0xE7, 0x9F, 0xF7, 0xE6, 0xD9, 0xFA, 0x27, 0xBB, 0xC9, 0xB7, 0xD9, 0x9D, 0x99, 0x6F, 0xDE,
    0x8A, 0x88, 0x2C, 0x9B, 0xC7, 0x96, 0xC8, 0xF4, 0xE6, 0x54, 0x98, 0x27, 0x00, 0x33, 0x19, 0x00,
    0x7D, 0xC3, 0xA3, 0x22, 0xAE, 0x9F, 0x81, 0x33, 0xD2, 0x25, 0x3C, 0x6D, 0x62, 0x99, 0xF0, 0x84,
    0xB8, 0x00, 0x2E, 0x5E, 0x60, 0xDF, 0x33, 0x1B, 0x3E, 0x3E, 0x28, 0x76, 0x0D, 0xAF, 0xEE, 0xA6,
    0x5A, 0x60, 0xF7, 0x36, 0x92, 0xFF, 0xE5, 0x98, 0x0A, 0x59, 0x7E, 0x14, 0xAB, 0x44, 0x61, 0x90,
    0x96, 0x63, 0xF9, 0x37, 0x13, 0xB3, 0x36, 0xEC, 0x39, 0xD6, 0x40, 0x03, 0xE4, 0x8E, 0x7B, 0xE0,
    0x15, 0x28, 0x1C, 0xBF, 0x81, 0x07, 0x60, 0xE5, 0xA8, 0x1F, 0xDE, 0xEA, 0x15, 0x69, 0xAC, 0x4D,
    0xD9, 0x2B, 0x13, 0x5F, 0xCE, 0x5C, 0x1A, 0x37, 0x92, 0x2D, 0x30, 0x91, 0x2F, 0xE0, 0x3C, 0xE0,
    0x07, 0x9B, 0x68, 0xF5, 0x61, 0xC0, 0x03, 0x77, 0x58, 0x27, 0x09, 0x15, 0xE8, 0x70, 0x27, 0x55,
    0x12, 0xC8, 0xE4, 0xDE, 0x25, 0x4A, 0xDB, 0xE1, 0xD8, 0x25, 0xD6, 0xF6, 0xDA, 0xC0, 0x25, 0x6A,
    0xB6, 0xB5, 0x0A, 0x79, 0x14, 0x88, 0x29, 0xA2, 0x40, 0xCC, 0x2A, 0x0A, 0x78, 0x82, 0x40, 0x4A,
    0x16, 0x4E, 0xD7, 0xD3, 0x35, 0x81, 0x14, 0x95, 0x78, 0x8F, 0xD3, 0xB1, 0xF1, 0xD0, 0x04, 0xE6,
    0x3E, 0xFA, 0xCC, 0xEE, 0x13, 0x3F, 0x99, 0xCA, 0x04, 0xC2, 0x4A, 0x3F, 0x29, 0x41, 0x81, 0xBE,
    0x6F, 0x1B, 0x6D, 0x9E, 0x40, 0xC7, 0x70, 0x43, 0x89, 0x3A, 0xAD, 0x90, 0xC6, 0xF9, 0xDE, 0xFF,
    0x18, 0x1B, 0xAF, 0xF8, 0x05, 0x52, 0xA0, 0x27, 0x8C, 0x78, 0x9C, 0x8D, 0x92, 0xCB, 0x6D, 0xC2,
    0x50, 0x10, 0x45, 0x07, 0x24, 0x30, 0xA0, 0xF0, 0xE9, 0x00, 0x3A, 0xA0, 0x04, 0x5A, 0xA0, 0x03,
    0x94, 0x02, 0x22, 0x53, 0x02, 0x1D, 0x98, 0x0D, 0x6B, 0xE8, 0x04, 0x97, 0xC0, 0x0A, 0xB1, 0x33,
    0x25, 0x60, 0x92, 0x58, 0x09, 0xC8, 0x5C, 0xE6, 0xF3, 0xE6, 0xAD, 0x58, 0x70, 0x25, 0x9E, 0x7C,
    0x04, 0x33, 0xF3, 0xCE, 0x18, 0x22, 0x5A, 0xD6, 0x5F, 0x44, 0x74, 0x2C, 0x12, 0xD2, 0xFC, 0x03,
    0x1D, 0x5A, 0x01, 0x5B, 0xA5, 0x11, 0x80, 0x21, 0x5D, 0xF8, 0x6C, 0x08, 0x4E, 0xF8, 0x61, 0x4A,
    0x57, 0x3E, 0x9B, 0x2F, 0xBE, 0x95, 0xDA, 0x44, 0x6A, 0x33, 0x6B, 0xE5, 0x9D, 0xDB, 0xF4, 0x56,
    0xB8, 0xDA, 0x2B, 0x25, 0x35, 0x63, 0x11, 0x49, 0x26, 0x87, 0xA9, 0xDA, 0x5A, 0x31, 0x71, 0xCC,
    0x15, 0x3F, 0x1C, 0x4B, 0xE0, 0x01, 0x8C, 0x1D, 0x2B, 0xE0, 0x04, 0xA4, 0x8E, 0x77, 0x60, 0x03,
    0xEC, 0x1D, 0xB9, 0xF0, 0x93, 0x3F, 0x81, 0xE6, 0x3C, 0x54, 0x66, 0xB5, 0x0C, 0x77, 0xB2, 0x08,
    0xEE, 0xD5, 0x33, 0x3C, 0x03, 0x0B, 0xBA, 0x01, 0x03, 0xC3, 0x1F, 0x19, 0xC2, 0xDD, 0x67, 0x86,
    0x7F, 0x40, 0x5F, 0x66, 0x67, 0x51, 0xA0, 0x4B, 0x07, 0x97, 0xB0, 0xA6, 0x6B, 0x97, 0x58, 0xEA,
    0xD2, 0xE6, 0x2E, 0x91, 0xEB, 0xCF, 0x46, 0x2E, 0x51, 0xDA, 0xFE, 0xEB, 0x20, 0x51, 0xC1, 0x93,
    0x06, 0x81, 0x90, 0x7D, 0x10, 0xF0, 0x98, 0x40, 0x4C, 0x4B, 0x05, 0x62, 0x7A, 0x2A, 0x10, 0xC3,
    0x12, 0xDF, 0xE1, 0x76, 0x32, 0x78, 0xA6, 0x02, 0x5B, 0xBF, 0x7A, 0xA6, 0xE7, 0xC2, 0xDF, 0x4C,
    0xA1, 0x02, 0xB6, 0xD2, 0x5F, 0x91, 0x10, 0x81, 0xBE, 0x6F, 0x1B, 0x89, 0xBC, 0x81, 0xAE, 0xE2,
    0x41, 0x24, 0xCA, 0xB8, 0x42, 0x31, 0x1E, 0x57, 0xF1, 0x2F, 0x22, 0xD7, 0x4B, 0x9F, 0xB5, 0x20,
    0x1A, 0x32, 0x78, 0x9C, 0x7D, 0x92, 0xCD, 0x09, 0xC2, 0x40, 0x10, 0x46, 0x57, 0x41, 0x42, 0xC4,
    0x68, 0xAC, 0x20, 0x76, 0x62, 0x09, 0xDA, 0x41, 0xB0, 0x82, 0xD8, 0x49, 0xBC, 0x78, 0x94, 0xD8,
    0x81, 0x25, 0x68, 0x09, 0x39, 0xEA, 0x49, 0x4B, 0x30, 0xF8, 0x83, 0x46, 0xF4, 0x73, 0x67, 0xB2,
    0x33, 0x62, 0x40, 0x3F, 0x48, 0xE0, 0x91, 0xDD, 0x99, 0x79, 0xBB, 0x31, 0xC6, 0x66, 0xB0, 0xC3,
    0xA2, 0x61, 0x34, 0x67, 0x00, 0x23, 0xA5, 0x10, 0x14, 0xFD, 0x3C, 0xC5, 0xAA, 0x5F, 0xC2, 0x13,
    0x5C, 0xA2, 0x67, 0x8E, 0x68, 0xFF, 0xC0, 0xDA, 0xE2, 0x5A, 0xA9, 0x5A, 0x23, 0x13, 0x7E, 0x8F,
    0xF1, 0x3F, 0x77, 0xBB, 0x37, 0xFD, 0xE0, 0xD3, 0xE2, 0x5E, 0x69, 0xC0, 0x8D, 0x9A, 0x9F, 0x31,
    0x28, 0x3A, 0xC6, 0x86, 0xB1, 0x23, 0x58, 0x00, 0x2F, 0x20, 0x12, 0xBC, 0x02, 0x5B, 0x20, 0x11,
    0x7C, 0x00, 0x73, 0x60, 0x2D, 0x68, 0x37, 0x4E, 0xEC, 0xE3, 0x68, 0x6C, 0x9B, 0x52, 0xAF, 0x96,
    0xD8, 0x23, 0x33, 0xB6, 0x96, 0xF3, 0x3F, 0x00, 0xB1, 0x29, 0x81, 0xAE, 0xDA, 0x46, 0x54, 0x7D,
    0x58, 0xE1, 0x0D, 0x08, 0xA8, 0x77, 0xAA, 0x02, 0xBE, 0xC9, 0x45, 0xA2, 0x2A, 0x3A, 0x13, 0x89,
    0x29, 0x1F, 0xDB, 0x58, 0x24, 0x36, 0xBC, 0x2C, 0x14, 0x89, 0x82, 0xDA, 0x72, 0x85, 0xC8, 0x09,
    0xB8, 0x24, 0x4E, 0xC0, 0x65, 0xED, 0x04, 0x24, 0x95, 0x80, 0xA6, 0xC5, 0x02, 0x9A, 0x36, 0x0B,
    0x68, 0xAC, 0xC4, 0xC9, 0x4D, 0x47, 0x8D, 0x87, 0x2C, 0x90, 0xC9, 0xE8, 0x29, 0xBF, 0x63, 0xB9,
    0x99, 0x3D, 0x0B, 0x54, 0x47, 0x7A, 0x21, 0x09, 0x12, 0x08, 0xE4, 0xB4, 0xE1, 0xD1, 0x0D, 0xF8,
    0x8C, 0x39, 0x49, 0x14, 0x7A, 0x84, 0x64, 0x1C, 0x5D, 0xF5, 0x27, 0xA1, 0xF1, 0x92, 0x37, 0x58,
    0x55, 0x18, 0xEF, 0x78, 0x9C, 0x5D, 0xCF, 0xC1, 0x0D, 0x82, 0x60, 0x10, 0x84, 0xD1, 0x8D, 0x9A,
    0xA0, 0x89, 0x11, 0x3A, 0xA0, 0x14, 0x5B, 0xA0, 0x03, 0xEC, 0x88, 0x12, 0xB4, 0x03, 0xED, 0xC8,
    0x12, 0xC0, 0x83, 0x12, 0x25, 0x71, 0x99, 0x21, 0x3F, 0x61, 0xD8, 0x3D, 0x00, 0xEF, 0xF2, 0xED,
    0x62, 0x86, 0xB9, 0xF8, 0x3C, 0x3B, 0xD2, 0x1E, 0xC1, 0xAF, 0xE0, 0x4F, 0xF0, 0xB0, 0x76, 0x81,
    0x8F, 0xBF, 0x98, 0xF9, 0xAF, 0x7B, 0x6E, 0x69, 0x90, 0x6F, 0x7B, 0x31, 0xF2, 0x57, 0x35, 0xF2,
    0xB5, 0x1A, 0xF9, 0x52, 0xCC, 0xFC, 0x51, 0xCC, 0xFC, 0x5E, 0xCC, 0xEB, 0xB7, 0xFD, 0xB4, 0x3E,
    0x4F, 0xF9, 0xD6, 0xC4, 0xC8, 0xDF, 0xD5, 0xC8, 0xD7, 0x6A, 0xBC, 0x4B, 0x71, 0xC5, 0x75, 0x62,
    0xE6, 0x33, 0x5B, 0xF6, 0x75, 0xF3, 0xBF, 0x27, 0xBF, 0x83, 0x87, 0x60, 0x5F, 0xBB, 0x0A, 0xBE,
    0x05, 0x77, 0xD3, 0xBA, 0x65, 0x1F, 0xF3, 0x1B, 0x4B, 0xF7, 0xE0, 0xB0, 0x9F, 0xFB, 0xD3, 0xC4,
    0x78, 0x34, 0x62, 0xE6, 0xCF, 0x62, 0xE6, 0x4F, 0x62, 0xE6, 0x0F, 0xE2, 0x11, 0xBB, 0x8E, 0x25,
    0x9E, 0x78, 0x9C, 0x63, 0x60, 0x00, 0x02, 0x87, 0x93, 0xFF, 0xDE, 0xCF, 0x61, 0x65, 0x80, 0x80,
    0xC6, 0xFF, 0x20, 0xF0, 0x9E, 0x0D, 0xCC, 0x49, 0xF8, 0x0F, 0x01, 0xF7, 0x99, 0x41, 0xBC, 0x5F,
    0x50, 0xDE, 0xFF, 0x7A, 0x20, 0x67, 0xC3, 0x7F, 0x64, 0xDE, 0x0F, 0x38, 0x8F, 0x83, 0x81, 0x21,
    0x00, 0x44, 0xCF, 0x17, 0x16, 0xD8, 0xFA, 0x7F, 0x3D, 0x50, 0xEA, 0x01, 0x48, 0x3F, 0x13, 0x90,
    0xF1, 0x84, 0x1B, 0x48, 0x7C, 0x03, 0xF2, 0x64, 0x41, 0x86, 0x09, 0x80, 0x88, 0x7F, 0x40, 0x1E,
    0x13, 0xD4, 0x62, 0x06, 0x07, 0x90, 0x2E, 0x18, 0x87, 0x61, 0x02, 0x90, 0xA7, 0x0F, 0xE7, 0x5D,
    0x00, 0xF2, 0x78, 0xE1, 0xBC, 0x0F, 0x40, 0x1E, 0x27, 0x9C, 0xF7, 0x09, 0xC8, 0x63, 0x83, 0xF3,
    0x3E, 0x03, 0x79, 0xAC, 0x70, 0xDE, 0x17, 0x20, 0x8F, 0x05, 0x0F, 0x0F, 0xA1, 0x12, 0xD5, 0x94,
    0x8F, 0x28, 0x36, 0x80, 0xBC, 0xC0, 0x03, 0xE7, 0x2D, 0x40, 0x71, 0x59, 0x02, 0x8A, 0xAB, 0x05,
    0xFE, 0x23, 0xFB, 0x88, 0xE1, 0x27, 0xCC, 0xB7, 0x0A, 0x5C, 0x50, 0x2B, 0x20, 0x21, 0xB1, 0x1F,
    0x48, 0x34, 0x80, 0x43, 0x49, 0x44, 0x60, 0xCB, 0xFF, 0xFF, 0x20, 0xC9, 0x3F, 0xF0, 0x10, 0x04,
    0x99, 0xF6, 0x10, 0xCE, 0x03, 0x39, 0x58, 0xE0, 0x2F, 0x72, 0x58, 0x83, 0x83, 0x06, 0x1C, 0x49,
    0x10, 0xBF, 0x6C, 0x86, 0xF0, 0x24, 0xA0, 0x76, 0x26, 0x02, 0xD9, 0x73, 0x10, 0xFE, 0xFA, 0x0D,
    0x36, 0x1D, 0x0A, 0x14, 0x90, 0xFD, 0x0F, 0x32, 0xA7, 0x97, 0x11, 0xCE, 0x03, 0x05, 0xAA, 0x1E,
    0xC2, 0x23, 0x53, 0xFE, 0x83, 0x63, 0x0F, 0x06, 0x7E, 0xFC, 0xBF, 0x8F, 0xC2, 0x3B, 0x0F, 0x67,
    0x2B, 0x4E, 0xFD, 0xFF, 0xBF, 0x1F, 0x39, 0x34, 0x10, 0x41, 0x65, 0x00, 0xE4, 0xD4, 0x21, 0x74,
    0xBD, 0x5F, 0xEB, 0x01, 0x61, 0x00, 0x00, 0x0B, 0xDA, 0xE6, 0x4A, 0x78, 0x9C, 0x63, 0x60, 0x60,
    0x60, 0x88, 0x62, 0x80, 0x83, 0x82, 0xFF, 0xEC, 0x70, 0xF6, 0x97, 0xFF, 0xEB, 0x61, 0x4C, 0x85,
    0x7F, 0xFF, 0xFF, 0xCB, 0x40, 0xD9, 0x17, 0xFE, 0xFF, 0xFF, 0x7F, 0x9F, 0x09, 0xC2, 0x0E, 0x00,
    0x8A, 0xFF, 0xF7, 0x87, 0x4A, 0x2C, 0x04, 0xB2, 0xFF, 0xB3, 0x41, 0x39, 0x4F, 0x81, 0x6C, 0x39,
    0x28, 0x5B, 0xE0, 0xD7, 0xFF, 0xFF, 0xCC, 0x30, 0xA3, 0x02, 0xFE, 0xC1, 0xD4, 0x83, 0xB4, 0xB0,
    0x31, 0xA0, 0x81, 0x6F, 0xFF, 0xE1, 0x80, 0x99, 0x52, 0x36, 0xB2, 0x99, 0xD4, 0x62, 0x43, 0x00,
    0xE5, 0x6C, 0x5A, 0xB8, 0x0D, 0x4B, 0x18, 0x72, 0x53, 0xC2, 0x06, 0x00, 0x48, 0xF3, 0x19, 0x23,
    0x78, 0x9C, 0x63, 0x60, 0x00, 0x83, 0x4D, 0x8C, 0x0C, 0x30, 0x60, 0xF0, 0x8F, 0x07, 0xCE, 0xFE,
    0xF6, 0x7F, 0x3E, 0x8C, 0xD9, 0xF0, 0xFF, 0xFF, 0x7F, 0x36, 0x28, 0xFB, 0x17, 0x90, 0x6D, 0x0F,
    0x61, 0x1E, 0x04, 0x32, 0xFF, 0x73, 0x40, 0x35, 0x02, 0x99, 0xB6, 0x10, 0xE1, 0x05, 0x40, 0x66,
    0x3F, 0x4C, 0xEB, 0x9F, 0xFF, 0xF7, 0x99, 0x61, 0xEC, 0x87, 0x50, 0xC5, 0x20, 0xA0, 0x60, 0xC3,
    0x80, 0x01, 0xBE, 0xFD, 0x87, 0x03, 0x66, 0x4A, 0xD9, 0xC8, 0x66, 0x52, 0x8B, 0x0D, 0x01, 0x94,
    0xB3, 0x69, 0xE1, 0x36, 0x2C, 0x61, 0xC8, 0x4D, 0x09, 0x1B, 0x00, 0xDE, 0xBB, 0x18, 0xF3, 0x78,
    0x9C, 0x63, 0x60, 0x60, 0x30, 0xF8, 0x0F, 0x04, 0x1C, 0x0C, 0x60, 0xF0, 0x10, 0xC4, 0xF6, 0x87,
    0xB0, 0x7F, 0x83, 0xD8, 0xEF, 0x19, 0x41, 0xCC, 0x06, 0x20, 0x03, 0xC8, 0xE5, 0x01, 0xB1, 0xBF,
    0xFC, 0xFF, 0x2F, 0x3B, 0xE1, 0xFF, 0xFF, 0xF9, 0x40, 0xA6, 0xC0, 0xBF, 0xFF, 0xFB, 0x19, 0x18,
    0xBE, 0xFF, 0xFF, 0xCF, 0xCA, 0x00, 0xA2, 0x38, 0x19, 0x18, 0x02, 0xFE, 0xAF, 0x07, 0x69, 0x50,
    0xA8, 0x01, 0xA9, 0xBC, 0xCC, 0xCA, 0x80, 0x02, 0xBE, 0xFD, 0x87, 0x03, 0x66, 0x4A, 0xD9, 0xC8,
    0x66, 0x52, 0x8B, 0x0D, 0x01, 0x94, 0xB3, 0x69, 0xE1, 0x36, 0x2C, 0x61, 0xC8, 0x4D, 0x09, 0x1B,
    0x00, 0xA6, 0xBA, 0x21, 0x6C, 0x78, 0x9C, 0x63, 0x60, 0x38, 0x7A, 0x9F, 0x9D, 0x81, 0xC1, 0xE1,
    0x4F, 0x2F, 0x03, 0x03, 0x43, 0xC2, 0xFF, 0xFF, 0xEB, 0x19, 0x18, 0xBE, 0xFE, 0xFF, 0xCF, 0xCD,
    0xC0, 0xF0, 0xE0, 0xFF, 0xFF, 0xFF, 0x4C, 0x0C, 0x7F, 0xFF, 0xFF, 0xB7, 0x67, 0x60, 0xF8, 0x00,
    0x64, 0xB3, 0x30, 0x00, 0x89, 0x78, 0x54, 0x71, 0x64, 0xF5, 0xC8, 0xE6, 0xE0, 0x00, 0xDF, 0xFE,
    0xC3, 0x01, 0x33, 0xA5, 0x6C, 0x64, 0x33, 0xA9, 0xC5, 0x86, 0x00, 0xCA, 0xD9, 0xB4, 0x70, 0x1B,
    0x96, 0x30, 0xE4, 0xA6, 0x84, 0x0D, 0x00, 0x5C, 0xE2, 0x22, 0xBC, 0x78, 0x9C, 0x63, 0x60, 0x60,
    0x60, 0xB0, 0x66, 0x80, 0x83, 0x05, 0xFF, 0x59, 0xE1, 0xEC, 0xEF, 0xFF, 0xFB, 0x61, 0x4C, 0x87,
    0xFF, 0xFF, 0xFF, 0x73, 0x41, 0xD9, 0x0F, 0x81, 0xEC, 0xF3, 0x8C, 0x10, 0x76, 0x01, 0x90, 0xFD,
    0x5F, 0x0F, 0x2A, 0x71, 0x08, 0xC4, 0x61, 0x81, 0x6B, 0xFE, 0xFF, 0x9F, 0x07, 0xCA, 0x56, 0xF8,
    0xF3, 0xFF, 0x3D, 0x23, 0xCC, 0xA8, 0x82, 0xFF, 0xFA, 0x08, 0xEB, 0x0E, 0xB1, 0x30, 0xA0, 0x81,
    0x2F, 0xFF, 0xE1, 0xC0, 0x9F, 0x12, 0x36, 0xC8, 0xAC, 0xDF, 0xFF, 0xFF, 0xEF, 0x87, 0x99, 0x3B,
    0x92, 0xD8, 0xD4, 0x0A, 0x43, 0x00, 0xC7, 0x80, 0xF3, 0xE9, 0x78, 0x9C, 0x63, 0x60, 0x00, 0x83,
    0xCD, 0x0C, 0x70, 0x10, 0xF0, 0x9F, 0x0B, 0xCE, 0xFE, 0xF1, 0xBF, 0x1E, 0xC6, 0x5C, 0xF0, 0xFF,
    0xFF, 0x7F, 0x16, 0x08, 0x53, 0xE0, 0x0F, 0x90, 0x2D, 0x07, 0x61, 0x3F, 0x02, 0x32, 0xFF, 0xB3,
    0x83, 0x99, 0x0E, 0x20, 0xA6, 0x0E, 0x44, 0xF8, 0x00, 0x90, 0x09, 0xD3, 0x2A, 0xF0, 0xEF, 0xFF,
    0x79, 0x26, 0x98, 0x31, 0x9F, 0xA0, 0x8A, 0xC1, 0x1A, 0x74, 0x18, 0x30, 0xC0, 0x97, 0xFF, 0x70,
    0xE0, 0x4F, 0x09, 0x1B, 0x64, 0xD6, 0xEF, 0xFF, 0xFF, 0xF7, 0xC3, 0xCC, 0x1D, 0x49, 0x6C, 0x6A,
    0x85, 0x21, 0x00, 0x9F, 0xAC, 0xF3, 0xDA, 0x78, 0x9C, 0x63, 0x60, 0x60, 0x48, 0xF8, 0x0F, 0x04,
    0x6C, 0x0C, 0x60, 0xF0, 0x09, 0xC4, 0xD6, 0x87, 0xB0, 0xFF, 0x82, 0xD8, 0xF7, 0xC1, 0xCC, 0x05,
    0x40, 0x06, 0x90, 0xCB, 0x05, 0x62, 0x7F, 0xFB, 0xFF, 0x9F, 0x7B, 0xC3, 0xFF, 0xFF, 0xF9, 0x40,
    0xA6, 0xC1, 0xFF, 0xFF, 0xF3, 0x19, 0x18, 0x7E, 0xFE, 0xFF, 0xCF, 0xCC, 0x00, 0xA2, 0xD8, 0x19,
    0x18, 0x0A, 0x40, 0x02, 0x40, 0x89, 0x18, 0x10, 0x79, 0x94, 0x99, 0x01, 0x05, 0x7C, 0xF9, 0x0F,
    0x07, 0xFE, 0x94, 0xB0, 0x41, 0x66, 0xFD, 0xFE, 0xFF, 0x7F, 0x3F, 0xCC, 0xDC, 0x91, 0xC4, 0xA6,
    0x56, 0x18, 0x02, 0x00, 0xA5, 0xAB, 0xFB, 0xE2, 0x78, 0x9C, 0x63, 0x60, 0xB8, 0x7E, 0x9F, 0x8D,
    0x81, 0x21, 0xE1, 0x6F, 0x2D, 0x03, 0x03, 0xC3, 0x84, 0xFF, 0xFF, 0xFB, 0x19, 0x18, 0x7E, 0xFC,
    0xFF, 0xCF, 0xC9, 0xC0, 0xF0, 0xF1, 0xFF, 0xFF, 0xFF, 0x0C, 0x0C, 0x40, 0x42, 0x9E, 0x81, 0xE1,
    0x13, 0x90, 0x62, 0x52, 0x00, 0x12, 0xFA, 0xA8, 0xE2, 0x40, 0xF5, 0xF5, 0x60, 0xF5, 0x1C, 0x40,
    0xCD, 0x50, 0x73, 0x72, 0x19, 0x70, 0x82, 0x2F, 0xFF, 0xE1, 0xC0, 0x9F, 0x12, 0x36, 0xC8, 0xAC,
    0xDF, 0xFF, 0xFF, 0xEF, 0x87, 0x99, 0x3B, 0x92, 0xD8, 0xD4, 0x0A, 0x43, 0x00, 0x9E, 0x45, 0xFD,
    0x59, 0x78, 0x9C, 0x63, 0x68, 0xF8, 0x0F, 0x04, 0xEF, 0xCF, 0x46, 0x32, 0x31, 0x80, 0x01, 0x98,
    0x0B, 0x04, 0xE7, 0xD9, 0x50, 0xB8, 0xFF, 0xEF, 0x33, 0xA3, 0x70, 0xFF, 0xE7, 0xA3, 0x72, 0xFF,
    0xB3, 0xA1, 0x72, 0xED, 0xA1, 0x5C, 0x3E, 0x81, 0x96, 0x7F, 0x20, 0xDD, 0x30, 0x2E, 0x03, 0xC3,
    0x04, 0xA8, 0x6A, 0x28, 0x97, 0xE1, 0x07, 0x90, 0xE6, 0x45, 0x70, 0x2F, 0x40, 0x34, 0xC3, 0xB8,
    0x01, 0x40, 0xBA, 0x1F, 0xC1, 0x65, 0x00, 0xD2, 0xFB, 0x91, 0xB8, 0xBF, 0x81, 0x4E, 0x47, 0xE2,
    0x82, 0xCC, 0x62, 0xB8, 0xFD, 0x0F, 0xE2, 0x04, 0x16, 0x86, 0xEF, 0x40, 0x92, 0x09, 0xE6, 0x22,
    0x16, 0x86, 0x6F, 0xA8, 0xDC, 0xAF, 0x40, 0x92, 0x19, 0x4D, 0x16, 0x61, 0x14, 0x48, 0x2F, 0x23,
    0x82, 0xFB, 0x13, 0x64, 0x32, 0x82, 0xFB, 0x07, 0xD5, 0x5E, 0x20, 0xBD, 0x1E, 0xC1, 0x4D, 0x00,
    0xD2, 0xF5, 0xA8, 0x3E, 0xD2, 0x47, 0x70, 0x7F, 0x01, 0x69, 0x1E, 0x38, 0x77, 0x21, 0xC8, 0x72,
    0x56, 0x78, 0x58, 0x81, 0x43, 0x1E, 0x35, 0x24, 0xF5, 0x51, 0xB9, 0xAC, 0x28, 0xDC, 0x78, 0x3C,
    0x71, 0x74, 0x1F, 0x39, 0x06, 0xEF, 0x55, 0x41, 0xE2, 0x17, 0x00, 0x92, 0xD3, 0x21, 0x9F, 0x78,
    0x9C, 0x75, 0xD0, 0x31, 0x4E, 0x02, 0x51, 0x10, 0x06, 0xE0, 0x5F, 0x36, 0x46, 0x23, 0x71, 0x21,
    0xA1, 0xA1, 0xC2, 0xBD, 0x01, 0xDB, 0x59, 0x19, 0xB4, 0xB0, 0xB0, 0xE2, 0x08, 0xDA, 0x18, 0x1A,
    0x12, 0xBD, 0xC1, 0x5A, 0xDB, 0xC0, 0x0D, 0xA0, 0xB0, 0xB0, 0xF4, 0x06, 0xCB, 0x0D, 0x6C, 0xED,
    0xD8, 0x82, 0x7E, 0x41, 0x11, 0x48, 0x5C, 0xF7, 0x77, 0x9E, 0xEF, 0xBD, 0xCD, 0x34, 0x4C, 0xF2,
    0x92, 0x2F, 0xF3, 0x66, 0x32, 0x99, 0x01, 0x9A, 0x1F, 0x1C, 0x02, 0xF1, 0xE0, 0xFA, 0x00, 0x58,
    0x90, 0xBC, 0xC0, 0x98, 0x3C, 0x44, 0x44, 0x13, 0xED, 0x2F, 0x32, 0x30, 0x09, 0x17, 0xC0, 0xD2,
    0x73, 0x02, 0xC8, 0x67, 0x6B, 0x67, 0xDC, 0x01, 0xBE, 0x25, 0x11, 0xFF, 0x92, 0x79, 0x00, 0x5C,
    0xDD, 0x9F, 0x03, 0x77, 0xC5, 0xBC, 0x8D, 0xBD, 0xF1, 0x23, 0x5D, 0x32, 0x50, 0xDA, 0x98, 0x1A,
    0x1F, 0x29, 0x87, 0xCA, 0x7D, 0xE5, 0x54, 0x99, 0x35, 0xE5, 0x63, 0xE5, 0x50, 0xF9, 0xA1, 0x72,
    0xC1, 0x79, 0xE5, 0xAD, 0x59, 0xC9, 0xF9, 0x95, 0x3C, 0xF1, 0xBE, 0x21, 0xCF, 0xBC, 0xEB, 0x25,
    0x13, 0xAC, 0xAD, 0x4F, 0x77, 0xCC, 0xBD, 0x1B, 0x2B, 0xB9, 0xCD, 0xA7, 0xF3, 0x9B, 0xD4, 0xAD,
    0xAC, 0xBB, 0x97, 0xF2, 0x96, 0xD6, 0x3D, 0x94, 0x1C, 0x65, 0xD6, 0x7D, 0x6C, 0x99, 0xCF, 0xAC,
    0x6F, 0x21, 0xC5, 0x2F, 0xDE, 0x53, 0xF2, 0xD9, 0x3B, 0x26, 0x13, 0x6F, 0x14, 0x7C, 0xAF, 0xBC,
    0x31, 0x5B, 0x38, 0x67, 0xCA, 0x4F, 0xCA, 0x91, 0xF2, 0xFF, 0x59, 0xBD, 0xD7, 0xCA, 0x99, 0xF2,
    0xA3, 0x72, 0xD3, 0xF8, 0x0F, 0x95, 0x15, 0x57, 0x81, 0x78, 0x9C, 0x63, 0x60, 0x00, 0x02, 0x6B,
    0x06, 0x24, 0xB0, 0xE0, 0x3F, 0x2B, 0x12, 0xEF, 0xFB, 0xFF, 0x7E, 0x04, 0xC7, 0xE1, 0xFF, 0xFF,
    0xFF, 0x5C, 0x70, 0xDE, 0x43, 0x20, 0xEF, 0x3C, 0x23, 0x8C, 0x57, 0x00, 0xE4, 0xFD, 0xD7, 0x83,
    0x4B, 0x1E, 0x02, 0x71, 0x59, 0x90, 0x8C, 0xF9, 0xFF, 0x9F, 0x07, 0xCE, 0x53, 0xF8, 0xF3, 0xFF,
    0x3D, 0x5C, 0x23, 0x48, 0xAB, 0x3E, 0xB2, 0x03, 0x0E, 0xB1, 0x30, 0x60, 0x07, 0x06, 0x27, 0xFE,
    0xBD, 0xEF, 0x61, 0x86, 0xB9, 0xE5, 0x2F, 0xC8, 0x86, 0xFB, 0x50, 0xB5, 0x3F, 0xFF, 0x83, 0xC1,
    0x7C, 0x30, 0x67, 0xC3, 0x7F, 0x28, 0xE0, 0x46, 0x92, 0x82, 0x48, 0x3A, 0xFC, 0x87, 0x03, 0xA0,
    0x41, 0x17, 0x40, 0x26, 0x88, 0x06, 0x82, 0x4C, 0xE2, 0x65, 0x60, 0xF8, 0x0A, 0xA4, 0x64, 0x18,
    0x18, 0x0E, 0x02, 0xA9, 0x78, 0x06, 0x86, 0xDF, 0x40, 0x8A, 0x09, 0xE8, 0x54, 0x20, 0xB5, 0x9F,
    0x41, 0x00, 0x48, 0xAE, 0x07, 0x19, 0xF6, 0x0B, 0xC8, 0x60, 0x0C, 0x00, 0x12, 0xFE, 0x20, 0xDE,
    0x17, 0x20, 0x83, 0xB5, 0x01, 0x48, 0xF0, 0x83, 0x78, 0x1F, 0x80, 0x0C, 0x8E, 0x03, 0x30, 0x8F,
    0x82, 0x19, 0x0F, 0x60, 0x01, 0xB6, 0x00, 0xC8, 0xE0, 0x03, 0x2B, 0x00, 0xF1, 0xC0, 0x5A, 0x50,
    0x79, 0x1F, 0x81, 0x04, 0x3B, 0x2C, 0x1C, 0xE5, 0x51, 0x79, 0x38, 0xF4, 0x4D, 0x00, 0xF1, 0x50,
    0x6D, 0x40, 0xB1, 0x9D, 0x7B, 0x02, 0xB2, 0xCB, 0x38, 0x51, 0x5D, 0x8D, 0xEA, 0x23, 0x54, 0xDF,
    0x82, 0x43, 0x42, 0x96, 0x81, 0xE1, 0x22, 0x24, 0x24, 0x50, 0x43, 0x09, 0x29, 0x04, 0x41, 0x61,
    0xFF, 0x03, 0xC6, 0xE9, 0x87, 0x39, 0x02, 0x0C, 0x20, 0xA9, 0xE4, 0x07, 0x92, 0x14, 0x50, 0xE7,
    0x1F, 0x10, 0xE7, 0x3C, 0x2C, 0x76, 0x11, 0xB1, 0x09, 0x00, 0xA1, 0x3A, 0x25, 0x6E, 0x78, 0x9C,
    0x63, 0x60, 0x80, 0x80, 0xCD, 0x0C, 0x48, 0x20, 0xE0, 0x3F, 0x17, 0x12, 0xEF, 0xC7, 0xFF, 0x7A,
    0x04, 0x67, 0xC1, 0xFF, 0xFF, 0xFF, 0x59, 0x60, 0x1C, 0x81, 0x3F, 0x40, 0x9E, 0x1C, 0x8C, 0xF7,
    0x08, 0xC8, 0xF9, 0xCF, 0x0E, 0xE5, 0x38, 0x80, 0x38, 0x3A, 0x30, 0xA9, 0x03, 0x40, 0x0E, 0xC2,
    0x10, 0x81, 0x7F, 0xFF, 0xCF, 0x33, 0x21, 0x8C, 0xFC, 0x04, 0xD7, 0x04, 0xD6, 0xA8, 0xC3, 0x80,
    0x0B, 0x18, 0x9C, 0xF8, 0xF7, 0xBE, 0x87, 0x19, 0xA6, 0xEE, 0x2F, 0xC8, 0x86, 0xFB, 0x50, 0xB7,
    0xFC, 0xFC, 0x0F, 0x06, 0xF3, 0xC1, 0x9C, 0x0D, 0xFF, 0xA1, 0x80, 0x1B, 0x49, 0x0A, 0x22, 0xE9,
    0xF0, 0x1F, 0x0E, 0x80, 0x06, 0x5D, 0x00, 0x99, 0x20, 0x1A, 0x08, 0x32, 0x89, 0x97, 0x81, 0xE1,
    0x2B, 0x90, 0x92, 0x61, 0x60, 0x38, 0x08, 0xA4, 0xE2, 0x19, 0x18, 0x7E, 0x03, 0x29, 0xA0, 0x23,
    0x15, 0x80, 0xD4, 0x7E, 0x06, 0x01, 0x20, 0xB9, 0x1E, 0x64, 0xD8, 0x2F, 0x20, 0x83, 0x31, 0x00,
    0x48, 0xF8, 0x83, 0x78, 0x5F, 0x80, 0x0C, 0xD6, 0x06, 0x20, 0xC1, 0x0F, 0xE2, 0x7D, 0x00, 0x32,
    0x38, 0x40, 0x3E, 0xE5, 0x81, 0x79, 0x99, 0xE7, 0x01, 0x90, 0xE0, 0x82, 0x05, 0x1B, 0x1F, 0x58,
    0x01, 0x88, 0x07, 0xD6, 0x82, 0xCA, 0xFB, 0x08, 0x0B, 0xBB, 0x02, 0x20, 0x43, 0x1E, 0x95, 0x87,
    0x43, 0xDF, 0x04, 0x10, 0x0F, 0xD5, 0x06, 0x14, 0xDB, 0xB9, 0x27, 0x20, 0xBB, 0x8C, 0x13, 0xD5,
    0xD5, 0xA8, 0x3E, 0x42, 0xF5, 0x2D, 0x38, 0x24, 0x64, 0x19, 0x18, 0x2E, 0x42, 0x42, 0x02, 0x35,
    0x94, 0x90, 0x42, 0x90, 0x05, 0x9C, 0x38, 0xA0, 0xA0, 0x1F, 0xE6, 0x08, 0x30, 0x80, 0xA4, 0x9F,
    0x1F, 0x48, 0x52, 0x40, 0x9D, 0xA0, 0xD4, 0xF2, 0xFF, 0x3C, 0x2C, 0xF5, 0x20, 0x62, 0x13, 0x00,
    0x77, 0xD1, 0x25, 0x5F, 0x78, 0x9C, 0x75, 0x91, 0x41, 0x4E, 0x02, 0x41, 0x10, 0x45, 0x3F, 0x32,
    0x88, 0x38, 0x28, 0x6E, 0xD8, 0x49, 0xF0, 0x06, 0xCC, 0x11, 0xB8, 0x81, 0xB8, 0x37, 0xC1, 0x1B,
    0xC8, 0x11, 0x38, 0x80, 0x89, 0xDC, 0x00, 0x6E, 0x00, 0x37, 0x00, 0x17, 0x26, 0xEE, 0x80, 0x13,
    0xC0, 0x0D, 0x54, 0xA2, 0x06, 0x50, 0x29, 0x7F, 0x55, 0xF7, 0x98, 0xE9, 0x28, 0x7F, 0x51, 0x55,
    0xAF, 0x6B, 0xBA, 0xBA, 0xFB, 0x0F, 0x00, 0xDC, 0x08, 0x75, 0x08, 0xAF, 0x95, 0x52, 0x23, 0xA5,
    0x6F, 0xA5, 0x85, 0x87, 0x01, 0x4B, 0x2E, 0x1C, 0x3B, 0xFA, 0x10, 0x89, 0x47, 0x22, 0xB7, 0x06,
    0x89, 0x48, 0x1F, 0xD8, 0x88, 0xE4, 0x0D, 0x37, 0x52, 0x04, 0x3A, 0xBA, 0x64, 0xCD, 0x6B, 0x8D,
    0x8F, 0x79, 0xFC, 0xA7, 0xE4, 0x69, 0xF7, 0x7C, 0x97, 0xB6, 0x9A, 0xEE, 0xBC, 0x08, 0x7E, 0x8A,
    0xC9, 0x4D, 0x19, 0x89, 0x57, 0x9C, 0x69, 0xB9, 0x66, 0x53, 0x7E, 0xC5, 0x41, 0x33, 0x9D, 0x50,
    0xBD, 0xD2, 0x49, 0x27, 0xC0, 0x3B, 0xD3, 0x39, 0xF0, 0xC0, 0xD4, 0x06, 0x3E, 0x99, 0x0E, 0x80,
    0x0B, 0xA6, 0x31, 0xCE, 0x18, 0x87, 0x3A, 0x6C, 0xCB, 0x22, 0xD7, 0x62, 0xB8, 0x54, 0x7A, 0x63,
    0x51, 0xE8, 0x32, 0x54, 0x94, 0x5E, 0x58, 0x1C, 0x4D, 0x18, 0xCA, 0x4A, 0x56, 0x2C, 0xC5, 0x7B,
    0x40, 0x3F, 0xE4, 0xD4, 0x3E, 0x50, 0xB2, 0x2D, 0x21, 0xBD, 0x32, 0x14, 0x95, 0x3A, 0x2C, 0xEA,
    0x21, 0xED, 0xD9, 0xD7, 0x53, 0x0A, 0x4F, 0x08, 0x4E, 0x8F, 0x7B, 0xD9, 0x9B, 0x95, 0xC2, 0x5B,
    0x87, 0x2F, 0x0A, 0x5F, 0x6B, 0x4E, 0xD4, 0x80, 0xB9, 0x73, 0x22, 0x74, 0x29, 0xE3, 0xA0, 0x7A,
    0xBF, 0x4E, 0xE1, 0x3E, 0xBD, 0x84, 0xC9, 0xFD, 0xF8, 0x75, 0xA6, 0xC5, 0x9D, 0x5F, 0x0A, 0xD3,
    0xE8, 0xCF, 0xDF, 0xFC, 0x01, 0x16, 0x63, 0x2D, 0x67, 0x78, 0x9C, 0x85, 0x91, 0x3B, 0x4E, 0x42,
    0x51, 0x10, 0x86, 0x7F, 0x5F, 0x41, 0x41, 0xC0, 0xC4, 0xD0, 0x69, 0xA0, 0xB5, 0xD3, 0xC4, 0x05,
    0xDC, 0x84, 0x05, 0x20, 0x2B, 0xB0, 0xB4, 0xA5, 0xB2, 0x95, 0x05, 0x98, 0x40, 0xD8, 0x00, 0xEC,
    0x00, 0x56, 0x00, 0xDA, 0xD9, 0xA9, 0x2B, 0xB8, 0xF4, 0x16, 0x3C, 0x22, 0x01, 0x41, 0x18, 0xE7,
    0x9F, 0x7B, 0x8F, 0xDE, 0x53, 0x10, 0xA7, 0x98, 0x73, 0xBE, 0x73, 0x32, 0xAF, 0x7F, 0x00, 0x04,
    0x1F, 0xA3, 0x0B, 0xA0, 0x76, 0x77, 0x0D, 0xDA, 0x52, 0x44, 0x0E, 0x31, 0x91, 0x90, 0xD0, 0x54,
    0x90, 0xF0, 0x74, 0x29, 0x03, 0xD2, 0x54, 0x62, 0x7B, 0x20, 0xCD, 0x1D, 0x15, 0x49, 0x2B, 0xE9,
    0x5E, 0xAD, 0xC5, 0x62, 0xD5, 0xD6, 0xFA, 0x58, 0x57, 0xE8, 0x5A, 0xCA, 0xF2, 0x7D, 0x0A, 0x68,
    0x6D, 0xFA, 0xFB, 0xF8, 0xDF, 0x2E, 0x5F, 0x36, 0xA3, 0xC7, 0xBD, 0x18, 0x02, 0xCB, 0x18, 0xC6,
    0x71, 0x5F, 0x51, 0xB9, 0xB6, 0x41, 0xCF, 0x55, 0xCF, 0x24, 0xBE, 0xA2, 0xCF, 0x40, 0x7E, 0x4D,
    0x13, 0xBD, 0x31, 0x43, 0xA1, 0xCA, 0x4C, 0x59, 0x60, 0xA6, 0xC7, 0x19, 0xF0, 0xAC, 0xC7, 0x2D,
    0x9B, 0x16, 0xD9, 0x05, 0x4A, 0x7A, 0x0C, 0x70, 0xE2, 0xFA, 0xA5, 0x02, 0x3B, 0x37, 0xEA, 0x2A,
    0xA4, 0x4F, 0xBD, 0x1C, 0x70, 0x96, 0x3C, 0x69, 0xCC, 0x09, 0x9F, 0xD4, 0x1D, 0x93, 0xEC, 0x32,
    0x54, 0x97, 0x26, 0x75, 0xF4, 0x92, 0x1B, 0x3B, 0x09, 0x2C, 0xC4, 0xA7, 0x89, 0xBA, 0x14, 0xA9,
    0x46, 0xD5, 0x7C, 0xDA, 0x12, 0xC7, 0x05, 0xE4, 0xFD, 0x0A, 0x5E, 0xF5, 0x4C, 0x33, 0xD9, 0xD9,
    0x91, 0xDF, 0xB5, 0x3F, 0x91, 0x3F, 0xAD, 0x29, 0x71, 0x0E, 0xBC, 0x47, 0x4A, 0xF8, 0x2A, 0x25,
    0x14, 0xA4, 0xF6, 0x0B, 0x07, 0x0D, 0xD7, 0x84, 0x99, 0xB5, 0xE4, 0x3E, 0x1B, 0xF1, 0xC6, 0xBE,
    0x09, 0xAF, 0x6E, 0xD3, 0x7F, 0xDB, 0xFC, 0x01, 0x38, 0x27, 0x3C, 0x47, 0x78, 0x9C, 0x85, 0x91,
    0x4D, 0x4E, 0x02, 0x41, 0x10, 0x85, 0x1F, 0x8A, 0xCA, 0x8F, 0x0A, 0x1B, 0x76, 0x1A, 0xBD, 0x81,
    0x1E, 0x81, 0x1B, 0x20, 0x27, 0xD0, 0x0B, 0x98, 0x78, 0x01, 0x03, 0x07, 0x30, 0x99, 0xB9, 0x01,
    0xDC, 0x00, 0x6F, 0xA0, 0xEE, 0xDC, 0xA9, 0x2B, 0x97, 0x70, 0x03, 0xD0, 0x48, 0x02, 0x28, 0x96,
    0xEF, 0xD5, 0xCC, 0x90, 0xE9, 0x10, 0x43, 0x2D, 0x5E, 0xD7, 0x97, 0xEA, 0xAA, 0xAE, 0xAA, 0x06,
    0xF0, 0x3E, 0xDC, 0x05, 0xAE, 0x96, 0xB7, 0x90, 0xC5, 0x66, 0x11, 0x30, 0x33, 0x2B, 0x8B, 0x3E,
    0xCC, 0x0C, 0xA0, 0x9C, 0x88, 0x3E, 0xE9, 0x6C, 0x9D, 0x52, 0xCE, 0xD6, 0x63, 0xCC, 0xEB, 0x78,
    0x5E, 0xC9, 0xCB, 0xA4, 0x35, 0xAF, 0xB1, 0xD9, 0xCE, 0x9F, 0x7F, 0xC7, 0x77, 0xDB, 0x29, 0x34,
    0x97, 0x2C, 0x68, 0xC3, 0x62, 0x42, 0x73, 0x73, 0xEB, 0x39, 0xDC, 0x5B, 0x6A, 0xD5, 0x5C, 0x28,
    0x09, 0x36, 0x6D, 0x65, 0x2C, 0xF4, 0xAA, 0x0A, 0x8D, 0xB6, 0x2A, 0x1D, 0x00, 0x53, 0x1E, 0x47,
    0xC0, 0x13, 0x8F, 0x4B, 0xE0, 0x5B, 0x23, 0x00, 0x1A, 0xE2, 0x01, 0x75, 0xEA, 0x40, 0xC5, 0x16,
    0x74, 0x0A, 0x17, 0x94, 0x96, 0xE8, 0x8B, 0xCE, 0x4E, 0x97, 0x52, 0x13, 0x4D, 0xE8, 0x94, 0x1E,
    0x29, 0xFB, 0x22, 0x77, 0x46, 0x94, 0x8A, 0xA8, 0x4F, 0xE7, 0xD0, 0x2F, 0x88, 0x3C, 0x25, 0x24,
    0xED, 0x68, 0x4F, 0x74, 0xA3, 0x3D, 0x85, 0xF4, 0x4F, 0x5E, 0x2C, 0x0A, 0x5F, 0x08, 0x5E, 0xAF,
    0xC6, 0xF9, 0xCE, 0xCA, 0x61, 0xD7, 0xE1, 0x44, 0xE1, 0xB4, 0xBE, 0x89, 0x63, 0xE0, 0x2D, 0xD9,
    0x44, 0xB8, 0xA5, 0xDC, 0x06, 0xB5, 0xFB, 0x59, 0x06, 0x51, 0xD6, 0x84, 0x9B, 0xB7, 0x94, 0x05,
    0xA3, 0xF4, 0xC7, 0x7E, 0x04, 0x2F, 0xC5, 0xB5, 0xDF, 0xFC, 0x03, 0xA0, 0xC0, 0x2E, 0xDE, 0x78,
    0x9C, 0x35, 0x8F, 0xBB, 0x11, 0xC2, 0x30, 0x10, 0x44, 0x77, 0x8C, 0x13, 0x77, 0x41, 0x05, 0x1E,
    0xCF, 0x90, 0x03, 0x01, 0xB9, 0x5C, 0x8A, 0x3B, 0xC0, 0x9D, 0xD0, 0x9B, 0x29, 0x40, 0x01, 0x1F,
    0x13, 0x79, 0xB9, 0xDD, 0x1B, 0x2B, 0x90, 0x4E, 0x4F, 0xDA, 0xBD, 0x3D, 0x4C, 0x07, 0x68, 0x8D,
    0x1D, 0xB0, 0x5E, 0x5C, 0x7E, 0x1E, 0x98, 0x48, 0xE1, 0x2B, 0xD9, 0x7D, 0x49, 0xE1, 0x37, 0x79,
    0x7F, 0x51, 0x38, 0x20, 0xFB, 0x81, 0xC2, 0x01, 0x6A, 0xE3, 0xFD, 0x14, 0xF7, 0xB3, 0x05, 0xDC,
    0x98, 0xE2, 0x50, 0x30, 0xB5, 0xC6, 0x64, 0x6B, 0x77, 0xE1, 0xE2, 0x4A, 0xC2, 0x7C, 0xC7, 0x20,
    0x51, 0x75, 0x92, 0xA7, 0xFF, 0xF6, 0x51, 0x1D, 0x37, 0x97, 0xD1, 0x01, 0x4B, 0x9C, 0x37, 0x63,
    0xC1, 0x22, 0x93, 0xDA, 0x2C, 0xF6, 0x74, 0x9C, 0x35, 0x3D, 0x15, 0x72, 0xCE, 0x46, 0x63, 0x44,
    0xC7, 0xAF, 0xEC, 0x03, 0x61, 0x6E, 0xF7, 0x31, 0xFF, 0xBD, 0x9C, 0x77, 0x67, 0x78, 0x9C, 0x55,
    0x52, 0xBB, 0x4D, 0x03, 0x51, 0x10, 0x1C, 0x63, 0x90, 0x2C, 0x7E, 0x3A, 0x8B, 0x02, 0x80, 0x0A,
    0x4C, 0x48, 0x40, 0x70, 0x05, 0x20, 0x51, 0x01, 0xD8, 0x9D, 0x80, 0x44, 0x01, 0xD0, 0x01, 0x74,
    0x60, 0x3A, 0xB0, 0x25, 0xE7, 0x40, 0x00, 0xB1, 0x45, 0x40, 0x86, 0x74, 0x60, 0xC9, 0x98, 0x8F,
    0x7D, 0xCB, 0xCC, 0xEE, 0x03, 0xEE, 0x26, 0x78, 0x7B, 0xF3, 0xDE, 0xDB, 0xD9, 0xDD, 0x79, 0x07,
    0xFC, 0x63, 0x17, 0x35, 0x7C, 0xB7, 0x22, 0x9E, 0xBF, 0xD8, 0xED, 0x3E, 0x7A, 0x36, 0x6E, 0x8A,
    0x3D, 0x98, 0x70, 0x30, 0x31, 0x5B, 0x23, 0xBB, 0xB4, 0x40, 0x69, 0x45, 0x43, 0x29, 0xF6, 0x8B,
    0x6E, 0xE5, 0x90, 0x58, 0x25, 0x9D, 0xFE, 0xB1, 0x42, 0x42, 0x0B, 0x7E, 0x1C, 0xB7, 0x9F, 0xB9,
    0x8E, 0xC9, 0x7A, 0x8C, 0x77, 0xC0, 0x4E, 0xC9, 0xB8, 0x02, 0x0C, 0x19, 0x3A, 0x40, 0x26, 0xCA,
    0x3A, 0x6F, 0x21, 0x71, 0xA3, 0xE4, 0xED, 0x50, 0x62, 0x33, 0xEF, 0xA9, 0xD0, 0x07, 0x03, 0x53,
    0x5D, 0xFA, 0x0A, 0x98, 0xBB, 0xD2, 0xD0, 0xE9, 0x00, 0xA0, 0x44, 0xDF, 0xEF, 0x94, 0x5E, 0x98,
    0x9B, 0x17, 0xD8, 0xE3, 0xDE, 0xA7, 0x67, 0x71, 0x39, 0xC5, 0xBD, 0xD9, 0xE6, 0x4C, 0x34, 0x73,
    0xCA, 0x93, 0x65, 0xD1, 0x86, 0xD3, 0x5C, 0x09, 0x4E, 0xFD, 0xF2, 0x93, 0xD9, 0x46, 0xAA, 0xA8,
    0x72, 0x9C, 0x78, 0x29, 0x51, 0xE9, 0x2B, 0x1D, 0x5F, 0x5E, 0x28, 0xBC, 0x58, 0xF7, 0x7E, 0x06,
    0xD1, 0xA4, 0x34, 0x10, 0x4D, 0x4E, 0x53, 0xEF, 0x79, 0x84, 0xD7, 0x64, 0xD2, 0x75, 0x0C, 0xA8,
    0x41, 0x65, 0xE8, 0x24, 0xC6, 0xD7, 0x25, 0x96, 0xC9, 0xE6, 0x61, 0x8E, 0x14, 0xED, 0xA4, 0xFD,
    0x98, 0xAC, 0x73, 0x93, 0x02, 0x47, 0x08, 0x89, 0x84, 0x56, 0xCD, 0x75, 0xBA, 0x20, 0x93, 0x8A,
    0xCA, 0x21, 0x4D, 0xEA, 0x8C, 0x9C, 0x1D, 0xEA, 0x49, 0xF2, 0x05, 0xE5, 0xE3, 0xB9, 0x1D, 0x67,
    0xFD, 0xFA, 0x1F, 0xB1, 0x55, 0x25, 0x3F, 0x6A, 0x10, 0x45, 0x3A, 0x78, 0x9C, 0x63, 0x60, 0x60,
    0x60, 0xB0, 0x66, 0x80, 0x83, 0x05, 0xFF, 0x59, 0xE1, 0xEC, 0xEF, 0xFF, 0xFB, 0x61, 0x4C, 0x87,
    0xFF, 0xFF, 0xFF, 0x73, 0x41, 0xD9, 0x0F, 0x81, 0xEC, 0xF3, 0x8C, 0x10, 0x76, 0x01, 0x90, 0xFD,
    0x5F, 0x0F, 0x2A, 0x71, 0x08, 0xC4, 0x61, 0x81, 0x6B, 0xFE, 0xFF, 0x9F, 0x07, 0xCA, 0x56, 0xF8,
    0xF3, 0xFF, 0x3D, 0x23, 0xCC, 0xA8, 0x82, 0xFF, 0xFA, 0x08, 0xEB, 0x0E, 0xB1, 0x30, 0xA0, 0x81,
    0x3F, 0xFF, 0x21, 0xB6, 0x7E, 0x01, 0x5A, 0x32, 0xD2, 0xD8, 0xBF, 0x11, 0xEC, 0xFD, 0xBF, 0xFE,
    0xFF, 0x9F, 0x0F, 0x62, 0x7F, 0xFD, 0xFF, 0x7F, 0xFD, 0x4F, 0x20, 0x06, 0xB1, 0xBF, 0x01, 0xC5,
    0x80, 0xF8, 0x3E, 0x88, 0x0D, 0x14, 0xAB, 0xFF, 0x0C, 0x0C, 0x63, 0x66, 0x20, 0xFB, 0xDF, 0xFF,
    0xFF, 0xF6, 0x1F, 0x80, 0x6C, 0x6E, 0x06, 0x86, 0x06, 0x20, 0xC5, 0x3F, 0x01, 0x14, 0x43, 0x2C,
    0x06, 0x40, 0x23, 0xFE, 0x73, 0x2A, 0xFC, 0x87, 0x03, 0x66, 0x90, 0x26, 0x08, 0x00, 0x1A, 0x7D,
    0x00, 0xC6, 0xE6, 0x85, 0x84, 0xFA, 0x7F, 0x58, 0xB4, 0x26, 0xFC, 0x03, 0xB3, 0xD9, 0x21, 0x11,
    0x7F, 0xF2, 0xDF, 0xFB, 0xB9, 0xA2, 0x40, 0x06, 0x00, 0xD0, 0x09, 0x1A, 0xB8, 0x78, 0x9C, 0x63,
    0x60, 0x00, 0x83, 0xCD, 0x0C, 0x70, 0x10, 0xF0, 0x9F, 0x0B, 0xCE, 0xFE, 0xF1, 0xBF, 0x1E, 0xC6,
    0x5C, 0xF0, 0xFF, 0xFF, 0x7F, 0x16, 0x08, 0x53, 0xE0, 0x0F, 0x90, 0x2D, 0x07, 0x61, 0x3F, 0x02,
    0x32, 0xFF, 0xB3, 0x83, 0x99, 0x0E, 0x20, 0xA6, 0x0E, 0x44, 0xF8, 0x00, 0x90, 0x09, 0xD3, 0x2A,
    0xF0, 0xEF, 0xFF, 0x79, 0x26, 0x98, 0x31, 0x9F, 0xA0, 0x8A, 0xC1, 0x1A, 0x74, 0x18, 0x30, 0x00,
    0xD0, 0xE8, 0x7E, 0x10, 0xFD, 0xE5, 0xFF, 0xFF, 0xF3, 0x23, 0x8D, 0xFD, 0x1B, 0xC1, 0xDE, 0xFF,
    0xEB, 0xFF, 0xFF, 0xF9, 0x20, 0xF6, 0xD7, 0xFF, 0xFF, 0xD7, 0xFF, 0x04, 0x62, 0x10, 0xFB, 0x1B,
    0x50, 0x0C, 0x88, 0xEF, 0x83, 0xD8, 0x40, 0xB1, 0xFA, 0xCF, 0xC0, 0x40, 0x66, 0x06, 0xB2, 0xFF,
    0xFD, 0xFF, 0x6F, 0xFF, 0x01, 0xC8, 0xE6, 0x66, 0x60, 0x68, 0x00, 0x52, 0xFC, 0x13, 0x80, 0xC4,
    0x79, 0x16, 0x03, 0xA0, 0x11, 0xFF, 0x39, 0x15, 0xFE, 0xC3, 0x01, 0x33, 0x48, 0x13, 0x04, 0xCC,
    0x87, 0xC4, 0x10, 0x18, 0xF0, 0x42, 0x42, 0x1D, 0x04, 0xCE, 0x33, 0x02, 0xD9, 0x09, 0xFF, 0xFE,
    0x23, 0xC5, 0xE9, 0xC9, 0x7F, 0xEF, 0xE7, 0x8A, 0x02, 0x19, 0x00, 0xA7, 0x81, 0x1A, 0xA9, 0x78,
    0x9C, 0xE5, 0x91, 0xCD, 0x11, 0x01, 0x41, 0x10, 0x85, 0x5B, 0x8D, 0xB2, 0xC5, 0x96, 0x72, 0x72,
    0x97, 0x81, 0xCD, 0x80, 0x40, 0x1C, 0x36, 0x03, 0x32, 0x20, 0x03, 0x12, 0x50, 0x2B, 0x83, 0x95,
    0x01, 0x17, 0x07, 0xA7, 0x09, 0x41, 0x08, 0x94, 0x9F, 0xAD, 0xF2, 0x37, 0xCF, 0xEB, 0x99, 0x45,
    0x89, 0xC1, 0x3B, 0x74, 0x7F, 0xD3, 0x53, 0xD3, 0x87, 0x6F, 0x44, 0x24, 0x05, 0x53, 0x13, 0x9F,
    0xA3, 0x72, 0x37, 0xF0, 0x53, 0x79, 0xE7, 0x71, 0x41, 0xE0, 0xB1, 0xA1, 0x5C, 0x00, 0xF1, 0x12,
    0x18, 0x12, 0x13, 0x20, 0x13, 0xB9, 0x02, 0x46, 0xB4, 0x45, 0x22, 0x23, 0x1D, 0xF0, 0x62, 0xA0,
    0x75, 0x63, 0xE4, 0x27, 0x0F, 0x60, 0xAA, 0xFD, 0x0C, 0xD8, 0x7F, 0xE3, 0xFB, 0x97, 0x57, 0x37,
    0x04, 0x4B, 0x17, 0x20, 0xA7, 0xBC, 0xBC, 0xB4, 0x9A, 0x15, 0xA5, 0x6E, 0xCE, 0xC6, 0x27, 0x04,
    0xAB, 0x0E, 0xE8, 0x1D, 0xC8, 0xB1, 0xC8, 0x84, 0xAD, 0x35, 0x63, 0xB1, 0xD5, 0x84, 0x2B, 0x50,
    0xEF, 0xE0, 0x13, 0xA3, 0x8F, 0x42, 0xB8, 0x7A, 0xFD, 0xE6, 0x66, 0xB0, 0xAE, 0xB1, 0x15, 0x72,
    0xEA, 0x3C, 0x47, 0xFE, 0x3B, 0xFA, 0x5B, 0xB7, 0x9F, 0xB7, 0x09, 0x2F, 0x0D, 0xEF, 0x22, 0xB1,
    0x78, 0x9C, 0xE5, 0x91, 0xCD, 0x0D, 0x01, 0x71, 0x10, 0xC5, 0x1F, 0x2B, 0xD8, 0x88, 0x38, 0x39,
    0xD3, 0x01, 0x1D, 0x50, 0xCA, 0x36, 0xA0, 0x04, 0x59, 0x1D, 0xD0, 0x80, 0x28, 0x41, 0x09, 0x5C,
    0x9D, 0xF6, 0xE8, 0xB8, 0x25, 0xF8, 0x16, 0x9F, 0xFF, 0xE7, 0xCD, 0x7F, 0x57, 0xC4, 0x41, 0x05,
    0x5E, 0x32, 0x33, 0xBF, 0x4C, 0x66, 0xDE, 0x61, 0x06, 0x58, 0xA7, 0x65, 0x20, 0x7A, 0x0E, 0x01,
    0x4C, 0xC8, 0x31, 0x70, 0x21, 0x43, 0x60, 0x47, 0x12, 0x50, 0x6A, 0x01, 0x7B, 0x95, 0x62, 0x5B,
    0xA9, 0xF3, 0xDD, 0xD7, 0x7C, 0xEC, 0xE7, 0xAB, 0x5A, 0xCE, 0x7D, 0x06, 0xF8, 0xA9, 0x87, 0xB7,
    0x07, 0x8E, 0x64, 0xF2, 0x6F, 0x7C, 0xFF, 0xF0, 0xE2, 0x46, 0xCE, 0x8C, 0x4F, 0xE4, 0xFC, 0xAA,
    0x30, 0x3E, 0xAB, 0xA7, 0x48, 0x8D, 0xD5, 0x8B, 0x0F, 0xBA, 0x70, 0x20, 0x76, 0x64, 0x6F, 0x2B,
    0xAE, 0x01, 0x23, 0x95, 0x86, 0x4E, 0xCE, 0xA4, 0xD4, 0x95, 0x05, 0x43, 0xFB, 0x48, 0xAE, 0xC0,
    0x96, 0x32, 0xC9, 0x7A, 0xF9, 0xE6, 0x7A, 0x76, 0x75, 0x53, 0x52, 0x10, 0x47, 0xCE, 0x73, 0xC5,
    0xBF, 0xA3, 0xBF, 0x72, 0x9B, 0x69, 0x53, 0xF0, 0x02, 0x18, 0x1D, 0x24, 0x28, 0x78, 0x9C, 0xCD,
    0x90, 0xDD, 0x6D, 0xC2, 0x40, 0x10, 0x84, 0x17, 0x10, 0xE2, 0x37, 0x04, 0xD1, 0x00, 0x2E, 0x00,
    0x09, 0x77, 0x90, 0x12, 0x70, 0x07, 0x4E, 0x07, 0xE4, 0x31, 0x6F, 0xD0, 0x01, 0x74, 0x00, 0x1D,
    0x84, 0x0E, 0x00, 0x89, 0x77, 0xD3, 0x01, 0xA1, 0x01, 0x10, 0x49, 0x2C, 0x05, 0x44, 0xB2, 0x99,
    0xDD, 0xF3, 0x9D, 0x0F, 0x89, 0x02, 0xB2, 0x92, 0x77, 0xF6, 0xB3, 0x75, 0x73, 0xEB, 0x21, 0x32,
    0x15, 0x36, 0xC8, 0xAF, 0xF4, 0xCD, 0xA7, 0x31, 0x73, 0xC5, 0xC3, 0x0B, 0xF3, 0x20, 0xA7, 0x35,
    0x33, 0x1F, 0x0B, 0x96, 0x82, 0x5F, 0xE0, 0xC8, 0x7D, 0xFC, 0x02, 0x25, 0x45, 0x87, 0x57, 0xBE,
    0x71, 0xDA, 0x33, 0xF7, 0x3C, 0xDF, 0xC0, 0x3B, 0x28, 0xB5, 0x29, 0xD2, 0xDD, 0x7A, 0x87, 0x4B,
    0x4B, 0xA7, 0x85, 0x4C, 0x2F, 0x68, 0xB1, 0xE2, 0x87, 0xDA, 0xA3, 0x2D, 0x15, 0xBF, 0x31, 0x99,
    0xAE, 0x46, 0xD8, 0x6C, 0x42, 0x74, 0x02, 0xD6, 0x40, 0x11, 0xB4, 0x4B, 0x34, 0x85, 0x3C, 0x02,
    0x57, 0xD0, 0x2A, 0x51, 0x1B, 0x32, 0x04, 0x7E, 0x42, 0xE5, 0x9F, 0xCE, 0xCC, 0x3B, 0x23, 0x33,
    0x7B, 0x41, 0x89, 0xE4, 0x86, 0xBE, 0xE0, 0x5C, 0xBD, 0x9E, 0xD1, 0xEB, 0x66, 0x7F, 0xF1, 0xDA,
    0xDA, 0xFB, 0x24, 0xA7, 0x58, 0x9C, 0xB2, 0x2C, 0x31, 0x25, 0xF2, 0xEE, 0x89, 0xDC, 0xEE, 0x1D,
    0x3C, 0x59, 0xF0, 0x21, 0xC6, 0x57, 0x63, 0x6F, 0xA3, 0x3A, 0xC8, 0x01, 0x2F, 0x48, 0x2F, 0xF6,
    0x95, 0x62, 0xD3, 0x62, 0xA4, 0x58, 0x76, 0x09, 0xFD, 0xB0, 0xD9, 0x3B, 0xAB, 0xD4, 0x25, 0xA4,
    0x25, 0x1B, 0x3E, 0xE4, 0xB8, 0xC8, 0x97, 0xF8, 0x97, 0xF8, 0x07, 0x7F, 0xF8, 0xD9, 0xD3, 0x78,
    0x9C, 0xFB, 0xFA, 0xFF, 0xFF, 0x7F, 0x06, 0x18, 0xF8, 0x4A, 0x26, 0x07, 0x08, 0xCE, 0x65, 0x31,
    0x21, 0x38, 0xFF, 0xFF, 0x9F, 0x67, 0x41, 0xE2, 0xFC, 0x5F, 0x8F, 0xCC, 0xF9, 0xCF, 0x83, 0xCC,
    0x99, 0x8F, 0xCC, 0xF9, 0xCF, 0x0C, 0x31, 0x5A, 0xA0, 0x19, 0xC4, 0xE1, 0x84, 0xD9, 0xF3, 0x10,
    0x48, 0xF3, 0xC1, 0x38, 0x01, 0x40, 0x5A, 0x1E, 0xC6, 0x11, 0x00, 0xD2, 0xF6, 0x70, 0xE7, 0x00,
    0x69, 0x7F, 0xAC, 0x1C, 0x03, 0x20, 0xAD, 0x0F, 0xE3, 0x4C, 0x00, 0xD2, 0xFC, 0x30, 0x0E, 0x88,
    0xE6, 0x81, 0x5A, 0xBA, 0x04, 0x64, 0x29, 0x2B, 0x92, 0x73, 0xCE, 0x23, 0xBB, 0xCD, 0x1E, 0x99,
    0xC3, 0x8A, 0xC4, 0xF1, 0x43, 0xF2, 0x5C, 0x1F, 0x22, 0x0C, 0xF6, 0x79, 0x50, 0x12, 0xA2, 0xD8,
    0x39, 0x00, 0x8C, 0x5C, 0xF4, 0xCA, 0x78, 0x9C, 0x4D, 0x91, 0x4D, 0x0E, 0x81, 0x41, 0x0C, 0x86,
    0x5F, 0xBF, 0x41, 0x88, 0x6F, 0x63, 0x29, 0x9C, 0x40, 0x1C, 0x40, 0x62, 0x6D, 0xC5, 0x0D, 0xB8,
    0x01, 0x71, 0x01, 0x12, 0x07, 0x70, 0x04, 0x27, 0x90, 0x48, 0x1C, 0xC0, 0xC6, 0xDE, 0xCF, 0x56,
    0x82, 0x8D, 0x9D, 0x84, 0x88, 0x9F, 0x05, 0x9F, 0xEA, 0xB4, 0xFD, 0xD0, 0xC5, 0x4C, 0x9F, 0xE9,
    0xB4, 0x7D, 0xA7, 0x03, 0xA0, 0xBB, 0x79, 0x6F, 0x6B, 0x50, 0x9B, 0x92, 0xB3, 0x8A, 0xF8, 0x2D,
    0x52, 0x8B, 0x39, 0xB8, 0x1B, 0x54, 0xD9, 0x2F, 0x9B, 0x4F, 0x3B, 0x86, 0x49, 0x00, 0x14, 0x05,
    0x2E, 0xBC, 0xF5, 0x42, 0x07, 0x5E, 0x93, 0xC0, 0x83, 0xB7, 0xB8, 0x54, 0x49, 0x03, 0x4F, 0xA2,
    0x13, 0xE0, 0x31, 0x64, 0x00, 0x9F, 0x68, 0xC4, 0xA9, 0x1A, 0x79, 0x73, 0x0A, 0x50, 0x64, 0x48,
    0xC9, 0x51, 0x1B, 0xE8, 0x68, 0x57, 0x85, 0xA5, 0x64, 0x1A, 0xDC, 0xE4, 0xB2, 0x81, 0x2F, 0xC5,
    0x14, 0x1A, 0x26, 0x54, 0x60, 0xA2, 0x29, 0x0A, 0x7B, 0xD5, 0xA9, 0x70, 0xE6, 0x35, 0xFC, 0x17,
    0xA1, 0xD2, 0x5F, 0x8E, 0x93, 0xFB, 0xAB, 0x46, 0xB3, 0x90, 0xF5, 0x79, 0x39, 0xCA, 0x1B, 0xAC,
    0xF4, 0xE1, 0x0A, 0xEE, 0x59, 0x44, 0x09, 0x03, 0x19, 0x58, 0xD6, 0x00, 0x6B, 0x76, 0xEA, 0x01,
    0x78, 0xAC, 0xB5, 0x17, 0x80, 0x1B, 0xE6, 0x50, 0x81, 0xB5, 0x5C, 0x83, 0x88, 0xB7, 0xC8, 0x15,
    0xB9, 0x55, 0x53, 0xA0, 0xAF, 0x33, 0x2D, 0x7C, 0x85, 0xBA, 0xF9, 0x08, 0xD8, 0x4F, 0x84, 0x05,
    0x7C, 0xF1, 0x9B, 0x2A, 0x67, 0x2E, 0xD2, 0x22, 0xF6, 0x95, 0x83, 0x23, 0x8D, 0x79, 0x22, 0x1F,
    0x6A, 0x2F, 0x1A, 0x05, 0x78, 0x9C, 0x63, 0x60, 0x60, 0x60, 0x98, 0xC2, 0x00, 0x07, 0x0E, 0xFF,
    0xD9, 0xE1, 0xEC, 0x2F, 0xFF, 0xFD, 0x11, 0xC2, 0xFF, 0xFF, 0x33, 0xC1, 0x85, 0xFF, 0xFF, 0x97,
    0x45, 0x62, 0xEF, 0x87, 0xB2, 0x15, 0xFE, 0x01, 0x39, 0x9C, 0x50, 0xCE, 0x45, 0x20, 0x3B, 0x1F,
    0xA6, 0xFB, 0x37, 0x90, 0xC3, 0x02, 0x65, 0x2F, 0x00, 0xB2, 0xB9, 0x60, 0x12, 0x3F, 0xE0, 0x9A,
    0x19, 0x18, 0x12, 0xFE, 0x73, 0x23, 0x9C, 0xB1, 0x85, 0x81, 0x04, 0xE0, 0xB0, 0xE3, 0xED, 0xFB,
    0xBD, 0xEA, 0x60, 0xE6, 0x92, 0xFF, 0x60, 0x60, 0x0D, 0x64, 0x5E, 0xFD, 0x0F, 0x05, 0xEC, 0x0C,
    0x07, 0x60, 0x4C, 0xA0, 0x93, 0x0A, 0xE0, 0xEC, 0xFF, 0xCC, 0x0C, 0xFF, 0xE0, 0x6C, 0x2E, 0x86,
    0x6F, 0xFF, 0xD7, 0xAB, 0x32, 0x38, 0xFE, 0x04, 0xB2, 0xE5, 0x19, 0x2E, 0xE4, 0xC2, 0x3C, 0x1D,
    0xCF, 0x20, 0x00, 0xF7, 0x43, 0x3F, 0xD8, 0x97, 0xAD, 0xA7, 0xDE, 0x02, 0xC5, 0xD7, 0x03, 0x99,
    0xDB, 0xA0, 0xDA, 0xF7, 0x33, 0x08, 0xFC, 0x84, 0x99, 0xB3, 0x9F, 0xE1, 0x09, 0xDC, 0xCC, 0xF3,
    0x01, 0x20, 0x72, 0x9D, 0xBB, 0x10, 0x50, 0xF6, 0xFC, 0x43, 0x20, 0xD3, 0x17, 0xA8, 0x09, 0xC4,
    0xFE, 0x06, 0xC4, 0x0C, 0x50, 0x36, 0xD0, 0x5C, 0x7F, 0x18, 0xFB, 0xEF, 0xFF, 0xFF, 0xFA, 0x20,
    0xF6, 0x1F, 0x20, 0xFB, 0x1F, 0xC8, 0x6E, 0x06, 0x86, 0xCB, 0xFF, 0x21, 0xE2, 0xFF, 0xC5, 0x04,
    0xB6, 0x82, 0xCD, 0xFC, 0x85, 0x70, 0xFF, 0xF9, 0x2F, 0x48, 0xEC, 0x0D, 0x50, 0xC6, 0x3B, 0x20,
    0x5B, 0xE0, 0x2F, 0x98, 0x39, 0x7F, 0x02, 0xC8, 0x9E, 0x8D, 0x60, 0x67, 0x31, 0x07, 0x80, 0xED,
    0x9C, 0xF2, 0xF7, 0x7E, 0x35, 0x24, 0x1E, 0x01, 0x95, 0x9D, 0xF9, 0xDB, 0x78, 0x9C, 0x95, 0xD1,
    0xBD, 0x0E, 0x01, 0x41, 0x10, 0x07, 0xF0, 0x09, 0x42, 0xA2, 0xBA, 0x28, 0x74, 0x42, 0x23, 0x4A,
    0x0F, 0xA0, 0xA1, 0x92, 0x10, 0xE1, 0x0D, 0x3C, 0x81, 0xD0, 0xAB, 0xD5, 0x14, 0x7A, 0x0A, 0xB5,
    0x8F, 0x82, 0x68, 0xE4, 0xD4, 0x9A, 0x25, 0xA2, 0x16, 0x89, 0x16, 0x0D, 0x12, 0xCE, 0xDD, 0x98,
    0xFD, 0x3C, 0xAD, 0x29, 0x2E, 0xBF, 0xEC, 0xDE, 0xCE, 0xFC, 0x6F, 0x0F, 0x40, 0x56, 0x09, 0x4C,
    0xB5, 0x30, 0x64, 0xFC, 0xC0, 0xAA, 0x66, 0x0A, 0xD1, 0x6C, 0xEC, 0xC8, 0x7A, 0xE3, 0xE3, 0xBB,
    0x47, 0xBC, 0x05, 0xA4, 0x9F, 0xE4, 0x84, 0x64, 0x9E, 0x68, 0xAB, 0xB7, 0x87, 0xE4, 0xA8, 0x6E,
    0xE9, 0x60, 0xD7, 0x4C, 0x9A, 0x62, 0xD8, 0x8F, 0x50, 0x86, 0x3F, 0x2A, 0xBF, 0xBC, 0xDC, 0x56,
    0x19, 0xC1, 0x11, 0x8A, 0xCA, 0x11, 0x0F, 0xA8, 0x2A, 0x02, 0x6B, 0x4D, 0x6C, 0xD2, 0xC7, 0x99,
    0x0A, 0x82, 0x67, 0x1C, 0xA5, 0xBC, 0x93, 0x34, 0x14, 0x5E, 0xE4, 0x24, 0x6C, 0x1B, 0x3A, 0x76,
    0x1D, 0x2C, 0x1D, 0x55, 0x66, 0x4D, 0x75, 0x36, 0x17, 0x5A, 0x9F, 0x10, 0x17, 0xEA, 0xB8, 0x0D,
    0xD6, 0x4B, 0xF7, 0xB1, 0xE1, 0x6C, 0x7A, 0xB2, 0x1A, 0x7F, 0x8E, 0x8B, 0x31, 0xDA, 0x65, 0x27,
    0x62, 0x85, 0x0E, 0x71, 0xD3, 0xD5, 0x30, 0x50, 0x76, 0xD4, 0xE5, 0x71, 0xBB, 0x88, 0x59, 0x75,
    0xA3, 0xCC, 0xE3, 0xB3, 0x01, 0xF6, 0x28, 0xD7, 0x31, 0x6E, 0xCD, 0x45, 0xCF, 0xB7, 0x9F, 0x9F,
    0xDD, 0x7F, 0x3C, 0x55, 0xB8, 0x92, 0x2D, 0x57, 0x70, 0xD0, 0xE3, 0x73, 0x66, 0x22, 0x56, 0xB0,
    0x26, 0x66, 0xF6, 0xDD, 0x63, 0x5B, 0xFE, 0x9F, 0x2F, 0x1F, 0x45, 0xF9, 0x2A, 0x78, 0x9C, 0x8D,
    0xD0, 0x21, 0x4F, 0x03, 0x41, 0x10, 0x05, 0xE0, 0x81, 0x13, 0x34, 0x04, 0xB1, 0x41, 0x54, 0xD4,
    0x50, 0x43, 0x50, 0x04, 0x3C, 0x02, 0xAA, 0x50, 0x0D, 0xFD, 0x07, 0xFC, 0x01, 0x08, 0xF5, 0x08,
    0x30, 0x68, 0x10, 0x78, 0x42, 0x52, 0x4D, 0x41, 0x40, 0x30, 0xA4, 0x55, 0x15, 0x84, 0xE4, 0x1A,
    0x48, 0x35, 0x69, 0x52, 0xDB, 0x9E, 0x00, 0x4A, 0xAE, 0x70, 0xF7, 0x78, 0x33, 0xB7, 0x3D, 0x90,
    0x4C, 0xB2, 0x7B, 0x5F, 0xEE, 0xB2, 0x6F, 0x66, 0x4F, 0x44, 0xE4, 0x0D, 0xC0, 0xA6, 0x58, 0xB9,
    0x94, 0x8E, 0x66, 0xCC, 0x6D, 0x68, 0x2D, 0x98, 0x27, 0xE6, 0xA6, 0xF2, 0x98, 0x78, 0xE2, 0x2A,
    0xD0, 0x1F, 0xC0, 0x91, 0x7C, 0x02, 0xBB, 0x74, 0x8A, 0x28, 0x90, 0x75, 0xEE, 0xF4, 0x33, 0x4A,
    0xDC, 0x2F, 0xB1, 0xAA, 0x91, 0x7B, 0x96, 0xD0, 0xC9, 0x42, 0xFF, 0x51, 0x5B, 0xF7, 0xC3, 0xE8,
    0x61, 0xC5, 0xD8, 0xB0, 0xB6, 0xD8, 0x20, 0x7B, 0xF0, 0x35, 0xE7, 0x07, 0xD3, 0x3A, 0x90, 0x7A,
    0x6E, 0x04, 0x92, 0xE6, 0x9E, 0x97, 0x31, 0x9A, 0xCB, 0x52, 0x89, 0xE9, 0x25, 0xE9, 0xEE, 0x5B,
    0x2E, 0x74, 0x50, 0x97, 0x35, 0xF9, 0x02, 0x4E, 0xF5, 0x59, 0x3E, 0x79, 0x1C, 0xFA, 0x9B, 0xDD,
    0xF9, 0xE3, 0x2D, 0x71, 0xF1, 0x34, 0xA7, 0x25, 0x83, 0x3C, 0x33, 0xAC, 0xE9, 0x7E, 0xB5, 0xBD,
    0xC8, 0xAF, 0x61, 0x9F, 0xAC, 0xF2, 0x90, 0x7A, 0xCC, 0x25, 0xDE, 0xCC, 0xDD, 0x99, 0x3A, 0x01,
    0xD6, 0xD4, 0xDF, 0x74, 0x9A, 0xFD, 0xA4, 0x17, 0x64, 0xEF, 0x51, 0x74, 0xB7, 0x96, 0x39, 0xF9,
    0x9D, 0x3F, 0x7C, 0xFF, 0xE3, 0x6B, 0x8F, 0x11, 0xED, 0x12, 0xE3, 0xC5, 0x99, 0xF6, 0xB9, 0xB1,
    0xB1, 0x82, 0x9A, 0xF5, 0x3C, 0x4F, 0x5E, 0x0F, 0x67, 0xED, 0x3E, 0x3F, 0x22, 0xBE, 0x03, 0xA8,
    0x78, 0x9C, 0x9D, 0xD0, 0x31, 0x4F, 0x02, 0x41, 0x10, 0x05, 0xE0, 0x27, 0x27, 0x90, 0x68, 0xB3,
    0xA1, 0xA0, 0xF5, 0x1A, 0x42, 0x63, 0x62, 0xAF, 0x0D, 0x54, 0x54, 0x84, 0xFB, 0x07, 0x56, 0x96,
    0x06, 0x3A, 0x0A, 0x6B, 0x62, 0xAC, 0xBC, 0xC2, 0xDE, 0xC6, 0x5A, 0x30, 0x51, 0x42, 0x43, 0x8E,
    0x9A, 0xE6, 0x30, 0x84, 0x9A, 0x90, 0x58, 0x91, 0x20, 0x8D, 0x62, 0x00, 0x61, 0x9C, 0xD9, 0xBD,
    0x3D, 0xA8, 0x9D, 0xE2, 0xF2, 0x65, 0x6F, 0x77, 0xDE, 0xEE, 0x00, 0x80, 0x42, 0x5C, 0xAF, 0x14,
    0x38, 0x50, 0x77, 0x75, 0x07, 0xF0, 0x89, 0xE8, 0x1E, 0x1E, 0x51, 0x0A, 0xF8, 0x66, 0xD3, 0xE9,
    0x3B, 0x51, 0x12, 0xD8, 0x50, 0x54, 0x07, 0x70, 0x2D, 0x43, 0xC8, 0xC6, 0xE3, 0x17, 0x71, 0x05,
    0xA8, 0x11, 0x1D, 0xE2, 0x87, 0x9D, 0x06, 0xDC, 0xAB, 0x5B, 0xDE, 0x38, 0x9D, 0x9F, 0xE3, 0x3F,
    0x55, 0xE8, 0xCC, 0xE6, 0xDD, 0xBC, 0xE6, 0x93, 0x89, 0xBA, 0x60, 0x8E, 0x6C, 0x6E, 0x1A, 0x3D,
    0x4B, 0xAA, 0x4A, 0xAC, 0x2D, 0x07, 0xDB, 0xD8, 0x47, 0x58, 0x50, 0x33, 0x87, 0xE2, 0x92, 0x7D,
    0x82, 0xC1, 0xB5, 0xEE, 0xCB, 0xBE, 0xB4, 0x0F, 0x5F, 0xCB, 0x43, 0xB9, 0xDC, 0x46, 0x7F, 0xC6,
    0xEB, 0x4D, 0x66, 0x3B, 0x3A, 0x1E, 0x40, 0x2D, 0x6D, 0x9F, 0x00, 0x1F, 0x71, 0xCF, 0xD0, 0x93,
    0xEF, 0x73, 0x29, 0xC3, 0x7F, 0xC3, 0x09, 0xB3, 0xCC, 0x87, 0xC4, 0x0B, 0x3D, 0x0C, 0xE3, 0xB5,
    0x1E, 0x86, 0x31, 0x4F, 0xED, 0x4C, 0xFC, 0xCB, 0xDE, 0x4A, 0x36, 0x30, 0x24, 0xB3, 0x4E, 0x59,
    0xF5, 0xA6, 0x7B, 0xAE, 0x76, 0xF7, 0x0F, 0xBF, 0xF6, 0xDC, 0x8A, 0xF0, 0xC9, 0x56, 0x66, 0xFC,
    0x8F, 0xBE, 0xE4, 0xE8, 0x79, 0x07, 0x8E, 0xA7, 0x33, 0x1F, 0x36, 0xE3, 0x9B, 0x84, 0x7E, 0xCF,
    0x1F, 0x76, 0x86, 0x09, 0xD1, 0x78, 0x9C, 0x63, 0x60, 0x68, 0xF8, 0x57, 0xCB, 0xC0, 0xC0, 0x70,
    0xFD, 0x3D, 0x07, 0x90, 0xFC, 0xFD, 0xFF, 0x3F, 0x27, 0xC3, 0x84, 0xFF, 0xFF, 0xF7, 0x33, 0x30,
    0x38, 0xFC, 0xFF, 0xFF, 0x5F, 0x9F, 0xE1, 0x13, 0x90, 0x64, 0x61, 0x28, 0x00, 0x92, 0xF9, 0x0C,
    0xDF, 0x80, 0x24, 0x3B, 0x43, 0x03, 0x9C, 0xCD, 0x81, 0xA2, 0x06, 0x59, 0x2F, 0x8A, 0x99, 0x24,
    0x03, 0x87, 0x1D, 0x6F, 0xDF, 0xEF, 0x55, 0x07, 0x33, 0x97, 0xFC, 0x07, 0x03, 0x6B, 0x20, 0xF3,
    0xEA, 0x7F, 0x28, 0x60, 0x67, 0x38, 0x00, 0x63, 0x02, 0x1D, 0x52, 0x00, 0x67, 0xFF, 0x67, 0x66,
    0xF8, 0x07, 0x67, 0x73, 0x01, 0x5D, 0xB8, 0x5E, 0x95, 0xC1, 0xF1, 0x27, 0x90, 0x2D, 0xCF, 0x70,
    0x21, 0x17, 0x6C, 0x2E, 0x90, 0x1D, 0xCF, 0x20, 0x00, 0xB1, 0x04, 0xE8, 0xDA, 0x7E, 0x10, 0xAD,
    0xD0, 0x7A, 0xEA, 0x2D, 0x50, 0x7C, 0x3D, 0x90, 0xB9, 0x0D, 0xAA, 0x7D, 0x3F, 0x83, 0xC0, 0x4F,
    0x98, 0x39, 0xFB, 0x19, 0x9E, 0xC0, 0xCD, 0x3C, 0x1F, 0x00, 0x22, 0xD7, 0xB9, 0x0B, 0x01, 0x65,
    0xCF, 0x3F, 0x04, 0x32, 0x7D, 0x81, 0x9A, 0x40, 0x6C, 0x60, 0x60, 0x9C, 0x67, 0x80, 0xB2, 0x81,
    0xE6, 0xFA, 0xC3, 0xD8, 0x7F, 0x41, 0xA1, 0x03, 0x04, 0x7F, 0x80, 0xEC, 0x7F, 0x20, 0xBB, 0x19,
    0x18, 0x2E, 0xFF, 0x87, 0x88, 0xFF, 0x17, 0x13, 0xD8, 0x0A, 0x36, 0xF3, 0x17, 0xC2, 0xFD, 0xE7,
    0xBF, 0x20, 0xB1, 0x37, 0x40, 0x19, 0xEF, 0x80, 0x6C, 0x81, 0xBF, 0x60, 0xE6, 0xFC, 0x09, 0x20,
    0x7B, 0x36, 0x82, 0x9D, 0xC5, 0x1C, 0x00, 0xB6, 0x73, 0xCA, 0xDF, 0xFB, 0xD5, 0x4C, 0x60, 0xFF,
    0x00, 0x00, 0xE1, 0x50, 0x07, 0xA4, 0x78, 0x9C, 0x63, 0x60, 0x60, 0x60, 0x08, 0x78, 0xF5, 0x7F,
    0x1D, 0x2B, 0x03, 0x04, 0xFC, 0xFE, 0xFF, 0xFF, 0xFF, 0x7E, 0x08, 0x73, 0xC1, 0x7F, 0x10, 0xE0,
    0x02, 0xB3, 0x3F, 0xFF, 0xDF, 0x2F, 0xF8, 0xFB, 0xBF, 0x3D, 0x98, 0xFD, 0xFD, 0xBF, 0x3C, 0xC3,
    0xC7, 0xFF, 0xF5, 0x60, 0xF6, 0xCF, 0xFF, 0x7C, 0x0C, 0x0F, 0xFE, 0xCF, 0xC7, 0x10, 0x47, 0x56,
    0x8F, 0x6C, 0x0E, 0xB2, 0xF9, 0x28, 0xF6, 0x12, 0x01, 0x1C, 0x76, 0xBC, 0x7D, 0xBF, 0x57, 0x1D,
    0xCC, 0x5C, 0x02, 0x36, 0xF2, 0xBF, 0x35, 0x90, 0x79, 0xF5, 0x3F, 0x14, 0xB0, 0x33, 0x1C, 0x80,
    0x31, 0xFF, 0xE7, 0x33, 0x14, 0xC0, 0xD9, 0xFF, 0x99, 0x19, 0xFE, 0xC1, 0xD9, 0x5C, 0x0C, 0xDF,
    0xFE, 0xAF, 0x57, 0x65, 0x70, 0xFC, 0x09, 0x64, 0xCB, 0x33, 0x5C, 0xC8, 0x05, 0x9B, 0x0B, 0x64,
    0xC7, 0x33, 0x08, 0xC0, 0xDD, 0xD7, 0x0F, 0xA2, 0x15, 0x5A, 0x4F, 0xBD, 0x05, 0x8A, 0xAF, 0x07,
    0x32, 0xB7, 0x41, 0xB5, 0xEF, 0x67, 0x10, 0xF8, 0x09, 0x33, 0x67, 0x3F, 0xC3, 0x13, 0xB8, 0x99,
    0xE7, 0x03, 0x40, 0xE4, 0x3A, 0x77, 0x21, 0xA0, 0xEC, 0xF9, 0x87, 0x40, 0xA6, 0x2F, 0x38, 0x60,
    0xFE, 0x9F, 0xFF, 0x06, 0xC4, 0x0C, 0x50, 0x36, 0xD0, 0x5C, 0x7F, 0x18, 0xFB, 0xEF, 0xFF, 0xFF,
    0xFA, 0x20, 0xF6, 0x1F, 0x20, 0xFB, 0x1F, 0xC8, 0x6E, 0x06, 0x86, 0xCB, 0xFF, 0x21, 0xE2, 0xFF,
    0xC5, 0x04, 0xB6, 0x82, 0xCD, 0xFC, 0x85, 0x70, 0xFF, 0xF9, 0x2F, 0x48, 0xEC, 0x0D, 0x50, 0xC6,
    0x3B, 0x20, 0x5B, 0xE0, 0x2F, 0x98, 0x39, 0x7F, 0x02, 0xC8, 0x9E, 0x8D, 0x60, 0x67, 0x31, 0x07,
    0x80, 0xED, 0x9C, 0xF2, 0xF7, 0x7E, 0x35, 0x13, 0xD8, 0x3F, 0x00, 0x1E, 0x04, 0x07, 0x0B, 0x78,
    0x9C, 0x4D, 0x90, 0x3D, 0x4E, 0x42, 0x51, 0x10, 0x46, 0x0F, 0x04, 0x10, 0xF1, 0x27, 0x2C, 0x01,
    0x0A, 0x12, 0x4A, 0x3A, 0x4A, 0xD8, 0x01, 0x4B, 0x80, 0xDA, 0xE6, 0xED, 0x40, 0x0C, 0x2C, 0x00,
    0x12, 0x16, 0xC0, 0x12, 0xE8, 0x28, 0x7D, 0x6A, 0x65, 0x85, 0xD2, 0x50, 0xF2, 0x0A, 0x2B, 0x42,
    0xCC, 0x53, 0x0B, 0x88, 0x44, 0x18, 0x66, 0x2E, 0x8F, 0x78, 0x27, 0xB9, 0x93, 0x39, 0x93, 0x9B,
    0xF9, 0xBE, 0x19, 0xA8, 0xBD, 0x1E, 0x1E, 0xB3, 0x30, 0xDA, 0xCF, 0x72, 0x40, 0xF3, 0x4F, 0x44,
    0x42, 0x86, 0x9A, 0xDF, 0x52, 0x94, 0x8C, 0x44, 0xAE, 0x76, 0x96, 0x6F, 0xA8, 0x39, 0x92, 0xD0,
    0xE5, 0x09, 0xEC, 0xC4, 0x8B, 0x34, 0x3F, 0xE7, 0x72, 0xA9, 0xEF, 0x92, 0x61, 0x5C, 0x2F, 0x6E,
    0xB5, 0x0A, 0xF8, 0x10, 0xB9, 0xA5, 0x78, 0x01, 0x0F, 0x8A, 0x79, 0xCB, 0x0D, 0x2C, 0x4A, 0x8A,
    0x29, 0x9A, 0x22, 0x6D, 0x87, 0x88, 0x44, 0xAE, 0x39, 0x30, 0xE8, 0xAF, 0xCF, 0xE3, 0xC6, 0xDA,
    0x5C, 0xFD, 0x0B, 0xA9, 0xF0, 0xAF, 0xA7, 0x3B, 0x66, 0xEE, 0xDB, 0x18, 0xA0, 0x9E, 0xC3, 0xCA,
    0x3E, 0xC1, 0xA0, 0xA3, 0x29, 0xA7, 0xBD, 0xE8, 0x24, 0xF1, 0x64, 0xDB, 0x99, 0xF1, 0xB4, 0xC3,
    0x2F, 0xB3, 0xC7, 0xD6, 0x5C, 0x59, 0xE8, 0x06, 0x5D, 0xD8, 0x88, 0xB4, 0x14, 0xDC, 0x42, 0x71,
    0xA6, 0x67, 0x63, 0xAA, 0xE5, 0xC5, 0x35, 0xDF, 0xBE, 0x4E, 0x9B, 0x77, 0x1F, 0x23, 0x3A, 0xA7,
    0x22, 0xB1, 0x96, 0xC5, 0x9D, 0x2E, 0x48, 0x4E, 0x56, 0xE0, 0xD9, 0x3E, 0x65, 0x78, 0x31, 0xBA,
    0xD7, 0xE9, 0x53, 0x77, 0x75, 0x46, 0x9F, 0xF1, 0x1D, 0x1C, 0x01, 0x3B, 0x47, 0xFC, 0xC5, 0x78,
    0x9C, 0x75, 0x90, 0x3D, 0x0E, 0x41, 0x41, 0x14, 0x85, 0x8F, 0xF8, 0x8B, 0x9F, 0xE2, 0x35, 0x1A,
    0x9A, 0x57, 0xD1, 0xEA, 0x15, 0xE8, 0x15, 0xD8, 0x00, 0xB1, 0x01, 0x6A, 0xAB, 0x10, 0xBD, 0x50,
    0x69, 0xAD, 0x40, 0x9E, 0x15, 0xB0, 0x04, 0x16, 0x40, 0x1E, 0x21, 0xC4, 0x5F, 0xC6, 0xBD, 0x6F,
    0xE6, 0x8E, 0xA7, 0x70, 0xAA, 0xF3, 0x4D, 0xEE, 0x9C, 0x39, 0x77, 0x00, 0xC0, 0x9D, 0x1F, 0xFC,
    0x65, 0x09, 0x81, 0x9A, 0x2F, 0xC5, 0x6A, 0xB0, 0x77, 0xDF, 0x4A, 0xAB, 0x40, 0x70, 0x35, 0x5E,
    0x6D, 0x80, 0xAE, 0x78, 0x55, 0x05, 0x2E, 0x16, 0x12, 0x00, 0xDF, 0xD8, 0x14, 0xD1, 0x7B, 0x2D,
    0x80, 0x81, 0x39, 0x43, 0x2D, 0x03, 0xEC, 0xC8, 0xF7, 0x61, 0x74, 0x26, 0xC8, 0x08, 0x70, 0x70,
    0x4C, 0xE0, 0x4E, 0x20, 0x1E, 0x8F, 0xBF, 0xF0, 0x33, 0x76, 0x0B, 0x07, 0x70, 0x9B, 0xB4, 0xC0,
    0x91, 0xA0, 0x13, 0x38, 0x17, 0x18, 0x71, 0x9D, 0x38, 0xF9, 0xF2, 0x1E, 0x70, 0x18, 0xBC, 0x1C,
    0x15, 0x55, 0x29, 0x9D, 0x60, 0xF7, 0x99, 0x59, 0xD8, 0xD2, 0xF0, 0x53, 0xC0, 0x8F, 0x98, 0x8D,
    0x58, 0x79, 0xCE, 0x1C, 0x6B, 0x5F, 0xD1, 0x6F, 0xB5, 0xA8, 0xD3, 0x24, 0x27, 0x2F, 0xAF, 0xD4,
    0xD4, 0xF6, 0xA3, 0x75, 0xAB, 0x5F, 0x78, 0xA8, 0x6D, 0x52, 0xBC, 0x63, 0x72, 0xB5, 0xEA, 0xB4,
    0x62, 0xCA, 0xCE, 0x51, 0xDD, 0x6C, 0x18, 0xE4, 0xBF, 0x9C, 0x36, 0x8D, 0x49, 0x02, 0x17, 0xF7,
    0x42, 0xAB, 0xFB, 0x36, 0xFA, 0xB4, 0x1E, 0x46, 0x03, 0xF3, 0x01, 0xC1, 0xAA, 0xC4, 0x93, 0x78,
    0x9C, 0x63, 0x60, 0x60, 0x60, 0x58, 0xC0, 0xC2, 0x80, 0x00, 0xBF, 0xF4, 0x10, 0xEC, 0x05, 0xFF,
    0xEF, 0x23, 0x49, 0xFC, 0xFF, 0xCF, 0x8D, 0x90, 0xF8, 0xFF, 0xBF, 0x1F, 0xC6, 0x99, 0x00, 0xE4,
    0xFC, 0x67, 0x85, 0xF1, 0xBE, 0x03, 0x39, 0xF6, 0x30, 0x4E, 0x00, 0x90, 0xF3, 0x9E, 0x11, 0xC6,
    0xFB, 0x02, 0xE4, 0xF1, 0xC0, 0x38, 0x0A, 0xFF, 0x90, 0xD4, 0x31, 0x5C, 0x44, 0x32, 0x81, 0x41,
    0xE0, 0x77, 0x3C, 0x92, 0x83, 0x16, 0xB0, 0x31, 0x90, 0x08, 0x1C, 0x4E, 0xFE, 0xBB, 0x57, 0xCD,
    0x04, 0x61, 0x17, 0xFC, 0x03, 0xB9, 0x6E, 0x3F, 0x98, 0x67, 0x00, 0x66, 0xFF, 0xFF, 0x9F, 0x0F,
    0xE2, 0x7C, 0xFD, 0x0F, 0x05, 0xEC, 0x40, 0x0D, 0x30, 0x36, 0xC8, 0x45, 0x0F, 0xE1, 0x1C, 0xA0,
    0xE7, 0x7F, 0x02, 0xA9, 0x28, 0x26, 0x85, 0xE7, 0x20, 0x1F, 0x2A, 0x00, 0x09, 0x7F, 0x90, 0xF3,
    0xFE, 0x02, 0x43, 0xA2, 0x01, 0xA2, 0x93, 0x81, 0xE1, 0xDB, 0xFF, 0xFF, 0x7C, 0x17, 0xFE, 0x23,
    0x80, 0xFE, 0x07, 0x24, 0x8E, 0xFD, 0x27, 0x24, 0x4E, 0xFC, 0x67, 0x24, 0x8E, 0xFF, 0x67, 0x5C,
    0xCA, 0xE4, 0x41, 0x06, 0x30, 0xC3, 0xFC, 0x02, 0x32, 0x9A, 0x13, 0x39, 0xA4, 0xE1, 0x61, 0x66,
    0x00, 0x0A, 0x5B, 0x70, 0xCC, 0x35, 0x32, 0x82, 0x63, 0xE7, 0xFF, 0x7E, 0x35, 0x06, 0xC3, 0x6D,
    0xFF, 0x39, 0x18, 0x18, 0x10, 0xC6, 0xC9, 0x43, 0xE2, 0x00, 0x02, 0xE6, 0x43, 0x9C, 0x0B, 0x05,
    0xC0, 0x20, 0x31, 0xF8, 0x0B, 0x65, 0xE7, 0x81, 0x8C, 0x49, 0x80, 0xF0, 0x72, 0xA1, 0xC6, 0x6F,
    0x7F, 0xFB, 0x7E, 0xAD, 0x3A, 0x90, 0x01, 0x00, 0xE6, 0x91, 0xF8, 0xEC, 0x78, 0x9C, 0x63, 0x60,
    0x80, 0x80, 0x4D, 0x0C, 0x48, 0xE0, 0x2F, 0x0F, 0x82, 0xBD, 0xE1, 0xFF, 0x79, 0x04, 0xE7, 0xC7,
    0xFF, 0xFF, 0x70, 0xA9, 0x80, 0xFF, 0xFF, 0x11, 0x52, 0x9F, 0x81, 0x9C, 0xFD, 0x50, 0xB6, 0xC0,
    0x3F, 0x20, 0x87, 0x0B, 0xCA, 0x39, 0x00, 0x64, 0xF7, 0xC3, 0x54, 0xFD, 0x02, 0x72, 0xD8, 0x90,
    0x54, 0xF9, 0x33, 0x20, 0xF4, 0xBF, 0x67, 0x86, 0x73, 0x0C, 0xFE, 0xEB, 0x22, 0x39, 0x66, 0x33,
    0x23, 0x03, 0x89, 0xC0, 0xE1, 0xE4, 0xBF, 0x7B, 0xD5, 0x4C, 0x10, 0x76, 0x01, 0xC8, 0x31, 0xFF,
    0xF7, 0x83, 0x79, 0x06, 0x60, 0xF6, 0xFF, 0xFF, 0xF9, 0x20, 0xCE, 0xD7, 0xFF, 0x50, 0xC0, 0x0E,
    0xD4, 0x00, 0x63, 0xFF, 0xB7, 0x67, 0x60, 0x78, 0x08, 0xE7, 0xDC, 0x67, 0x60, 0xF8, 0x09, 0xA4,
    0xA2, 0x98, 0x14, 0x9E, 0x03, 0x29, 0x56, 0x85, 0xFF, 0x10, 0x17, 0x0B, 0xFC, 0xFD, 0xFF, 0x9F,
    0xBB, 0x01, 0xA2, 0x93, 0x81, 0xE1, 0xDB, 0xFF, 0xFF, 0x7C, 0x17, 0xFE, 0x23, 0x80, 0xFE, 0x07,
    0x24, 0x8E, 0xFD, 0x27, 0x24, 0x4E, 0xFC, 0x67, 0x24, 0x8E, 0xFF, 0x67, 0x5C, 0xCA, 0xE4, 0x41,
    0x06, 0xC0, 0x03, 0x03, 0x64, 0x34, 0x27, 0x8C, 0x33, 0x01, 0xE2, 0x42, 0x58, 0x28, 0xFD, 0xFF,
    0xFF, 0x9E, 0x05, 0xC4, 0x6A, 0x64, 0x84, 0x04, 0xED, 0x7E, 0x35, 0x06, 0xC3, 0x6D, 0xFF, 0x39,
    0x18, 0x18, 0x10, 0xC6, 0xC9, 0x43, 0xE2, 0x09, 0x02, 0xE6, 0x43, 0x9C, 0x0B, 0x05, 0xC0, 0x20,
    0x31, 0xF8, 0x0B, 0x65, 0xE7, 0x81, 0x8C, 0x49, 0x80, 0xF0, 0x72, 0xA1, 0xC6, 0x6F, 0x7F, 0xFB,
    0x7E, 0xAD, 0x3A, 0x90, 0x01, 0x00, 0x82, 0xB6, 0xF8, 0xE9, 0x78, 0x9C, 0x63, 0x60, 0x60, 0x60,
    0x98, 0xF0, 0xFF, 0xFF, 0xFF, 0xFD, 0x0C, 0x50, 0xF0, 0x0D, 0xC8, 0xF9, 0xCF, 0x09, 0x61, 0x3B,
    0x80, 0xD8, 0xFF, 0xEB, 0x21, 0x9C, 0x47, 0x60, 0xCE, 0x7F, 0x16, 0x10, 0x5B, 0xE0, 0xEF, 0xFF,
    0xFF, 0xF3, 0xFF, 0xFD, 0xFF, 0xAF, 0x0F, 0xE2, 0x1C, 0xF8, 0xFF, 0xFF, 0x3E, 0xF3, 0x41, 0x20,
    0xC1, 0x08, 0xE4, 0x7C, 0xF9, 0xFF, 0x9F, 0x8B, 0x81, 0xE1, 0xC7, 0xFF, 0xFF, 0xEC, 0x40, 0x4E,
    0xC2, 0xFF, 0x78, 0x20, 0x69, 0xF0, 0x6F, 0x3E, 0xD8, 0x80, 0xA3, 0x4C, 0x20, 0x72, 0x21, 0x3B,
    0x03, 0x29, 0xC0, 0xE1, 0xE4, 0xBF, 0x7B, 0xD5, 0x4C, 0x10, 0x76, 0xC1, 0x3F, 0x90, 0x03, 0xF6,
    0x83, 0x79, 0x06, 0xFF, 0x20, 0xCE, 0xC9, 0x07, 0x71, 0xBE, 0xFE, 0x87, 0x02, 0x76, 0x98, 0x9B,
    0x41, 0xC0, 0x9E, 0x81, 0xE1, 0x21, 0x9C, 0x73, 0x9F, 0x81, 0xE1, 0x27, 0x90, 0x8A, 0x62, 0x52,
    0x78, 0x0E, 0xA4, 0x58, 0x15, 0x80, 0x84, 0x3F, 0xD4, 0x23, 0xDC, 0x0D, 0x10, 0x9D, 0x60, 0xBF,
    0xF3, 0x5D, 0xF8, 0x8F, 0x00, 0xFA, 0x1F, 0x90, 0x38, 0xF6, 0x9F, 0x90, 0x38, 0xF1, 0x9F, 0x91,
    0x38, 0xFE, 0x9F, 0x71, 0x29, 0x93, 0x07, 0x19, 0xC0, 0x0C, 0xF3, 0xCB, 0x05, 0x44, 0xC8, 0x42,
    0x02, 0xDD, 0x1E, 0xC6, 0x31, 0x00, 0x72, 0xDE, 0x83, 0x43, 0xB6, 0x11, 0x18, 0x88, 0xBF, 0x40,
    0xBE, 0x54, 0x63, 0x30, 0xDC, 0xF6, 0x9F, 0x83, 0x81, 0x01, 0x61, 0x9C, 0x3C, 0x03, 0x43, 0x00,
    0x9C, 0x33, 0x1F, 0x16, 0x55, 0x60, 0x00, 0x0C, 0x12, 0x83, 0xBF, 0x50, 0x76, 0x1E, 0xC8, 0x98,
    0x04, 0x08, 0x2F, 0x17, 0x6A, 0xFC, 0xF6, 0xB7, 0xEF, 0xD7, 0xAA, 0x03, 0x19, 0x00, 0x47, 0x68,
    0x03, 0x2D, 0x78, 0x9C, 0x63, 0x60, 0x50, 0xF8, 0xBD, 0x9F, 0x99, 0x81, 0x61, 0xD1, 0x3F, 0x1F,
    0x06, 0x20, 0xF8, 0xF4, 0xFF, 0xBF, 0x3D, 0x83, 0xC0, 0xBF, 0xFF, 0xFF, 0x59, 0x80, 0x9C, 0x5F,
    0xFF, 0xFF, 0x9F, 0x67, 0x98, 0xF0, 0xFF, 0xFF, 0x7F, 0x5E, 0x20, 0x07, 0x28, 0xF6, 0x9F, 0xE1,
    0x00, 0x90, 0x90, 0x87, 0x71, 0x2E, 0x40, 0x39, 0x28, 0xCA, 0x50, 0x0C, 0x40, 0x31, 0x9A, 0x3C,
    0xE0, 0x70, 0xF2, 0xDF, 0xBD, 0x6A, 0x26, 0x08, 0xBB, 0x00, 0x64, 0xED, 0xFF, 0xFD, 0x60, 0x9E,
    0x01, 0x98, 0xFD, 0xFF, 0x7F, 0x3E, 0x88, 0xF3, 0xF5, 0x3F, 0x14, 0xB0, 0x03, 0x35, 0xC0, 0xD8,
    0x40, 0x77, 0x30, 0x3C, 0x84, 0x73, 0xEE, 0x33, 0x30, 0xFC, 0x04, 0x52, 0x51, 0x4C, 0x0A, 0xCF,
    0x81, 0x14, 0xAB, 0x02, 0x90, 0xF0, 0x07, 0xEA, 0x14, 0xF8, 0xFB, 0xFF, 0x3F, 0x77, 0x03, 0x44,
    0x27, 0x03, 0xC3, 0xB7, 0xFF, 0xFF, 0xF9, 0x2E, 0xFC, 0x47, 0x00, 0xFD, 0x0F, 0x48, 0x1C, 0xFB,
    0x4F, 0x48, 0x9C, 0xF8, 0xCF, 0x48, 0x1C, 0xFF, 0xCF, 0xB8, 0x94, 0xC9, 0x83, 0x0C, 0x60, 0x86,
    0xF9, 0x05, 0x64, 0x34, 0x27, 0x8C, 0x33, 0x01, 0xE2, 0x42, 0x08, 0x30, 0x00, 0x72, 0xDE, 0x83,
    0x42, 0x8C, 0xA1, 0x91, 0x11, 0x1C, 0xA0, 0xFF, 0xF7, 0xAB, 0x31, 0x18, 0x6E, 0xFB, 0xCF, 0x01,
    0x0E, 0x50, 0x98, 0x61, 0x0C, 0x0C, 0x01, 0x70, 0xCE, 0x7C, 0x88, 0x73, 0xA1, 0x00, 0x18, 0x24,
    0x06, 0x7F, 0xA1, 0xEC, 0x3C, 0x90, 0x31, 0x09, 0x10, 0x5E, 0x2E, 0xD4, 0xF8, 0xED, 0x6F, 0xDF,
    0xAF, 0x55, 0x07, 0x32, 0x00, 0x09, 0x65, 0x06, 0xD5, 0x78, 0x9C, 0x63, 0x60, 0x60, 0x60, 0x10,
    0x90, 0x66, 0x80, 0x82, 0x8B, 0xFB, 0xA1, 0x0C, 0x81, 0xBF, 0xFF, 0x39, 0xA0, 0x42, 0xFF, 0xFF,
    0xE7, 0xC3, 0x84, 0xFE, 0xFF, 0x67, 0x86, 0xB3, 0xE4, 0xC0, 0x82, 0x07, 0x81, 0xAC, 0xF3, 0x10,
    0x85, 0xBF, 0x80, 0x4C, 0x2E, 0x30, 0xAB, 0x01, 0xC8, 0xAA, 0x87, 0x08, 0x7E, 0xFB, 0xFF, 0xFF,
    0x3E, 0x84, 0x15, 0x00, 0xD3, 0xC2, 0xC0, 0xF0, 0xF8, 0x3D, 0x13, 0x94, 0xA5, 0xA0, 0xC3, 0x40,
    0x00, 0x7C, 0xF8, 0x0F, 0x05, 0x2C, 0xA4, 0xB3, 0xC0, 0x06, 0x7C, 0x1C, 0xAA, 0x2C, 0x00, 0x1E,
    0x3A, 0xA4, 0xAA, 0x78, 0x9C, 0x63, 0x60, 0x80, 0x80, 0x04, 0x76, 0x06, 0x38, 0xF8, 0x52, 0x0F,
    0x67, 0x2A, 0xFC, 0xFB, 0x0F, 0x97, 0xB8, 0xF0, 0xFF, 0x3F, 0x5C, 0xE2, 0xF7, 0xFF, 0xFF, 0x30,
    0x89, 0x86, 0xFF, 0x08, 0xF6, 0x57, 0x20, 0x33, 0x1E, 0xC2, 0x34, 0x00, 0x32, 0xDF, 0x33, 0x43,
    0xD8, 0x0F, 0x81, 0x6C, 0x3D, 0xA8, 0xCE, 0x6F, 0xFF, 0xFF, 0xDF, 0x67, 0x84, 0xB2, 0x0B, 0xFE,
    0xFF, 0xE7, 0x86, 0x5B, 0xF5, 0x63, 0x3D, 0xC2, 0x05, 0x0D, 0x1C, 0x0C, 0x44, 0x82, 0x0F, 0xFF,
    0xA1, 0x80, 0x85, 0x32, 0x36, 0x18, 0x7C, 0x1C, 0xDE, 0x6C, 0x00, 0xEB, 0x1B, 0xA5, 0x44, 0x78,
    0x9C, 0x63, 0x60, 0x60, 0x60, 0x10, 0xF8, 0xFB, 0xFF, 0xFF, 0x7F, 0x36, 0x06, 0x30, 0xD8, 0x00,
    0x64, 0xFE, 0xF7, 0x87, 0xB0, 0x7F, 0x82, 0xD8, 0xFF, 0x99, 0x40, 0xCC, 0x02, 0x30, 0xF3, 0xBF,
    0x2C, 0x88, 0xFD, 0xE5, 0xFF, 0xFF, 0xF7, 0xBF, 0xFE, 0xFF, 0x3F, 0x0F, 0x64, 0x2A, 0x00, 0xC5,
    0xA4, 0x1C, 0xFE, 0xFD, 0xFF, 0xCF, 0xC9, 0xC0, 0xB0, 0xE0, 0xFF, 0xFF, 0x7C, 0x06, 0x86, 0x8D,
    0xFF, 0xFF, 0xEB, 0x03, 0x25, 0x7E, 0xDF, 0x07, 0x69, 0xFB, 0xFE, 0x9F, 0x05, 0x48, 0x4E, 0xE0,
    0x04, 0xE9, 0x32, 0xB0, 0x61, 0x20, 0x06, 0x7C, 0xF8, 0x0F, 0x05, 0x2C, 0x94, 0xB1, 0xC1, 0xE0,
    0xE3, 0xF0, 0x66, 0x03, 0x00, 0x4E, 0x7F, 0xAE, 0xF1, 0x78, 0x9C, 0x63, 0x60, 0x60, 0xB8, 0xFA,
    0x5E, 0x92, 0x81, 0xC1, 0xE1, 0xCF, 0x3A, 0x46, 0x06, 0x86, 0x82, 0xFF, 0xFF, 0xEF, 0x33, 0x30,
    0x7C, 0xFD, 0xFF, 0x5F, 0x96, 0x81, 0xE1, 0xC3, 0xFF, 0xFF, 0xFF, 0xD9, 0x18, 0xFE, 0xFD, 0xFF,
    0xDF, 0xCF, 0xC0, 0xF0, 0x19, 0xC8, 0xE6, 0x52, 0x00, 0x12, 0xFB, 0x19, 0x18, 0xBE, 0xC0, 0xD8,
    0xE7, 0x51, 0xD5, 0xC0, 0xF5, 0xCA, 0x31, 0xA0, 0x98, 0x49, 0x1A, 0x00, 0x99, 0x08, 0x06, 0x2C,
    0x94, 0xB1, 0xC1, 0xE0, 0xE3, 0xF0, 0x66, 0x03, 0x00, 0xBA, 0xC6, 0xB3, 0x83, 0x78, 0x9C, 0x4D,
    0x51, 0x4B, 0x4E, 0x02, 0x41, 0x10, 0x2D, 0x35, 0x84, 0xF1, 0x13, 0x9C, 0x8D, 0x3B, 0x12, 0x59,
    0xA9, 0xC1, 0xC4, 0x39, 0x80, 0x0B, 0xE7, 0x00, 0x26, 0xC3, 0x05, 0x4C, 0x38, 0x01, 0x73, 0x03,
    0xE0, 0x06, 0x92, 0xC0, 0x5E, 0x6F, 0x80, 0x27, 0x18, 0xE3, 0x09, 0x70, 0xCB, 0xCA, 0x18, 0x13,
    0x57, 0x26, 0xA8, 0x80, 0x38, 0x08, 0x94, 0xEF, 0xD5, 0x34, 0x9F, 0x4A, 0xFA, 0xF5, 0x7B, 0xE9,
    0xAA, 0x57, 0xD5, 0xDD, 0x22, 0x52, 0xBD, 0x14, 0x46, 0xC9, 0xF0, 0x5B, 0xCB, 0xE4, 0x53, 0x8F,
    0x62, 0xA6, 0xEA, 0x89, 0x9F, 0x6A, 0x00, 0xDE, 0x54, 0xD5, 0xC1, 0x51, 0xAA, 0xDA, 0x85, 0x78,
    0x56, 0x17, 0xD7, 0x4C, 0x7B, 0xCF, 0xF8, 0x8D, 0x19, 0xC8, 0xEF, 0x06, 0xF7, 0x4D, 0x5C, 0x6C,
    0x70, 0x1D, 0x6C, 0x51, 0x4C, 0xC0, 0x16, 0x58, 0x07, 0xE0, 0x15, 0xEC, 0x35, 0xC2, 0x6D, 0xD6,
    0xB3, 0x26, 0xF2, 0x03, 0xB5, 0x03, 0x31, 0xAC, 0x03, 0xEE, 0x5D, 0x5E, 0x68, 0x36, 0xA8, 0x8A,
    0xB8, 0x87, 0xFD, 0x45, 0x92, 0x43, 0xDE, 0x23, 0xF9, 0x1C, 0x29, 0xBD, 0x37, 0xC0, 0xB6, 0xEB,
    0xAF, 0x09, 0x56, 0xDE, 0x4A, 0x5D, 0xEC, 0x5B, 0x4F, 0x17, 0x87, 0xFE, 0x9A, 0x6B, 0xD0, 0x02,
    0xBC, 0x9C, 0xF8, 0x6D, 0x8A, 0xE8, 0x13, 0xB0, 0x0B, 0x4F, 0xBA, 0xC5, 0x23, 0x1C, 0xD8, 0xDB,
    0xA0, 0x6B, 0x8C, 0xFA, 0xD8, 0x46, 0x40, 0xD7, 0x06, 0xBA, 0x04, 0x26, 0xC6, 0x10, 0x53, 0xD5,
    0xE3, 0xE5, 0x49, 0x9C, 0x2E, 0x05, 0xF2, 0x23, 0xAC, 0x2B, 0x13, 0x48, 0x09, 0xC6, 0xEE, 0x8A,
    0xBC, 0x43, 0xE1, 0x0B, 0xFE, 0x7C, 0x8A, 0x2A, 0xF6, 0xBD, 0x07, 0x40, 0x11, 0x62, 0xC4, 0x7B,
    0x87, 0x7C, 0xA5, 0x53, 0xE1, 0x38, 0x3D, 0x91, 0xBF, 0xD5, 0x9C, 0x30, 0x7A, 0x5D, 0x09, 0x2F,
    0x1B, 0xCA, 0xE2, 0x8E, 0x9E, 0x4F, 0x4E, 0xE4, 0x65, 0xFD, 0x25, 0xE7, 0xD9, 0x2F, 0x48, 0xE7,
    0x43, 0x93, 0x33, 0x92, 0x7F, 0x15, 0x6A, 0x11, 0xCB, 0x78, 0x9C, 0x63, 0x60, 0x60, 0x60, 0x10,
    0x60, 0x80, 0x83, 0xEB, 0xFF, 0xE7, 0x33, 0x32, 0x38, 0x74, 0xA6, 0x33, 0x32, 0x30, 0x1C, 0xF8,
    0xFF, 0xFF, 0x7F, 0x1C, 0xC3, 0x84, 0xFF, 0xFF, 0x99, 0x18, 0x18, 0x7E, 0x02, 0xD9, 0xFF, 0x25,
    0x3F, 0xFF, 0xFF, 0xCF, 0xC8, 0x20, 0xF0, 0x1F, 0x0A, 0xEE, 0x33, 0x30, 0x24, 0xC0, 0xD8, 0xFD,
    0x0C, 0x20, 0x85, 0x1C, 0x97, 0x41, 0x6C, 0x39, 0x06, 0x86, 0x0D, 0xFF, 0xFF, 0x33, 0x30, 0xFC,
    0x02, 0xB2, 0x59, 0x18, 0x18, 0x0C, 0x52, 0xCB, 0x19, 0x18, 0x1C, 0x7E, 0xDF, 0x97, 0x64, 0x20,
    0x19, 0x7C, 0xFB, 0xFF, 0x9F, 0x8B, 0x41, 0x60, 0xFB, 0xBF, 0xFB, 0x5E, 0x60, 0x36, 0x0F, 0xC3,
    0x0F, 0x90, 0xF9, 0x32, 0x20, 0x36, 0xFF, 0x25, 0xA8, 0x1B, 0x80, 0xEC, 0x7C, 0xA8, 0x23, 0x38,
    0xBE, 0xFD, 0x87, 0x03, 0x79, 0x24, 0x76, 0x3E, 0x98, 0x1D, 0xCB, 0x78, 0x18, 0x48, 0xAE, 0x07,
    0xB1, 0xCF, 0x03, 0xCD, 0xFE, 0x07, 0xD4, 0xFC, 0x0D, 0xE2, 0x5A, 0x90, 0xEF, 0xDE, 0x83, 0xD8,
    0xCC, 0x10, 0x3B, 0xFF, 0x83, 0x30, 0xC8, 0xFE, 0xAF, 0x43, 0x88, 0x0D, 0x00, 0x1A, 0x02, 0x06,
    0xC7, 0x78, 0x9C, 0x63, 0x60, 0x60, 0x60, 0x98, 0xC2, 0x80, 0x00, 0x0E, 0xFF, 0xD9, 0x11, 0x9C,
    0x2F, 0xFF, 0xFD, 0x91, 0x24, 0xFE, 0xFF, 0x67, 0x42, 0x48, 0xFC, 0xFF, 0x2F, 0x8B, 0xCC, 0xD9,
    0x0F, 0xE3, 0x28, 0xFC, 0x03, 0xF2, 0x38, 0x61, 0xBC, 0x8B, 0x40, 0x4E, 0x3E, 0xDC, 0x88, 0xDF,
    0x40, 0x1E, 0x0B, 0x8C, 0xB3, 0x00, 0xC8, 0xE1, 0x82, 0x4B, 0xFD, 0x40, 0x98, 0xC0, 0xC0, 0x90,
    0xF0, 0x9F, 0x1B, 0xC9, 0x45, 0x5B, 0x18, 0x48, 0x05, 0x45, 0xB7, 0xFF, 0xEF, 0x55, 0x87, 0xB2,
    0x37, 0xFF, 0x07, 0x01, 0x6B, 0x30, 0x7B, 0xC2, 0x7F, 0x08, 0x00, 0x3B, 0xEF, 0x0F, 0x94, 0x73,
    0x1E, 0xC8, 0xDE, 0xF0, 0x1F, 0x06, 0xB8, 0x41, 0x4E, 0x81, 0x81, 0x7A, 0x06, 0x01, 0x10, 0x65,
    0xC5, 0xB0, 0x18, 0x44, 0x31, 0x82, 0xB4, 0xF7, 0x33, 0x40, 0x14, 0x70, 0x7E, 0x00, 0x12, 0xBC,
    0x40, 0xCE, 0x05, 0x20, 0xCD, 0x07, 0x0A, 0x01, 0x36, 0xB0, 0xC3, 0xFF, 0xFF, 0xB7, 0xFF, 0x0E,
    0x0D, 0x28, 0x05, 0x90, 0x09, 0x3F, 0x81, 0x04, 0xD8, 0x6E, 0x20, 0x3D, 0xFF, 0xD7, 0xFF, 0xFF,
    0xEF, 0xC1, 0x1C, 0x60, 0x18, 0xAD, 0x47, 0xE1, 0xA0, 0x28, 0x43, 0x31, 0x00, 0xC5, 0x68, 0x64,
    0x4B, 0xF9, 0x51, 0x9C, 0x83, 0xE2, 0x50, 0x14, 0x2F, 0xA0, 0x7A, 0x0E, 0xC5, 0xDB, 0xA8, 0x01,
    0x82, 0x12, 0x54, 0x48, 0x81, 0x08, 0x00, 0x3F, 0x22, 0xEE, 0x4D, 0x78, 0x9C, 0x63, 0x60, 0x80,
    0x00, 0x2F, 0x06, 0x04, 0x28, 0xF8, 0xCF, 0x82, 0xE0, 0x7C, 0xFD, 0xEF, 0x0F, 0x67, 0x2B, 0xFC,
    0xFF, 0x8F, 0x90, 0xBA, 0x08, 0xE4, 0xC0, 0xA5, 0xFE, 0x20, 0x71, 0x26, 0x00, 0xD9, 0xEF, 0x99,
    0xA0, 0x9C, 0x6F, 0x40, 0x8E, 0x2C, 0x94, 0xED, 0x00, 0x64, 0xEF, 0x87, 0xE9, 0x58, 0x00, 0xE4,
    0x70, 0xC1, 0x4D, 0xFE, 0xFD, 0xBF, 0x1F, 0x61, 0xE5, 0x86, 0xFF, 0x6C, 0x48, 0xAE, 0xF1, 0x66,
    0x20, 0x15, 0x14, 0xDD, 0xFE, 0xBF, 0x57, 0x1D, 0xCA, 0xDE, 0xFC, 0x1F, 0x04, 0xAC, 0xE1, 0x0E,
    0x03, 0x01, 0x4E, 0x98, 0x8B, 0x41, 0xE0, 0x3C, 0xD8, 0x42, 0x18, 0xE0, 0x66, 0x60, 0xF8, 0x01,
    0xE7, 0xD4, 0x33, 0x08, 0x80, 0x28, 0x2B, 0x86, 0xC5, 0x20, 0x8A, 0x11, 0xA4, 0x1D, 0xE4, 0x4A,
    0x90, 0x02, 0xCE, 0x0F, 0x40, 0x82, 0x17, 0xC8, 0xB9, 0x00, 0xA4, 0xF9, 0xBE, 0x00, 0x09, 0x90,
    0x93, 0x13, 0x80, 0xB4, 0xFD, 0x77, 0x20, 0xC1, 0x04, 0x0D, 0xAC, 0xFA, 0x9F, 0x40, 0x02, 0x6C,
    0x37, 0x90, 0x9E, 0xFF, 0x0B, 0x18, 0x2E, 0x60, 0xCE, 0xBF, 0xFF, 0xFF, 0xD7, 0xA3, 0x70, 0x50,
    0x94, 0xA1, 0x18, 0x80, 0x62, 0x34, 0xB2, 0xA5, 0xFC, 0x28, 0xCE, 0x41, 0x71, 0x28, 0x8A, 0x17,
    0x50, 0x3D, 0x87, 0xE2, 0x6D, 0xD4, 0x00, 0x41, 0x09, 0x2A, 0xA4, 0x40, 0x04, 0x00, 0xB0, 0x3C,
    0xED, 0x9C, 0x78, 0x9C, 0x8D, 0x90, 0x3D, 0x0A, 0x02, 0x41, 0x0C, 0x85, 0xB3, 0x0A, 0xE2, 0xE2,
    0xDF, 0xD6, 0x56, 0x76, 0x56, 0x82, 0xB5, 0x16, 0x1E, 0x45, 0x0F, 0x60, 0xE5, 0x05, 0xD6, 0x1B,
    0xE8, 0x0D, 0x44, 0x3C, 0xC0, 0x0A, 0xD6, 0x82, 0x95, 0x95, 0xA0, 0xD8, 0x7A, 0x88, 0x15, 0x54,
    0xFC, 0x41, 0x36, 0xBE, 0x64, 0x56, 0xD9, 0x74, 0x06, 0x26, 0xC9, 0x07, 0x33, 0x6F, 0xF2, 0x42,
    0x44, 0x74, 0x61, 0xE6, 0x1E, 0xB9, 0x08, 0x12, 0x40, 0xEC, 0x39, 0xD8, 0xB0, 0x44, 0xD9, 0xC1,
    0x4B, 0x21, 0xD2, 0x7E, 0x8C, 0x6E, 0x87, 0x53, 0x14, 0xB8, 0x31, 0x87, 0x74, 0x67, 0xEE, 0x0B,
    0x24, 0x1C, 0xE7, 0xA9, 0x8D, 0x2C, 0x70, 0xE4, 0x3A, 0xF2, 0x9C, 0x5B, 0xAA, 0x3C, 0xD4, 0xA7,
    0xDB, 0x54, 0xFB, 0xCF, 0x18, 0x9D, 0x78, 0xDD, 0x4C, 0xFB, 0x95, 0x4E, 0xD0, 0xD5, 0x7E, 0xCA,
    0x2E, 0x7C, 0x81, 0x77, 0x0A, 0x7B, 0xF4, 0x4B, 0xFE, 0x46, 0x89, 0xE8, 0xF1, 0x83, 0x90, 0x02,
    0x29, 0x1D, 0x5A, 0x48, 0xF1, 0xE4, 0xF9, 0x84, 0xDC, 0x05, 0xFF, 0x8C, 0x54, 0x01, 0x1C, 0x50,
    0xAB, 0x57, 0xA4, 0x02, 0x60, 0x20, 0x4B, 0x81, 0x2B, 0xCE, 0x01, 0x1A, 0xA2, 0xF0, 0x44, 0xD2,
    0xBF, 0x51, 0x67, 0xD8, 0x86, 0x5A, 0x84, 0x61, 0x8E, 0x0C, 0x98, 0x6B, 0x46, 0xC0, 0x48, 0x67,
    0x3F, 0xAD, 0x99, 0x71, 0xCC, 0xA0, 0xC6, 0x82, 0x35, 0x67, 0x6C, 0xDB, 0x85, 0x98, 0x55, 0x65,
    0x96, 0xF8, 0x01, 0xE0, 0x4D, 0xF8, 0x0B, 0x78, 0x9C, 0x9D, 0x90, 0x3F, 0x0E, 0x01, 0x61, 0x10,
    0xC5, 0xDF, 0xFA, 0x1B, 0x11, 0xEC, 0x11, 0xB6, 0xD3, 0x38, 0x01, 0x85, 0x23, 0x70, 0x04, 0x8D,
    0x5E, 0x34, 0xCA, 0x2D, 0x45, 0x65, 0x6F, 0xA0, 0x70, 0x00, 0x84, 0x56, 0x1C, 0x01, 0xB5, 0x1B,
    0x68, 0x56, 0x41, 0xFC, 0x09, 0x9E, 0xD9, 0x6F, 0x77, 0xD9, 0x69, 0x4D, 0xF1, 0xCD, 0xFC, 0xF2,
    0x4D, 0x66, 0xDE, 0x1B, 0x00, 0xB0, 0xF1, 0x8B, 0x15, 0x37, 0x69, 0xD8, 0xA3, 0x41, 0x5A, 0x6A,
    0x8F, 0xE4, 0x18, 0x6D, 0x32, 0x27, 0x70, 0x11, 0x60, 0x6D, 0x4F, 0x66, 0x05, 0x5E, 0x8C, 0xC2,
    0x02, 0x9C, 0xB8, 0xDE, 0xCA, 0x87, 0x34, 0x17, 0x17, 0x01, 0xB4, 0x04, 0x7A, 0x64, 0x06, 0x57,
    0x81, 0xBC, 0x80, 0xD3, 0x1D, 0x5A, 0x70, 0x8E, 0x7E, 0x1D, 0xFF, 0x47, 0xFF, 0xC0, 0x75, 0x35,
    0xAA, 0x97, 0x66, 0x67, 0xC3, 0xD4, 0x5E, 0xA4, 0xA0, 0x10, 0xC0, 0x33, 0x21, 0x67, 0x1E, 0x6B,
    0x63, 0x11, 0xB8, 0x7D, 0xC1, 0x85, 0x1D, 0xA4, 0x3A, 0xA6, 0xC6, 0x43, 0xE8, 0x33, 0x6C, 0x28,
    0x9C, 0xE4, 0x29, 0x09, 0xEC, 0x24, 0x97, 0xCF, 0x0C, 0xCD, 0x77, 0x24, 0x37, 0x03, 0x27, 0x29,
    0x84, 0x86, 0xDD, 0xBB, 0x3C, 0x66, 0xB7, 0xE4, 0xC9, 0x83, 0xF4, 0x0D, 0xBC, 0xC9, 0x99, 0x02,
    0xD5, 0xA6, 0x06, 0xA8, 0xD1, 0xC9, 0xA5, 0x15, 0x25, 0x47, 0x09, 0x55, 0x16, 0xB4, 0x39, 0x65,
    0x5B, 0x1F, 0x44, 0x9D, 0x2A, 0x71, 0xC4, 0x0F, 0x13, 0x80, 0xFE, 0x34, 0x78, 0x9C, 0x9D, 0x50,
    0x4B, 0x0E, 0x01, 0x51, 0x10, 0x2C, 0x22, 0x98, 0x88, 0xCF, 0x11, 0xEC, 0x2C, 0xED, 0x59, 0x70,
    0x14, 0x37, 0x20, 0xF6, 0xC2, 0x0D, 0xCC, 0x0D, 0x2C, 0x1C, 0x80, 0xC4, 0x5A, 0x1C, 0x81, 0x9D,
    0x85, 0x43, 0x8C, 0x88, 0xF8, 0x47, 0xA9, 0x37, 0x33, 0x26, 0xD3, 0x96, 0x7A, 0x51, 0x9F, 0xA4,
    0x5F, 0xF5, 0xEB, 0x06, 0x26, 0xEF, 0x11, 0x80, 0x7D, 0x50, 0x14, 0xE2, 0x49, 0x7A, 0xF0, 0xC9,
    0x8D, 0x74, 0x97, 0x64, 0x13, 0x27, 0x61, 0x0E, 0x18, 0x88, 0xFA, 0xB8, 0x08, 0x0B, 0xC0, 0x24,
    0x31, 0xC5, 0x9F, 0x36, 0x13, 0x60, 0xA3, 0xFF, 0xAB, 0xE1, 0x81, 0xEB, 0x46, 0xAC, 0x57, 0x74,
    0xD5, 0x0E, 0xB5, 0xCF, 0xA8, 0x3C, 0x67, 0x5E, 0xB1, 0xD9, 0x4A, 0x2F, 0xF9, 0xAD, 0x12, 0x70,
    0x4B, 0xCC, 0x18, 0x35, 0x47, 0x2D, 0xCC, 0x1D, 0x65, 0xDC, 0xF3, 0x29, 0xA2, 0x06, 0xEF, 0x28,
    0x28, 0xCB, 0xEC, 0xC4, 0x95, 0xB3, 0x20, 0x2F, 0xD3, 0x13, 0x77, 0xAE, 0x82, 0xAC, 0x4C, 0xDD,
    0x25, 0xDC, 0x05, 0xE1, 0x6C, 0xF1, 0xEC, 0x41, 0x06, 0xA1, 0x79, 0x93, 0x0B, 0x63, 0x4C, 0x9B,
    0x09, 0x30, 0xD1, 0xE9, 0xA1, 0x55, 0xF3, 0x1D, 0xF3, 0x51, 0xB3, 0x82, 0x5D, 0xCE, 0xAC, 0x6D,
    0x0F, 0x62, 0x4E, 0x95, 0x3A, 0xE2, 0x07, 0x30, 0xF3, 0xFC, 0x07, 0x78, 0x9C, 0x63, 0x60, 0x60,
    0x60, 0x30, 0xF8, 0xBD, 0x9F, 0x99, 0x01, 0x0A, 0x3E, 0xFF, 0xFF, 0x6F, 0x0F, 0x63, 0xFF, 0xF9,
    0xFF, 0xFF, 0x3C, 0x8C, 0xFD, 0x1F, 0x08, 0xB0, 0xB1, 0x91, 0xD5, 0x20, 0xEB, 0x45, 0x36, 0x93,
    0x10, 0xF8, 0xF1, 0x1F, 0x0E, 0xFA, 0x29, 0x61, 0x13, 0x6B, 0x1F, 0x2D, 0xFD, 0x0B, 0x00, 0x63,
    0xF1, 0x78, 0x77, 0x78, 0x9C, 0x4D, 0x50, 0x4D, 0x0E, 0xC1, 0x60, 0x14, 0x9C, 0x5A, 0xA0, 0xF1,
    0x7B, 0x81, 0x26, 0x76, 0x2C, 0x6D, 0xC5, 0xC2, 0x05, 0x24, 0xAE, 0xE0, 0x08, 0xE2, 0x02, 0x24,
    0x0E, 0xC0, 0x0D, 0x2A, 0x71, 0x00, 0x12, 0x6B, 0x56, 0xF6, 0xB5, 0xB7, 0x61, 0x2F, 0x21, 0xA1,
    0xA9, 0x36, 0xE5, 0x79, 0xF3, 0x55, 0x1B, 0xB3, 0x78, 0x3F, 0xF9, 0xDE, 0x9B, 0x37, 0xF3, 0x01,
    0x29, 0xDA, 0x45, 0x93, 0xC6, 0x27, 0xD9, 0xB7, 0x70, 0x59, 0xB3, 0xDE, 0x0A, 0xD1, 0x7F, 0x4B,
    0x09, 0x58, 0x48, 0x8A, 0x1C, 0x10, 0xA7, 0xF5, 0x00, 0xD8, 0x64, 0x0F, 0x65, 0xE0, 0x95, 0x35,
    0x13, 0xD4, 0x99, 0xBA, 0x58, 0x31, 0x59, 0x5C, 0x77, 0x81, 0x23, 0x1B, 0xFB, 0xAE, 0xA1, 0x02,
    0x44, 0x6C, 0xAA, 0x4F, 0x0D, 0x05, 0x4C, 0xCD, 0x52, 0x2F, 0x30, 0xFC, 0xBE, 0xB8, 0x64, 0x08,
    0x35, 0xA0, 0xAD, 0xF3, 0x9A, 0xE7, 0x3A, 0x7C, 0xC3, 0x45, 0x3C, 0x7C, 0x94, 0x28, 0x64, 0x13,
    0x8B, 0x03, 0x7D, 0x59, 0xF3, 0xE6, 0x92, 0x6B, 0x3C, 0x41, 0x82, 0x48, 0x65, 0x35, 0x48, 0xF0,
    0x30, 0xA4, 0x79, 0x8C, 0x48, 0xCD, 0xA3, 0x94, 0x70, 0xD6, 0x54, 0x33, 0x6E, 0xD4, 0x15, 0x4F,
    0xD8, 0x46, 0x68, 0x27, 0x71, 0x6B, 0x21, 0xF8, 0xB3, 0x90, 0xE8, 0x95, 0xDF, 0xB0, 0x9F, 0xD6,
    0x1E, 0x28, 0xEB, 0x07, 0x1B, 0x58, 0x8A, 0x77, 0x90, 0xC4, 0xAD, 0x22, 0x74, 0x30, 0xBB, 0xCA,
    0xAE, 0x69, 0xBE, 0x73, 0x98, 0xCB, 0x3E, 0x18, 0x5F, 0x1F, 0x3E, 0xED, 0x22, 0x78, 0x9C, 0x63,
    0x60, 0x60, 0x48, 0x60, 0x67, 0x80, 0x83, 0x6F, 0xF1, 0x70, 0x66, 0xC2, 0xFF, 0xFF, 0xCC, 0x70,
    0xE1, 0xFF, 0xFF, 0xE5, 0x10, 0xC2, 0xFF, 0xCF, 0x23, 0xB1, 0xFF, 0x73, 0x42, 0x39, 0x5F, 0x80,
    0xEC, 0x7C, 0x28, 0xDB, 0xE0, 0x1F, 0x90, 0xC3, 0x02, 0xE5, 0x5C, 0x04, 0xB2, 0xF5, 0xA0, 0x6C,
    0x81, 0x3F, 0xFF, 0xFF, 0xD7, 0xC3, 0x4C, 0x5D, 0x80, 0xD0, 0xCC, 0xC0, 0xF0, 0x63, 0x3E, 0xC2,
    0x15, 0x05, 0x08, 0x61, 0x42, 0xE0, 0x1F, 0xC4, 0x3C, 0x01, 0xA0, 0x1D, 0xFE, 0x43, 0x91, 0xFD,
    0xF7, 0xFF, 0xFF, 0x7E, 0x20, 0xBB, 0x01, 0xCA, 0xDE, 0x0F, 0x64, 0x7F, 0x02, 0xB1, 0x7F, 0x03,
    0x09, 0x46, 0x06, 0x81, 0xBF, 0x20, 0xF6, 0x0F, 0x20, 0xE1, 0x23, 0x70, 0x15, 0x14, 0xD8, 0xFE,
    0xA0, 0x50, 0x86, 0x02, 0xFF, 0x07, 0x50, 0x06, 0xD0, 0x3C, 0xFF, 0x04, 0x08, 0x73, 0xFF, 0x67,
    0x20, 0x9B, 0xE1, 0x37, 0x98, 0xCD, 0xF5, 0x01, 0xC4, 0xDE, 0xF0, 0x1F, 0x1C, 0x2F, 0x17, 0x40,
    0x6C, 0x86, 0x29, 0x7F, 0xDF, 0x57, 0x33, 0x82, 0xC3, 0x0D, 0x00, 0xD5, 0xAF, 0xE8, 0x34, 0x78,
    0x9C, 0x63, 0x60, 0x00, 0x83, 0x0D, 0x4C, 0x0C, 0x70, 0xF0, 0x4B, 0x0F, 0xCE, 0x2C, 0xF8, 0xFF,
    0x1E, 0x2E, 0xF1, 0xE5, 0xFF, 0x7F, 0x98, 0x84, 0xC2, 0xFF, 0xFF, 0x70, 0x89, 0x8B, 0x48, 0xEC,
    0xDF, 0x40, 0xB6, 0x0C, 0x84, 0x39, 0x01, 0xC8, 0xDC, 0x0F, 0x55, 0xFE, 0x0D, 0xC8, 0xE6, 0x82,
    0xB2, 0xFF, 0xFC, 0xFF, 0xDF, 0x0F, 0x33, 0x11, 0xA8, 0x95, 0x0D, 0xC6, 0x16, 0xF8, 0xEB, 0x8F,
    0x70, 0xC1, 0x41, 0x66, 0x06, 0x62, 0xC1, 0xBF, 0xFF, 0xFF, 0xEB, 0x41, 0xDA, 0x81, 0x56, 0xF8,
    0x0F, 0x45, 0xF6, 0x5F, 0x48, 0x78, 0x34, 0x40, 0xD9, 0xA0, 0x20, 0xFB, 0x04, 0x62, 0x83, 0x82,
    0x92, 0x11, 0x18, 0x2A, 0x20, 0xF6, 0x0F, 0x20, 0xE1, 0x23, 0x70, 0xF5, 0x3F, 0x88, 0xFD, 0xE5,
    0x3F, 0x1C, 0xF8, 0x3F, 0x80, 0x32, 0x80, 0xE6, 0xF9, 0x27, 0x40, 0x98, 0xFB, 0x3F, 0x03, 0xD9,
    0xE0, 0x78, 0x00, 0x06, 0xF9, 0x07, 0x10, 0x7B, 0x03, 0x88, 0x99, 0xCF, 0x70, 0x01, 0xC4, 0x66,
    0x98, 0xF2, 0xF7, 0x7D, 0x35, 0x23, 0x38, 0xDC, 0x00, 0x43, 0x48, 0xE8, 0xAB, 0x78, 0x9C, 0xD5,
    0xD1, 0xBB, 0x0D, 0xC2, 0x40, 0x10, 0x04, 0xD0, 0xB1, 0x40, 0x08, 0x61, 0x02, 0x17, 0x42, 0x40,
    0x21, 0x48, 0x47, 0x07, 0xD0, 0x01, 0x05, 0x10, 0xE0, 0x0E, 0x4C, 0x40, 0x1F, 0xD0, 0x81, 0x11,
    0x0D, 0x40, 0x42, 0x4E, 0x42, 0x6C, 0x7E, 0x01, 0xC2, 0x9C, 0x97, 0x99, 0xB3, 0x45, 0x4C, 0xCA,
    0x04, 0xAB, 0xA7, 0x95, 0x76, 0x4F, 0xDA, 0x03, 0x30, 0x36, 0xB3, 0x22, 0x42, 0xC8, 0x9D, 0xB6,
    0x7E, 0x60, 0x52, 0xC9, 0xEB, 0xE0, 0xAD, 0x85, 0x74, 0xE5, 0x17, 0x9B, 0xDE, 0x6C, 0x42, 0xA6,
    0xEC, 0x75, 0x96, 0x2C, 0x2D, 0xE0, 0x6A, 0x36, 0x00, 0xCE, 0x66, 0x31, 0x30, 0xAC, 0x32, 0x2D,
    0x78, 0xEF, 0xB5, 0x75, 0xD7, 0xD6, 0x54, 0x1A, 0xE3, 0xA7, 0xF0, 0xD1, 0x85, 0x66, 0xB9, 0xD4,
    0xFD, 0xA3, 0x79, 0x99, 0xAC, 0xB9, 0x8C, 0x9C, 0xD3, 0x37, 0xB9, 0x64, 0x89, 0x90, 0x78, 0xF9,
    0xC9, 0x32, 0x4A, 0x8E, 0xBA, 0xA8, 0x7B, 0xD8, 0x37, 0xEE, 0xD4, 0x80, 0xFB, 0xDC, 0xB4, 0x66,
    0xCE, 0x0F, 0x71, 0x28, 0x83, 0x7B, 0x17, 0x79, 0x23, 0xCE, 0x70, 0x90, 0xB1, 0xF2, 0xC5, 0xBC,
    0xFE, 0xB9, 0x0F, 0x23, 0xE3, 0xF2, 0x63, 0x78, 0x9C, 0x63, 0x10, 0x78, 0x79, 0x9F, 0x95, 0x81,
    0xA1, 0xE1, 0x5F, 0x2E, 0x03, 0x03, 0xC3, 0x85, 0xFF, 0xFF, 0xEB, 0x19, 0x18, 0xFE, 0xFC, 0xFF,
    0xCF, 0xC1, 0xC0, 0xF0, 0xED, 0xFF, 0xFF, 0xFF, 0x0C, 0x01, 0x40, 0x42, 0x9E, 0x81, 0xE1, 0x17,
    0x90, 0x62, 0x6E, 0x00, 0x12, 0xF1, 0x10, 0x36, 0xCB, 0x04, 0x08, 0x1B, 0x59, 0x0D, 0xB2, 0x5E,
    0x64, 0x33, 0x49, 0x04, 0xFF, 0xC0, 0xC6, 0x30, 0x08, 0x00, 0x0D, 0xF5, 0x1F, 0x8A, 0xEC, 0xBF,
    0xFF, 0xFF, 0xF7, 0x03, 0xD9, 0x0D, 0x50, 0xF6, 0x7E, 0x20, 0xFB, 0x13, 0x88, 0xFD, 0x1B, 0x48,
    0x30, 0x32, 0x08, 0xFC, 0x05, 0xB1, 0x7F, 0x00, 0x09, 0x1F, 0x81, 0xAB, 0xFF, 0x41, 0xEC, 0x2F,
    0xFF, 0xE1, 0xC0, 0xFF, 0x01, 0x94, 0x01, 0x34, 0xCF, 0x3F, 0x01, 0xC2, 0xDC, 0xFF, 0x19, 0xC8,
    0x66, 0xF8, 0x0D, 0x66, 0x73, 0x7D, 0x00, 0xB1, 0x37, 0x80, 0x98, 0xF9, 0xA0, 0xE0, 0xF6, 0x67,
    0x60, 0x98, 0xF2, 0xF7, 0x7D, 0x35, 0x23, 0x38, 0xDC, 0x00, 0xD4, 0xE8, 0xF6, 0x52, 0x78, 0x9C,
    0x8D, 0x92, 0xCD, 0x71, 0x02, 0x31, 0x0C, 0x85, 0x45, 0xF8, 0x1B, 0x7E, 0xC2, 0xD0, 0x00, 0x03,
    0x1D, 0x50, 0x42, 0x48, 0x05, 0xD0, 0x01, 0xDB, 0x01, 0x74, 0x40, 0x4A, 0xA0, 0x00, 0x66, 0x28,
    0x21, 0xB9, 0x70, 0x86, 0x0E, 0x48, 0x07, 0x30, 0x34, 0xB0, 0x49, 0x58, 0x48, 0x20, 0xC3, 0xBE,
    0x48, 0xB2, 0xBD, 0x2B, 0x6E, 0xF1, 0x69, 0x3F, 0xDB, 0x7A, 0xEF, 0x59, 0x5A, 0x22, 0xB7, 0x06,
    0x75, 0x32, 0xEB, 0xF0, 0x6A, 0xE9, 0x06, 0x73, 0xF8, 0x06, 0x98, 0xC3, 0x1F, 0x20, 0x3F, 0x1C,
    0x31, 0xA0, 0x16, 0xE8, 0xC8, 0x30, 0x0B, 0xD0, 0x4E, 0x99, 0xCA, 0x81, 0x36, 0x0C, 0x43, 0x32,
    0x17, 0xE3, 0x07, 0x32, 0x22, 0x1D, 0xE3, 0x7D, 0x5A, 0xDB, 0x24, 0xD1, 0x5D, 0xCA, 0xFF, 0x2C,
    0x49, 0x51, 0xD0, 0xAF, 0x0B, 0x30, 0x16, 0xE3, 0x8A, 0x12, 0xE7, 0x69, 0x49, 0xDE, 0xA6, 0xC0,
    0x40, 0x73, 0xF3, 0xD6, 0x93, 0xD0, 0x9C, 0xA9, 0x48, 0xDF, 0xC0, 0x52, 0x68, 0x0F, 0x6C, 0x89,
    0x3E, 0x39, 0xA3, 0x50, 0x02, 0x4C, 0xDC, 0x8D, 0xB2, 0x93, 0xEC, 0x12, 0xF5, 0x98, 0x1A, 0x4E,
    0x52, 0xE2, 0xFD, 0xEA, 0xA6, 0x48, 0x96, 0x5C, 0xC1, 0x4C, 0x0B, 0x76, 0x52, 0xFE, 0xAE, 0x32,
    0x7B, 0xDF, 0x98, 0x48, 0x8D, 0x12, 0xBD, 0xEF, 0xEA, 0x6B, 0x22, 0xD9, 0x50, 0x62, 0xFF, 0x16,
    0x77, 0xDE, 0x37, 0x8D, 0xFD, 0x87, 0x3D, 0x9F, 0x41, 0xE5, 0x96, 0x53, 0x9F, 0x4F, 0xFD, 0x63,
    0x7E, 0x58, 0xDF, 0xBF, 0x98, 0xFD, 0x13, 0xFF, 0x2E, 0xE7, 0x9F, 0x86, 0x37, 0xAB, 0x7F, 0xD6,
    0x0F, 0xE7, 0x6F, 0x86, 0x99, 0xDE, 0x4D, 0x45, 0x26, 0xFB, 0x98, 0x11, 0xFB, 0xA3, 0x9A, 0xD1,
    0xC6, 0x88, 0x10, 0x7D, 0x01, 0x66, 0x48, 0x57, 0x2B, 0x12, 0xE5, 0x22, 0xED, 0xC2, 0xF3, 0x35,
    0xFF, 0x07, 0x5E, 0x34, 0xC8, 0xCE, 0xE8, 0xF9, 0xE6, 0xF3, 0xFA, 0x50, 0x0A, 0x91, 0x65, 0x80,
    0xF9, 0x7F, 0x74, 0x96, 0xAA, 0x62, 0xA0, 0x55, 0x1A, 0x2F, 0x4A, 0x01, 0xFE, 0x00, 0x11, 0x11,
    0xE9, 0xE1, 0x78, 0x9C, 0xFB, 0xF6, 0xFF, 0xFF, 0x7F, 0x06, 0x18, 0xF8, 0x46, 0x3F, 0xCE, 0x7B,
    0x64, 0xCE, 0x7D, 0x86, 0x84, 0xD7, 0xEF, 0x7B, 0x98, 0x21, 0x9C, 0xF3, 0x09, 0xFF, 0x80, 0x6A,
    0xD7, 0x33, 0x42, 0x38, 0xBF, 0xFE, 0x83, 0x80, 0x1E, 0xC4, 0x00, 0x08, 0x78, 0xCF, 0x88, 0xC4,
    0xF9, 0xCF, 0x89, 0xCC, 0xB1, 0x87, 0x70, 0x34, 0x05, 0x9E, 0x01, 0xC9, 0xF9, 0x60, 0x8E, 0x3F,
    0x03, 0x83, 0x01, 0x48, 0x0C, 0xCC, 0x61, 0x01, 0x5A, 0xF1, 0x13, 0x48, 0x33, 0xC1, 0x9C, 0xF3,
    0x05, 0x48, 0xB3, 0xC1, 0x38, 0x1F, 0x81, 0x34, 0x07, 0x8C, 0xF3, 0x01, 0x64, 0x36, 0x8C, 0xF3,
    0x00, 0x48, 0x73, 0x61, 0x95, 0xF9, 0x80, 0xAC, 0xE7, 0x33, 0xB2, 0x69, 0x3F, 0x80, 0x34, 0x33,
    0x88, 0xC3, 0x04, 0xE4, 0xFC, 0x03, 0xF9, 0x18, 0xC4, 0x91, 0x65, 0x60, 0x98, 0x00, 0x77, 0xDB,
    0x7B, 0x71, 0x83, 0xDF, 0x40, 0x4A, 0x1F, 0xD9, 0x0B, 0x5C, 0xB8, 0x7C, 0xEA, 0x0F, 0x09, 0xAA,
    0x3F, 0x60, 0x0E, 0x0B, 0x24, 0x74, 0x40, 0x46, 0xFD, 0xD7, 0x86, 0x05, 0xE2, 0xE4, 0xBF, 0xF7,
    0x2D, 0xB1, 0x05, 0x2F, 0xAD, 0xA2, 0x11, 0x00, 0x45, 0xF5, 0x2C, 0xD6, 0x78, 0x9C, 0x9D, 0x91,
    0xCD, 0x51, 0xC3, 0x50, 0x0C, 0x84, 0x65, 0x12, 0x60, 0x42, 0x20, 0x43, 0x07, 0xE4, 0x9C, 0x0B,
    0x74, 0x00, 0x54, 0x10, 0x3A, 0x20, 0x1D, 0x40, 0x07, 0xA1, 0x04, 0x0A, 0x60, 0x26, 0x25, 0x70,
    0xCA, 0x39, 0x3E, 0x70, 0x87, 0x0E, 0x42, 0x07, 0x8F, 0x1F, 0x0F, 0x3F, 0x09, 0x78, 0x91, 0x56,
    0x96, 0x63, 0x5F, 0xD1, 0xC1, 0xF6, 0xE7, 0x79, 0xDA, 0x5D, 0xE9, 0x89, 0xC8, 0x43, 0x1A, 0x89,
    0x9C, 0xAC, 0x17, 0x5B, 0xA2, 0x75, 0x06, 0xA4, 0x4C, 0xDE, 0x81, 0x63, 0xA3, 0x27, 0x00, 0x3D,
    0xF9, 0x01, 0xEE, 0x8D, 0x5E, 0x95, 0xF6, 0x45, 0x1F, 0x29, 0xE8, 0xA0, 0xA6, 0xF6, 0xC9, 0xB6,
    0x4A, 0xDB, 0xE1, 0x7F, 0xA5, 0x5A, 0xC8, 0xF8, 0xF5, 0x0D, 0x5C, 0xE6, 0x4A, 0x3B, 0xA4, 0x12,
    0x18, 0x5C, 0x30, 0x97, 0xDB, 0x6A, 0x08, 0xFD, 0x75, 0x6A, 0x74, 0xAB, 0xD4, 0x91, 0x4F, 0x60,
    0x66, 0xF4, 0x0C, 0x3C, 0x32, 0x34, 0xE3, 0x16, 0xC0, 0x95, 0x9F, 0xD8, 0x76, 0xC9, 0x23, 0x91,
    0xA1, 0x52, 0xDF, 0x25, 0xF7, 0xF4, 0xB5, 0xE6, 0x4F, 0x93, 0xEC, 0x7A, 0xC3, 0x94, 0x0D, 0xCB,
    0x6A, 0xDA, 0x44, 0xC9, 0xA9, 0xD1, 0x84, 0x46, 0x05, 0xCF, 0x7B, 0x7F, 0xCF, 0x24, 0xFB, 0x24,
    0xF5, 0x1F, 0xC8, 0xAF, 0xFB, 0xD0, 0x7F, 0x3C, 0xAC, 0x32, 0x50, 0x6E, 0x76, 0x5D, 0xE5, 0xA3,
    0x7F, 0xCA, 0x63, 0x65, 0xF4, 0x2F, 0xAA, 0xB9, 0xDC, 0xBF, 0x8C, 0x99, 0x7D, 0xDB, 0xB1, 0x0F,
    0xF7, 0xF7, 0xBD, 0x87, 0x3F, 0xC6, 0x35, 0x7D, 0xF1, 0x9A, 0xA2, 0xEC, 0xD2, 0x76, 0x6B, 0xCA,
    0x1B, 0x22, 0x22, 0x6F, 0xC0, 0x62, 0xB3, 0xF0, 0x55, 0x53, 0x64, 0xB2, 0x11, 0x39, 0xCC, 0xCE,
    0x57, 0x88, 0x71, 0xE4, 0x86, 0x41, 0x96, 0x0D, 0xBD, 0x6A, 0xF9, 0x5A, 0x2F, 0xA4, 0x88, 0x6C,
    0x17, 0xE8, 0xEB, 0xB2, 0xFA, 0xB0, 0xAE, 0x4E, 0xD0, 0xBC, 0x4C, 0x77, 0xDD, 0x80, 0x3F, 0x78,
    0x6F, 0xF8, 0x52,
};
const GFXglyph UiDisplayGlyphs[] PROGMEM = {
    { 0, 0, 30, 0, 0, 8, 0 }, // U+0020
    { 10, 35, 30, 10, 34, 123, 8 }, // !
    { 22, 19, 30, 4, 34, 143, 131 }, // "
    { 24, 33, 30, 3, 33, 212, 274 }, // #
    { 24, 43, 30, 3, 38, 207, 486 }, // $
    { 30, 33, 30, 0, 32, 296, 693 }, // %
    { 29, 34, 30, 1, 33, 275, 989 }, // &
    { 10, 19, 30, 10, 34, 79, 1264 }, // '
    { 15, 46, 30, 9, 37, 169, 1343 }, // (
    { 15, 46, 30, 6, 37, 164, 1512 }, // )
    { 24, 24, 30, 3, 29, 178, 1676 }, // *
    { 24, 26, 30, 3, 30, 38, 1854 }, // +
    { 13, 22, 30, 9, 11, 116, 1892 }, // ,
    { 24, 6, 30, 3, 20, 16, 2008 }, // -
    { 12, 12, 30, 9, 11, 55, 2024 }, // .
    { 24, 44, 30, 3, 36, 167, 2079 }, // /
    { 26, 33, 30, 2, 32, 266, 2246 }, // 0
    { 25, 32, 30, 3, 32, 51, 2512 }, // 1
    { 25, 32, 30, 2, 32, 184, 2563 }, // 2
    { 25, 33, 30, 2, 32, 222, 2747 }, // 3
    { 27, 32, 30, 1, 32, 116, 2969 }, // 4
    { 25, 33, 30, 2, 32, 197, 3085 }, // 5
    { 25, 33, 30, 3, 32, 247, 3282 }, // 6
    { 24, 32, 30, 3, 32, 148, 3529 }, // 7
    { 24, 33, 30, 3, 32, 240, 3677 }, // 8
    { 25, 33, 30, 2, 32, 233, 3917 }, // 9
    { 12, 28, 30, 9, 27, 60, 4150 }, // :
    { 13, 38, 30, 9, 27, 155, 4210 }, // ;
    { 21, 30, 30, 5, 32, 118, 4365 }, // <
    { 24, 18, 30, 3, 26, 23, 4483 }, // =
    { 21, 30, 30, 4, 32, 111, 4506 }, // >
    { 21, 35, 30, 4, 34, 189, 4617 }, // ?
    { 27, 39, 30, 1, 32, 310, 4806 }, // @
    { 30, 33, 30, 0, 33, 212, 5116 }, // A
    { 26, 33, 30, 3, 33, 167, 5328 }, // B
    { 27, 34, 30, 2, 33, 210, 5495 }, // C
    { 26, 33, 30, 3, 33, 165, 5705 }, // D
    { 23, 33, 30, 4, 33, 33, 5870 }, // E
    { 22, 33, 30, 5, 33, 31, 5903 }, // F
    { 26, 34, 30, 2, 33, 204, 5934 }, // G
    { 24, 33, 30, 3, 33, 31, 6138 }, // H
    { 24, 33, 30, 3, 33, 32, 6169 }, // I
    { 24, 34, 30, 2, 33, 107, 6201 }, // J
    { 27, 33, 30, 3, 33, 180, 6308 }, // K
    { 23, 33, 30, 5, 33, 24, 6488 }, // L
    { 26, 33, 30, 2, 33, 189, 6512 }, // M
    { 24, 33, 30, 3, 33, 162, 6701 }, // N
    { 28, 34, 30, 1, 33, 209, 6863 }, // O
    { 26, 33, 30, 3, 33, 123, 7072 }, // P
    { 29, 42, 30, 1, 33, 280, 7195 }, // Q
    { 27, 33, 30, 3, 33, 171, 7475 }, // R
    { 26, 34, 30, 2, 33, 236, 7646 }, // S
    { 28, 33, 30, 1, 33, 30, 7882 }, // T
    { 24, 34, 30, 3, 33, 123, 7912 }, // U
    { 30, 33, 30, 0, 33, 249, 8035 }, // V
    { 30, 33, 30, 0, 33, 301, 8284 }, // W
    { 30, 33, 30, 0, 33, 237, 8585 }, // X
    { 30, 33, 30, 0, 33, 184, 8822 }, // Y
    { 26, 33, 30, 2, 33, 68, 9006 }, // Z
    { 15, 43, 30, 10, 35, 25, 9074 }, // [
    { 24, 44, 30, 3, 36, 165, 9099 }, // U+005C
    { 15, 43, 30, 5, 35, 27, 9264 }, // ]
    { 22, 20, 30, 4, 34, 145, 9291 }, // ^
    { 24, 6, 30, 3, -2, 12, 9436 }, // _
    { 13, 13, 30, 6, 41, 73, 9448 }, // `
    { 24, 26, 30, 3, 25, 192, 9521 }, // a
    { 25, 36, 30, 3, 35, 164, 9713 }, // b
    { 25, 26, 30, 3, 25, 175, 9877 }, // c
    { 25, 36, 30, 2, 35, 177, 10052 }, // d
    { 26, 26, 30, 2, 25, 178, 10229 }, // e
    { 26, 36, 30, 4, 36, 99, 10407 }, // f
    { 27, 36, 30, 2, 25, 262, 10506 }, // g
    { 24, 35, 30, 3, 35, 96, 10768 }, // h
    { 20, 38, 30, 3, 38, 76, 10864 }, // i
    { 21, 48, 30, 2, 38, 142, 10940 }, // j
    { 27, 35, 30, 3, 35, 149, 11082 }, // k
    { 26, 36, 30, 2, 35, 90, 11231 }, // l
    { 28, 25, 30, 1, 25, 98, 11321 }, // m
    { 24, 25, 30, 3, 25, 93, 11419 }, // n
    { 26, 26, 30, 2, 25, 142, 11512 }, // o
    { 25, 34, 30, 3, 25, 167, 11654 }, // p
    { 25, 34, 30, 2, 25, 180, 11821 }, // q
    { 23, 25, 30, 5, 25, 90, 12001 }, // r
    { 25, 26, 30, 2, 25, 201, 12091 }, // s
    { 26, 34, 30, 2, 33, 119, 12292 }, // t
    { 24, 26, 30, 3, 25, 98, 12411 }, // u
    { 28, 25, 30, 1, 25, 190, 12509 }, // v
    { 30, 25, 30, 0, 25, 254, 12699 }, // w
    { 28, 25, 30, 1, 25, 184, 12953 }, // x
    { 28, 35, 30, 1, 25, 232, 13137 }, // y
    { 24, 25, 30, 3, 25, 110, 13369 }, // z
    { 20, 43, 30, 5, 35, 172, 13479 }, // {
    { 8, 50, 30, 11, 37, 15, 13651 }, // |
    { 20, 43, 30, 5, 35, 165, 13666 }, // }
    { 26, 11, 30, 2, 22, 99, 13831 }, // ~
    { 0, 0, 30, 0, 0, 8, 13930 }, // U+00A0
    { 10, 34, 30, 10, 25, 124, 13938 }, // U+00A1
    { 23, 35, 30, 4, 33, 163, 14062 }, // U+00A2
    { 25, 32, 30, 3, 32, 157, 14225 }, // U+00A3
    { 28, 29, 30, 1, 31, 204, 14382 }, // U+00A4
    { 28, 32, 30, 1, 32, 180, 14586 }, // U+00A5
    { 8, 50, 30, 11, 37, 22, 14766 }, // U+00A6
    { 24, 39, 30, 3, 35, 271, 14788 }, // U+00A7
    { 20, 8, 30, 5, 37, 56, 15059 }, // U+00A8
    { 30, 33, 30, 0, 33, 301, 15115 }, // U+00A9
    { 16, 18, 30, 7, 36, 124, 15416 }, // U+00AA
    { 26, 23, 30, 2, 24, 141, 15540 }, // U+00AB
    { 24, 16, 30, 3, 20, 25, 15681 }, // U+00AC
    { 24, 6, 30, 3, 20, 16, 15706 }, // U+00AD
    { 20, 20, 30, 5, 36, 167, 15722 }, // U+00AE
    { 16, 5, 30, 7, 34, 15, 15889 }, // U+00AF
    { 16, 15, 30, 7, 35, 82, 15904 }, // U+00B0
    { 24, 28, 30, 3, 28, 35, 15986 }, // U+00B1
    { 17, 21, 30, 6, 39, 127, 16021 }, // U+00B2
    { 17, 21, 30, 6, 39, 148, 16148 }, // U+00B3
    { 13, 13, 30, 11, 41, 75, 16296 }, // U+00B4
    { 27, 35, 30, 3, 25, 141, 16371 }, // U+00B5
    { 25, 37, 30, 2, 33, 99, 16512 }, // U+00B6
    { 12, 12, 30, 9, 23, 55, 16611 }, // U+00B7
    { 11, 13, 30, 9, 1, 79, 16666 }, // U+00B8
    { 17, 20, 30, 8, 38, 43, 16745 }, // U+00B9
    { 18, 18, 30, 6, 36, 109, 16788 }, // U+00BA
    { 25, 23, 30, 3, 24, 147, 16897 }, // U+00BB
    { 30, 33, 30, 0, 33, 213, 17044 }, // U+00BC
    { 30, 33, 30, 0, 33, 221, 17257 }, // U+00BD
    { 29, 32, 30, 1, 32, 268, 17478 }, // U+00BE
    { 21, 34, 30, 5, 25, 175, 17746 }, // U+00BF
    { 30, 45, 30, 0, 45, 272, 17921 }, // U+00C0
    { 30, 45, 30, 0, 45, 274, 18193 }, // U+00C1
    { 30, 42, 30, 0, 42, 266, 18467 }, // U+00C2
    { 30, 43, 30, 0, 43, 284, 18733 }, // U+00C3
    { 30, 42, 30, 0, 42, 265, 19017 }, // U+00C4
    { 30, 45, 30, 0, 45, 257, 19282 }, // U+00C5
    { 31, 33, 30, -1, 33, 158, 19539 }, // U+00C6
    { 27, 45, 30, 2, 33, 266, 19697 }, // U+00C7
    { 23, 45, 30, 4, 45, 101, 19963 }, // U+00C8
    { 23, 45, 30, 4, 45, 95, 20064 }, // U+00C9
    { 23, 42, 30, 4, 42, 102, 20159 }, // U+00CA
    { 23, 42, 30, 4, 42, 86, 20261 }, // U+00CB
    { 24, 45, 30, 3, 45, 95, 20347 }, // U+00CC
    { 24, 45, 30, 3, 45, 93, 20442 }, // U+00CD
    { 24, 42, 30, 3, 42, 97, 20535 }, // U+00CE
    { 24, 42, 30, 3, 42, 89, 20632 }, // U+00CF
    { 29, 33, 30, 0, 33, 174, 20721 }, // U+00D0
    { 24, 43, 30, 3, 43, 234, 20895 }, // U+00D1
    { 28, 46, 30, 1, 45, 261, 21129 }, // U+00D2
    { 28, 46, 30, 1, 45, 262, 21390 }, // U+00D3
    { 28, 43, 30, 1, 42, 261, 21652 }, // U+00D4
    { 28, 44, 30, 1, 43, 275, 21913 }, // U+00D5
    { 28, 43, 30, 1, 42, 259, 22188 }, // U+00D6
    { 22, 22, 30, 4, 27, 142, 22447 }, // U+00D7
    { 29, 38, 30, 0, 35, 286, 22589 }, // U+00D8
    { 24, 46, 30, 3, 45, 178, 22875 }, // U+00D9
    { 24, 46, 30, 3, 45, 178, 23053 }, // U+00DA
    { 24, 43, 30, 3, 42, 177, 23231 }, // U+00DB
    { 24, 43, 30, 3, 42, 173, 23408 }, // U+00DC
    { 30, 45, 30, 0, 45, 242, 23581 }, // U+00DD
    { 26, 33, 30, 3, 33, 119, 23823 }, // U+00DE
    { 26, 37, 30, 3, 36, 238, 23942 }, // U+00DF
    { 24, 42, 30, 3, 41, 248, 24180 }, // U+00E0
    { 24, 42, 30, 3, 41, 241, 24428 }, // U+00E1
    { 24, 38, 30, 3, 37, 259, 24669 }, // U+00E2
    { 24, 39, 30, 3, 38, 261, 24928 }, // U+00E3
    { 24, 38, 30, 3, 37, 241, 25189 }, // U+00E4
    { 24, 40, 30, 3, 39, 249, 25430 }, // U+00E5
    { 30, 26, 30, 0, 25, 240, 25679 }, // U+00E6
    { 25, 37, 30, 3, 25, 224, 25919 }, // U+00E7
    { 26, 42, 30, 2, 41, 237, 26143 }, // U+00E8
    { 26, 42, 30, 2, 41, 238, 26380 }, // U+00E9
    { 26, 38, 30, 2, 37, 248, 26618 }, // U+00EA
    { 26, 38, 30, 2, 37, 231, 26866 }, // U+00EB
    { 19, 41, 30, 3, 41, 90, 27097 }, // U+00EC
    { 23, 41, 30, 3, 41, 92, 27187 }, // U+00ED
    { 24, 37, 30, 3, 37, 106, 27279 }, // U+00EE
    { 24, 37, 30, 3, 37, 84, 27385 }, // U+00EF
    { 26, 38, 30, 2, 37, 284, 27469 }, // U+00F0
    { 24, 38, 30, 3, 38, 168, 27753 }, // U+00F1
    { 26, 42, 30, 2, 41, 202, 27921 }, // U+00F2
    { 26, 42, 30, 2, 41, 199, 28123 }, // U+00F3
    { 26, 38, 30, 2, 37, 213, 28322 }, // U+00F4
    { 26, 39, 30, 2, 38, 213, 28535 }, // U+00F5
    { 26, 38, 30, 2, 37, 191, 28748 }, // U+00F6
    { 24, 28, 30, 3, 31, 56, 28939 }, // U+00F7
    { 26, 28, 30, 2, 26, 218, 28995 }, // U+00F8
    { 24, 42, 30, 3, 41, 162, 29213 }, // U+00F9
    { 24, 42, 30, 3, 41, 158, 29375 }, // U+00FA
    { 24, 38, 30, 3, 37, 170, 29533 }, // U+00FB
    { 24, 38, 30, 3, 37, 151, 29703 }, // U+00FC
    { 28, 51, 30, 1, 41, 292, 29854 }, // U+00FD
    { 25, 44, 30, 3, 35, 170, 30146 }, // U+00FE
    { 28, 47, 30, 1, 37, 279, 30316 }, // U+00FF
};
const UnicodeInterval UiDisplayIntervals[] PROGMEM = {
    { 0x20, 0x7E, 0x0 },
    { 0xA0, 0xFF, 0x5F },
};
const GFXfont UiDisplay PROGMEM = {
    (uint8_t *)UiDisplayBitmaps,
    (GFXglyph *)UiDisplayGlyphs,
    (UnicodeInterval *)UiDisplayIntervals,
    2,
    1,
    63,
    50,
    -14,
};

